chain,time,segment,P_cont,P_disp,phase,n_droplets,n_beyond_ref,lead_x_um,median_L_um
0,0.0,0,13000.0,3000.0,settle,0,0,,
0,0.001,0,13000.0,3000.0,settle,0,0,,
0,0.002,0,13000.0,3000.0,settle,0,0,,
0,0.003,0,13000.0,3000.0,settle,0,0,,
0,0.004,0,13000.0,3000.0,settle,0,0,,
0,0.005,0,13000.0,3000.0,settle,0,0,,
0,0.006,0,13000.0,3000.0,settle,0,0,,
0,0.007,0,13000.0,3000.0,settle,0,0,,
0,0.008,0,13000.0,3000.0,settle,0,0,,
0,0.009,0,13000.0,3000.0,settle,1,0,658.9936077178113,15.036261174827814
0,0.01,0,13000.0,3000.0,settle,1,0,665.663818446254,30.072464141994715
0,0.011,0,13000.0,3000.0,settle,1,0,672.6994061086705,45.10872531682253
0,0.012,0,13000.0,3000.0,settle,1,0,680.2010134149417,60.14492828398943
0,0.013,0,13000.0,3000.0,settle,1,0,689.5896047353745,82.6992909424007
0,0.014,0,13000.0,3000.0,settle,1,0,699.4595412503589,97.73552301339805
0,0.015,0,13000.0,3000.0,settle,1,0,710.5704735835442,120.28985656797886
0,0.016,0,13000.0,3000.0,settle,1,0,723.3525588784273,142.84421922639012
0,0.017,0,13000.0,3000.0,settle,1,0,737.6929756044748,172.91668336838484
0,0.018,0,13000.0,3000.0,settle,1,0,754.275334944663,195.4710460267961
0,0.019,0,13000.0,3000.0,settle,1,0,772.1404580337486,225.54351016879082
0,0.02,0,13000.0,3000.0,settle,1,0,791.4331769408413,248.09784372337162
0,0.021,0,13000.0,3000.0,settle,1,0,811.3165784743614,278.17030786536634
0,0.022,0,13000.0,3000.0,settle,1,0,850.4930344072521,225.54348106496036
0,0.023,0,13000.0,3000.0,settle,1,0,882.8443635824754,202.9891184065491
0,0.024,0,13000.0,3000.0,settle,1,0,913.9652022548447,195.4710460267961
0,0.025,0,13000.0,3000.0,settle,1,0,943.6942536855249,195.4709878191352
0,0.026,0,13000.0,3000.0,settle,1,0,972.4622088532637,195.4710460267961
0,0.027,0,13000.0,3000.0,settle,1,1,1001.530178237354,195.4709878191352
0,0.028,0,13000.0,3000.0,settle,1,1,1030.4925076614418,187.95288633555174
0,0.029,0,13000.0,3000.0,settle,1,1,1060.087149194327,187.95288633555174
0,0.03,0,13000.0,3000.0,measure,2,1,1089.532733957504,93.97647227160633
0,0.031,0,13000.0,3000.0,measure,2,1,1118.491429851615,101.49457375518978
0,0.032,0,13000.0,3000.0,measure,2,1,1147.8919587615464,109.01267523877323
0,0.033,0,13000.0,3000.0,measure,2,1,1176.9601475680247,116.53080582618713
0,0.034,0,13000.0,3000.0,measure,2,1,1206.8155043389174,124.04890730977058
0,0.035,0,13000.0,3000.0,measure,2,1,1235.9745691265955,139.08513938076794
0,0.036,0,13000.0,3000.0,measure,2,1,1265.3106593038185,146.60325541626662
0,0.037,0,13000.0,3000.0,measure,2,1,1294.7366900710017,157.88042219355702
0,0.038,0,13000.0,3000.0,measure,2,1,1324.1100373329236,165.39855278097093
0,0.039,0,13000.0,3000.0,measure,2,1,1354.182502048393,176.67573411017656
0,0.04,0,13000.0,3000.0,measure,2,1,1383.8070955506398,191.71196618117392
0,0.041,0,13000.0,3000.0,measure,2,1,1413.2347598063236,202.98913295846432
0,0.042,0,13000.0,3000.0,measure,2,1,1442.9393182861595,218.02536502946168
0,0.043,0,13000.0,3000.0,measure,2,1,1471.5465898235589,229.30253180675209
0,0.044,0,13000.0,3000.0,measure,2,1,1500.239126617089,202.9891184065491
0,0.045,0,13000.0,3000.0,measure,2,1,1528.9509239413871,199.2300822166726
0,0.046,0,13000.0,3000.0,measure,2,1,1552.3282023104655,184.19386469759047
0,0.047,0,13000.0,3000.0,measure,2,1,1566.3952574331015,169.1575744189322
0,0.048,0,13000.0,3000.0,measure,2,1,1583.3832896026522,154.12140055559576
0,0.049,0,13000.0,3000.0,measure,2,2,1609.7868217404414,135.32605953514576
0,0.05,0,13000.0,3000.0,measure,1,1,1039.4640174194205,195.4710460267961
0,0.051,0,13000.0,3000.0,measure,2,1,1069.053838799857,97.7354939095676
0,0.052,0,13000.0,3000.0,measure,2,1,1098.4580268232542,101.49460285902023
0,0.053,0,13000.0,3000.0,measure,2,1,1127.8631322380932,109.01267523877323
0,0.054,0,13000.0,3000.0,measure,2,1,1157.3417464909614,116.53080582618713
0,0.055,0,13000.0,3000.0,measure,2,1,1187.078974692634,124.04890730977058
0,0.056,0,13000.0,3000.0,measure,2,1,1216.3684725309583,135.32608863897622
0,0.057,0,13000.0,3000.0,measure,2,1,1246.221482259348,142.8442046744749
0,0.058,0,13000.0,3000.0,measure,2,1,1275.620154407115,154.1213714517653
0,0.059,0,13000.0,3000.0,measure,2,1,1305.195258232992,165.39855278097093
0,0.06,0,13000.0,3000.0,measure,2,1,1334.8405744181946,176.67576321400702
0,0.061,0,13000.0,3000.0,measure,2,1,1364.9130376870744,191.71196618117392
0,0.062,0,13000.0,3000.0,measure,2,1,1394.985502702184,202.98916206229478
0,0.063,0,13000.0,3000.0,measure,2,1,1425.0579659710638,218.02536502946168
0,0.064,0,13000.0,3000.0,measure,2,1,1453.2635557248561,233.06161165237427
0,0.065,0,13000.0,3000.0,measure,2,1,1481.0645978627128,202.9891184065491
0,0.066,0,13000.0,3000.0,measure,2,1,1509.7297295088435,195.47100237105042
0,0.067,0,13000.0,3000.0,measure,2,1,1537.7005013454725,191.7119516292587
0,0.068,0,13000.0,3000.0,measure,2,1,1556.228588257606,180.4347848519683
0,0.069,0,13000.0,3000.0,measure,2,1,1572.947043958101,161.6395020391792
0,0.07,0,13000.0,3000.0,measure,2,2,1593.5636732583528,146.60326996818185
0,0.071,0,13000.0,3000.0,measure,2,2,1636.5116325152271,109.01267523877323
0,0.072,0,13000.0,3000.0,measure,2,1,1069.12370245867,97.7354939095676
0,0.073,0,13000.0,3000.0,measure,2,1,1098.6839103256582,101.49460285902023
0,0.074,0,13000.0,3000.0,measure,2,1,1128.516993924476,109.01267523877323
0,0.075,0,13000.0,3000.0,measure,2,1,1157.9355946511473,116.53080582618713
0,0.076,0,13000.0,3000.0,measure,2,1,1187.078974692634,124.04890730977058
0,0.077,0,13000.0,3000.0,measure,2,1,1217.1514369662345,135.32608863897622
0,0.078,0,13000.0,3000.0,measure,2,1,1246.6697434646999,142.8442046744749
0,0.079,0,13000.0,3000.0,measure,2,1,1276.3718556293877,154.1213714517653
0,0.08,1,13000.0,3600.0,settle,2,1,1305.9208873820342,165.39855278097093
0,0.081,1,13000.0,3600.0,settle,2,1,1337.5897914815096,180.43481395579875
0,0.082,1,13000.0,3600.0,settle,2,1,1370.2346700088817,199.23006766475737
0,0.083,1,13000.0,3600.0,settle,2,1,1403.2173740605897,210.50727809779346
0,0.084,1,13000.0,3600.0,settle,2,1,1434.5827693533565,225.54348106496036
0,0.085,1,13000.0,3600.0,settle,2,1,1466.81105281171,240.57974223978817
0,0.086,1,13000.0,3600.0,settle,2,1,1497.5864382713664,225.54346651304513
0,0.087,1,13000.0,3600.0,settle,2,1,1528.8169010505449,210.50726354587823
0,0.088,1,13000.0,3600.0,settle,2,1,1551.3653486500082,195.47101692296565
0,0.089,1,13000.0,3600.0,settle,2,1,1569.1513363540603,176.67573411017656
0,0.09,1,13000.0,3600.0,settle,2,2,1591.5555985494784,157.88043674547225
0,0.091,1,13000.0,3600.0,settle,3,2,1628.3854256471386,37.59062383323908
0,0.092,1,13000.0,3600.0,settle,2,1,1071.3809711854358,116.53077672235668
0,0.093,1,13000.0,3600.0,settle,2,1,1103.7378137027486,120.28987111989409
0,0.094,1,13000.0,3600.0,settle,2,1,1135.869259366369,131.56700879335403
0,0.095,1,13000.0,3600.0,measure,2,1,1168.9529243064508,142.84419012255967
0,0.096,1,13000.0,3600.0,measure,2,1,1201.079426050093,154.1213714517653
0,0.097,1,13000.0,3600.0,measure,2,1,1233.604761933827,169.15760352276266
0,0.098,1,13000.0,3600.0,measure,2,1,1266.905217922898,180.43479940388352
0,0.099,1,13000.0,3600.0,measure,2,1,1298.6476816215807,195.47100237105042
0,0.1,1,13000.0,3600.0,measure,2,1,1331.4069564492531,210.50726354587823
0,0.101,1,13000.0,3600.0,measure,2,1,1364.6407233667023,229.30253180675209
0,0.102,1,13000.0,3600.0,measure,2,1,1396.3831879664212,244.33882208541036
0,0.103,1,13000.0,3600.0,measure,2,1,1428.0271945799147,255.61593065503985
0,0.104,1,13000.0,3600.0,measure,2,1,1459.366948622786,221.78443032316864
0,0.105,1,13000.0,3600.0,measure,2,1,1490.5919077419187,218.02535047754645
0,0.106,1,13000.0,3600.0,measure,2,1,1522.521160313353,210.50726354587823
0,0.107,1,13000.0,3600.0,measure,2,1,1545.188615296564,202.9891184065491
0,0.108,1,13000.0,3600.0,measure,2,2,1562.572432396356,184.19386469759047
0,0.109,1,13000.0,3600.0,measure,3,2,1585.2027705243538,120.28985656797886
0,0.11,1,13000.0,3600.0,measure,3,2,1611.7460546357668,67.66302976757288
0,0.111,1,13000.0,3600.0,measure,2,1,1125.265189840687,135.32605953514576
0,0.112,1,13000.0,3600.0,measure,2,1,1157.7634490611333,139.08518303651363
0,0.113,1,13000.0,3600.0,measure,2,1,1190.0867107796118,154.12135689985007
0,0.114,1,13000.0,3600.0,measure,2,1,1223.346921426383,169.1576326265931
0,0.115,1,13000.0,3600.0,measure,2,1,1255.5650380786212,180.43475574813783
0,0.116,1,13000.0,3600.0,measure,2,1,1288.4680434316806,195.47101692296565
0,0.117,1,13000.0,3600.0,measure,2,1,1322.0491536397478,214.26629973575473
0,0.118,1,13000.0,3600.0,measure,2,1,1354.449204703145,225.54348106496036
0,0.119,1,13000.0,3600.0,measure,2,1,1386.8410408056893,240.57971313595772
0,0.12,1,13000.0,3600.0,measure,2,1,1419.7846654099442,259.3749959487468
0,0.121,1,13000.0,3600.0,measure,2,1,1451.0360501080224,240.57974223978817
0,0.122,1,13000.0,3600.0,measure,2,1,1481.1085170831334,218.02535047754645
0,0.123,1,13000.0,3600.0,measure,2,1,1513.5198115961414,214.26632883958519
0,0.124,1,13000.0,3600.0,measure,2,1,1539.1829682630487,206.74819825217128
0,0.125,1,13000.0,3600.0,measure,2,2,1555.3379346801073,191.7119516292587
0,0.126,1,13000.0,3600.0,measure,2,2,1575.6162137974425,172.91665426455438
0,0.127,1,13000.0,3600.0,measure,3,2,1601.9865808740371,90.21739242598414
0,0.128,1,13000.0,3600.0,measure,2,1,1109.6047134796047,127.80797260347754
0,0.129,1,13000.0,3600.0,measure,2,1,1142.4940581523736,139.08513938076794
0,0.13,1,13000.0,3600.0,measure,2,1,1174.8977566715412,146.6032408643514
0,0.131,1,13000.0,3600.0,measure,2,1,1207.8921035578774,161.63953114300966
0,0.132,1,13000.0,3600.0,measure,2,1,1240.528808583184,172.91665426455438
0,0.133,1,13000.0,3600.0,measure,2,1,1272.852147401553,187.95294454321265
0,0.134,1,13000.0,3600.0,measure,2,1,1305.8902472094937,206.74816914834082
0,0.135,1,13000.0,3600.0,measure,2,1,1339.4919568499934,218.02540868520737
0,0.136,1,13000.0,3600.0,measure,2,1,1371.5164501550853,233.0615825485438
0,0.137,1,13000.0,3600.0,measure,2,1,1404.5778308653448,251.8569235689938
0,0.138,1,13000.0,3600.0,measure,2,1,1436.0822121988958,263.1340466905385
0,0.139,1,13000.0,3600.0,measure,2,1,1467.2999307879259,225.54348106496036
0,0.14,1,13000.0,3600.0,measure,2,1,1498.4722040272338,214.2662851838395
0,0.141,1,13000.0,3600.0,measure,2,1,1529.7437061495398,218.0253795813769
0,0.142,1,13000.0,3600.0,measure,2,1,1547.0684503419247,195.47101692296565
0,0.143,1,13000.0,3600.0,measure,2,2,1564.8764048186738,180.43481395579875
0,0.144,1,13000.0,3600.0,measure,3,2,1586.4246731618919,112.77175508439541
0,0.145,2,10000.0,3600.0,settle,3,2,1617.8391686278499,60.14492828398943
0,0.146,2,10000.0,3600.0,settle,2,1,1121.8605689118783,127.80795805156231
0,0.147,2,10000.0,3600.0,settle,2,1,1148.7592999943893,139.0851684845984
0,0.148,2,10000.0,3600.0,settle,2,1,1176.7782011075471,146.6032408643514
0,0.149,2,10000.0,3600.0,settle,2,1,1204.0104912747477,157.88045129738748
0,0.15,2,10000.0,3600.0,settle,2,1,1232.6780343490068,169.15758897084743
0,0.151,2,10000.0,3600.0,settle,2,1,1259.790038021538,180.43475574813783
0,0.152,2,10000.0,3600.0,settle,2,1,1286.9611085035594,195.47101692296565
0,0.153,2,10000.0,3600.0,settle,2,1,1315.4770263571447,206.74816914834082
0,0.154,2,10000.0,3600.0,settle,2,1,1343.131698473123,221.7844594269991
0,0.155,2,10000.0,3600.0,settle,2,1,1370.1285859549348,233.0615825485438
0,0.156,2,10000.0,3600.0,settle,2,1,1398.1763032937286,248.09787282720208
0,0.157,2,10000.0,3600.0,settle,2,1,1425.1885888282886,263.1340466905385
0,0.158,2,10000.0,3600.0,settle,2,1,1451.8297445090561,274.4112571235746
0,0.159,2,10000.0,3600.0,settle,2,1,1478.4577887788382,289.447489194572
0,0.16,2,10000.0,3600.0,measure,2,1,1505.2845424640152,300.72464141994715
0,0.161,2,10000.0,3600.0,measure,2,1,1531.5340147968932,315.76090259477496
0,0.162,2,10000.0,3600.0,measure,2,1,1546.187345067867,315.7608734909445
0,0.163,2,10000.0,3600.0,measure,2,1,1561.7883254119026,315.76090259477496
0,0.164,2,10000.0,3600.0,measure,1,1,1579.4297013881392,127.80795805156231
0,0.165,2,10000.0,3600.0,measure,1,1,1605.2672115620226,82.69923273473978
0,0.166,2,10000.0,3600.0,measure,0,0,,
0,0.167,2,10000.0,3600.0,measure,2,1,1103.3204423169498,293.2065399363637
0,0.168,2,10000.0,3600.0,measure,2,1,1137.7212936110218,233.06161165237427
0,0.169,2,10000.0,3600.0,measure,2,1,1166.9400685980763,221.7844157712534
0,0.17,2,10000.0,3600.0,measure,2,1,1194.8062600107473,218.02539413329214
0,0.171,2,10000.0,3600.0,measure,2,1,1223.6726248195612,225.5434519611299
0,0.172,2,10000.0,3600.0,measure,2,1,1250.379057507962,236.82067694608122
0,0.173,2,10000.0,3600.0,measure,2,1,1277.5774745484503,244.338734773919
0,0.174,2,10000.0,3600.0,measure,2,1,1306.3909224883625,255.61597431078553
0,0.175,2,10000.0,3600.0,measure,2,1,1332.443398252948,270.652148174122
0,0.176,2,10000.0,3600.0,measure,2,1,1359.6397869589443,278.17032241728157
0,0.177,2,10000.0,3600.0,measure,2,1,1387.2043747519265,296.96560523007065
0,0.178,2,10000.0,3600.0,measure,2,1,1413.7558106440133,304.4836921617389
0,0.179,2,10000.0,3600.0,measure,2,1,1441.9109980608366,319.51998244039714
0,0.18,2,10000.0,3600.0,measure,2,1,1468.6013513337225,334.5561563037336
0,0.181,2,10000.0,3600.0,measure,2,1,1494.3603036776549,349.5924174785614
0,0.182,2,10000.0,3600.0,measure,2,1,1508.8734154856313,349.59238837473094
0,0.183,2,10000.0,3600.0,measure,2,1,1524.289531676054,349.5924174785614
0,0.184,2,10000.0,3600.0,measure,1,1,1538.8561960852403,195.4709878191352
0,0.185,2,10000.0,3600.0,measure,1,1,1554.5052323408474,165.3985818848014
0,0.186,2,10000.0,3600.0,measure,1,1,1573.5231632208254,135.32605953514576
0,0.187,2,10000.0,3600.0,measure,1,1,1595.7860314908125,97.73555211722851
0,0.188,2,10000.0,3600.0,measure,0,0,,
0,0.189,2,10000.0,3600.0,measure,0,0,,
0,0.19,2,10000.0,3600.0,measure,0,0,,
0,0.191,2,10000.0,3600.0,measure,0,0,,
0,0.192,2,10000.0,3600.0,measure,2,1,1244.7183049609735,349.59238837473094
0,0.193,2,10000.0,3600.0,measure,2,1,1279.8540480998195,289.4474455388263
0,0.194,2,10000.0,3600.0,measure,2,1,1309.7746387588206,274.4112571235746
0,0.195,2,10000.0,3600.0,measure,2,1,1338.1436957241667,274.4111989159137
0,0.196,2,10000.0,3600.0,measure,2,1,1365.450325862623,281.9293877109885
0,0.197,2,10000.0,3600.0,measure,2,1,1393.4412287815144,285.68838024511933
0,0.198,2,10000.0,3600.0,measure,2,1,1420.6001361376912,300.7246705237776
0,0.199,2,10000.0,3600.0,measure,2,1,1446.8888196921846,312.0017936453223
0,0.2,2,10000.0,3600.0,measure,2,1,1474.447105406457,323.2790040783584
0,0.201,2,10000.0,3600.0,measure,2,1,1498.8985027092658,334.55618540756404
0,0.202,2,10000.0,3600.0,measure,2,1,1513.4208896802015,334.55618540756404
0,0.203,2,10000.0,3600.0,measure,2,1,1528.0280080432558,334.55618540756404
0,0.204,2,10000.0,3600.0,measure,2,1,1543.3972318695016,334.55618540756404
0,0.205,2,10000.0,3600.0,measure,1,1,1559.1754753277014,157.88048040121794
0,0.206,2,10000.0,3600.0,measure,1,1,1578.756898552889,127.80795805156231
0,0.207,2,10000.0,3600.0,measure,1,1,1603.879252797924,82.69923273473978
0,0.208,2,10000.0,3600.0,measure,0,0,,
0,0.209,2,10000.0,3600.0,measure,0,0,,
0,0.21,3,16000.0,2400.0,settle,0,0,,
0,0.211,3,16000.0,2400.0,settle,0,0,,
0,0.212,3,16000.0,2400.0,settle,0,0,,
0,0.213,3,16000.0,2400.0,settle,0,0,,
0,0.214,3,16000.0,2400.0,settle,1,1,1238.7663119812962,481.15942627191544
0,0.215,3,16000.0,2400.0,settle,1,1,1284.4724705496776,421.014497987926
0,0.216,3,16000.0,2400.0,settle,1,1,1322.3165055531942,398.46019353717566
0,0.217,3,16000.0,2400.0,settle,1,1,1357.8285774298165,383.4238741546869
0,0.218,3,16000.0,2400.0,settle,1,1,1391.7223317969917,368.38767118752
0,0.219,3,16000.0,2400.0,settle,1,1,1424.7568779440087,368.38772939518094
0,0.22,3,16000.0,2400.0,settle,1,1,1453.6701700593185,368.38767118752
0,0.221,3,16000.0,2400.0,settle,1,1,1470.9874180554243,330.79710556194186
0,0.222,3,16000.0,2400.0,settle,2,1,1488.7675352855792,146.60326996818185
0,0.223,3,16000.0,2400.0,settle,2,1,1506.6753128890116,135.32608863897622
0,0.224,3,16000.0,2400.0,settle,2,1,1523.3952573153126,127.80798715539277
0,0.225,3,16000.0,2400.0,measure,2,1,1541.5624719204716,116.53080582618713
0,0.226,3,16000.0,2400.0,measure,2,1,1560.5075696449994,109.01270434260368
0,0.227,3,16000.0,2400.0,measure,2,1,1584.111534704355,97.73552301339805
0,0.228,3,16000.0,2400.0,measure,2,1,1613.593779102427,82.69927639048547
0,0.229,3,16000.0,2400.0,measure,1,0,709.5817589130172,120.28985656797886
0,0.23,3,16000.0,2400.0,measure,1,0,721.3009044499586,135.32611774280667
0,0.231,3,16000.0,2400.0,measure,1,0,734.0738142853978,157.88045129738748
0,0.232,3,16000.0,2400.0,measure,1,0,749.8777352508854,187.9529154393822
0,0.233,3,16000.0,2400.0,measure,1,0,766.7233191738378,210.507248993963
0,0.234,3,16000.0,2400.0,measure,1,0,785.2287159948901,233.06161165237427
0,0.235,3,16000.0,2400.0,measure,1,0,825.8679156841815,180.4347848519683
0,0.236,3,16000.0,2400.0,measure,1,0,860.4550803974682,165.39855278097093
0,0.237,3,16000.0,2400.0,measure,1,0,893.6070576964994,157.88042219355702
0,0.238,3,16000.0,2400.0,measure,1,0,924.8062850025444,157.88042219355702
0,0.239,3,16000.0,2400.0,measure,1,0,956.8461084250953,157.88042219355702
0,0.24,3,16000.0,2400.0,measure,1,0,988.603643453089,150.36232070997357
0,0.241,3,16000.0,2400.0,measure,1,1,1019.7312844360971,157.88042219355702
0,0.242,3,16000.0,2400.0,measure,1,1,1050.2551449462771,157.88048040121794
0,0.243,3,16000.0,2400.0,measure,1,1,1081.4454179471852,157.88042219355702
0,0.244,3,16000.0,2400.0,measure,1,1,1113.3391984259774,157.88048040121794
0,0.245,3,16000.0,2400.0,measure,1,1,1145.3464763690135,150.36226250231266
0,0.246,3,16000.0,2400.0,measure,1,1,1175.7282964648066,150.36232070997357
0,0.247,3,16000.0,2400.0,measure,1,1,1206.791939879926,150.36226250231266
0,0.248,3,16000.0,2400.0,measure,1,1,1238.1613411454728,157.88048040121794
0,0.249,3,16000.0,2400.0,measure,2,1,1269.79646100329,78.94018199294806
0,0.25,3,16000.0,2400.0,measure,2,1,1301.9952771936466,86.45837078802288
0,0.251,3,16000.0,2400.0,measure,2,1,1333.6087262506674,86.45831258036196
0,0.252,3,16000.0,2400.0,measure,2,1,1364.6723636953684,90.2174215298146
0,0.253,3,16000.0,2400.0,measure,2,1,1396.5652363783001,101.49454465135932
0,0.254,3,16000.0,2400.0,measure,2,1,1429.1000592121538,105.25365360081196
0,0.255,3,16000.0,2400.0,measure,2,1,1461.4166965945305,109.012660686858
0,0.256,3,16000.0,2400.0,measure,2,1,1491.980337218761,116.53083493001759
0,0.257,3,16000.0,2400.0,measure,2,1,1524.373206646285,127.80794349964708
0,0.258,3,16000.0,2400.0,measure,2,1,1556.640176898697,139.0851684845984
0,0.259,3,16000.0,2400.0,measure,2,1,1577.0742722847701,131.5670378971845
0,0.26,3,16000.0,2400.0,measure,2,1,1602.1903548217208,124.04892186168581
0,0.261,3,16000.0,2400.0,measure,1,0,751.2833240967121,187.9529154393822
0,0.262,3,16000.0,2400.0,measure,1,0,767.3277786851629,210.507248993963
0,0.263,3,16000.0,2400.0,measure,1,0,788.26231103698,233.0615825485438
0,0.264,3,16000.0,2400.0,measure,1,0,826.7197551979934,180.4347848519683
0,0.265,3,16000.0,2400.0,measure,1,0,862.4714665475439,165.39855278097093
0,0.266,3,16000.0,2400.0,measure,1,0,895.2281513302296,157.88042219355702
0,0.267,3,16000.0,2400.0,measure,1,0,926.8423582283698,157.88042219355702
0,0.268,3,16000.0,2400.0,measure,1,0,959.4007235675774,157.88042219355702
0,0.269,3,16000.0,2400.0,measure,1,0,990.2621238358767,157.88048040121794
0,0.27,3,16000.0,2400.0,measure,1,1,1021.176484571284,157.88042219355702
0,0.271,3,16000.0,2400.0,measure,1,1,1053.0016370020533,157.88048040121794
0,0.272,3,16000.0,2400.0,measure,1,1,1084.8111845552921,157.88042219355702
0,0.273,3,16000.0,2400.0,measure,1,1,1115.8297198821701,150.3623789176345
0,0.274,3,16000.0,2400.0,measure,1,1,1146.73456862079,157.8803639858961
0,0.275,4,13000.0,2400.0,settle,1,1,1177.7726556701352,157.88048040121794
0,0.276,4,13000.0,2400.0,settle,1,1,1204.9871355241232,157.88042219355702
0,0.277,4,13000.0,2400.0,settle,1,1,1230.6432255618968,157.88042219355702
0,0.278,4,13000.0,2400.0,settle,2,1,1258.5474814167592,75.18116035498679
0,0.279,4,13000.0,2400.0,settle,2,1,1284.396798668981,82.69924728665501
0,0.28,4,13000.0,2400.0,settle,2,1,1311.1742873773853,82.69932004623115
0,0.281,4,13000.0,2400.0,settle,2,1,1337.4180822592966,93.97641406394541
0,0.282,4,13000.0,2400.0,settle,2,1,1364.045561506198,93.97648682352155
0,0.283,4,13000.0,2400.0,settle,2,1,1391.067239708172,105.2536244969815
0,0.284,4,13000.0,2400.0,settle,2,1,1417.356071114126,105.2536244969815
0,0.285,4,13000.0,2400.0,settle,2,1,1445.4129811330763,116.53083493001759
0,0.286,4,13000.0,2400.0,settle,2,1,1470.911046375095,124.04890730977058
0,0.287,4,13000.0,2400.0,settle,2,1,1499.1271902410383,127.80801625922322
0,0.288,4,13000.0,2400.0,settle,2,1,1524.8303697155268,139.08511027693748
0,0.289,4,13000.0,2400.0,settle,2,1,1552.0899208412498,154.12140055559576
0,0.29,4,13000.0,2400.0,measure,2,1,1570.8849406187503,150.36232070997357
0,0.291,4,13000.0,2400.0,measure,2,1,1589.6842047699135,150.3623352618888
0,0.292,4,13000.0,2400.0,measure,2,1,1619.697388080994,131.5670378971845
0,0.293,4,13000.0,2400.0,measure,1,0,782.047599515145,233.06161165237427
0,0.294,4,13000.0,2400.0,measure,1,0,800.9291159690702,248.09784372337162
0,0.295,4,13000.0,2400.0,measure,1,0,835.9885291041186,202.98914751037955
0,0.296,4,13000.0,2400.0,measure,1,0,866.2970459979948,187.9529154393822
0,0.297,4,13000.0,2400.0,measure,1,0,893.2305164823963,180.4347848519683
0,0.298,4,13000.0,2400.0,measure,1,0,920.842730339884,180.4348430596292
0,0.299,4,13000.0,2400.0,measure,1,0,946.8762080824162,172.91668336838484
0,0.3,4,13000.0,2400.0,measure,1,0,973.339494705821,180.4347848519683
0,0.301,4,13000.0,2400.0,measure,1,0,999.682974841211,172.91668336838484
0,0.302,4,13000.0,2400.0,measure,1,1,1026.127393009146,180.43472664430737
0,0.303,4,13000.0,2400.0,measure,1,1,1052.4303982293304,172.91668336838484
0,0.304,4,13000.0,2400.0,measure,1,1,1078.9869754056958,180.4347848519683
0,0.305,4,13000.0,2400.0,measure,1,1,1104.69665904678,172.91668336838484
0,0.306,4,13000.0,2400.0,measure,1,1,1131.5935769216007,180.4347848519683
0,0.307,4,13000.0,2400.0,measure,1,1,1157.5233144685626,172.916566953063
0,0.308,4,13000.0,2400.0,measure,2,1,1184.9057164073474,90.21740697789937
0,0.309,4,13000.0,2400.0,measure,2,1,1210.5911867693067,93.97644316777587
0,0.31,4,13000.0,2400.0,measure,2,1,1238.4388769030409,97.73552301339805
0,0.311,4,13000.0,2400.0,measure,2,1,1263.618960355719,105.25363904889673
0,0.312,4,13000.0,2400.0,measure,2,1,1291.9497208674734,109.01270434260368
0,0.313,4,13000.0,2400.0,measure,2,1,1317.3736188620487,120.28985656797886
0,0.314,4,13000.0,2400.0,measure,2,1,1344.7585044767145,120.28984201606363
0,0.315,4,13000.0,2400.0,measure,2,1,1371.344665042876,131.5670378971845
0,0.316,4,13000.0,2400.0,measure,2,1,1397.903172356235,135.326074087061
0,0.317,4,13000.0,2400.0,measure,2,1,1424.8607161965583,146.60326996818185
0,0.318,4,13000.0,2400.0,measure,2,1,1451.4097646052176,150.3623352618888
0,0.319,4,13000.0,2400.0,measure,2,1,1479.636271419452,161.6395020391792
0,0.32,4,13000.0,2400.0,measure,2,1,1505.3265204498755,172.91668336838484
0,0.321,4,13000.0,2400.0,measure,2,1,1532.7929658938456,180.43479940388352
0,0.322,4,13000.0,2400.0,measure,2,1,1555.117751655438,191.71198073308915
0,0.323,4,13000.0,2400.0,measure,2,1,1570.2699394878507,191.71193707734346
0,0.324,4,13000.0,2400.0,measure,2,1,1586.1839437258175,169.15761807467788
0,0.325,4,13000.0,2400.0,measure,2,1,1617.7239494623038,127.80797260347754
0,0.326,4,13000.0,2400.0,measure,1,0,877.8730631599844,180.4347848519683
0,0.327,4,13000.0,2400.0,measure,1,0,906.1059879160636,180.43472664430737
0,0.328,4,13000.0,2400.0,measure,1,0,932.5102423842865,172.91668336838484
0,0.329,4,13000.0,2400.0,measure,1,0,959.8944757147718,172.91662516072392
0,0.33,4,13000.0,2400.0,measure,1,0,985.4413391668904,172.9167124722153
0,0.331,4,13000.0,2400.0,measure,1,1,1012.870490432035,172.91665426455438
0,0.332,4,13000.0,2400.0,measure,1,1,1038.2285571304728,172.91668336838484
0,0.333,4,13000.0,2400.0,measure,1,1,1064.6829271831166,172.91668336838484
0,0.334,4,13000.0,2400.0,measure,1,1,1091.0209553533293,172.91662516072392
0,0.335,4,13000.0,2400.0,measure,1,1,1117.3097384403325,172.91668336838484
0,0.336,4,13000.0,2400.0,measure,1,1,1143.647768587722,172.91668336838484
0,0.337,4,13000.0,2400.0,measure,2,1,1170.0867914402372,90.21740697789937
0,0.338,4,13000.0,2400.0,measure,2,1,1197.1615516892773,93.97647227160633
0,0.339,4,13000.0,2400.0,measure,2,1,1223.3622828295468,97.7354939095676
0,0.34,5,16000.0,3600.0,settle,2,1,1250.4922472897285,105.25363904889673
0,0.341,5,16000.0,3600.0,settle,2,1,1286.7530773242784,116.53077672235668
0,0.342,5,16000.0,3600.0,settle,2,1,1322.8403652247514,127.80798715539277
0,0.343,5,16000.0,3600.0,settle,2,1,1360.229169574356,139.0851684845984
0,0.344,5,16000.0,3600.0,settle,2,1,1397.7367276753728,154.1213714517653
0,0.345,5,16000.0,3600.0,settle,2,1,1435.1054930662851,169.1576326265931
0,0.346,5,16000.0,3600.0,settle,2,1,1473.445530420029,191.71196618117392
0,0.347,5,16000.0,3600.0,settle,2,1,1511.0361129446055,206.74819825217128
0,0.348,5,16000.0,3600.0,settle,2,1,1547.1576454107458,225.54348106496036
0,0.349,5,16000.0,3600.0,settle,2,1,1568.5911468011257,191.71193707734346
0,0.35,5,16000.0,3600.0,settle,2,1,1594.4398198050656,154.1213714517653
0,0.351,5,16000.0,3600.0,settle,2,1,1636.5116325152271,105.25359539315104
0,0.352,5,16000.0,3600.0,settle,1,0,978.1024749016805,187.95294454321265
0,0.353,5,16000.0,3600.0,settle,1,1,1015.7408996467262,187.95288633555174
0,0.354,5,16000.0,3600.0,settle,2,1,1053.411413536582,93.9764577196911
0,0.355,5,16000.0,3600.0,measure,2,1,1090.8860343647282,105.25365360081196
0,0.356,5,16000.0,3600.0,measure,2,1,1128.0293298332624,112.77174053248018
0,0.357,5,16000.0,3600.0,measure,2,1,1165.582733348203,124.04890730977058
0,0.358,5,16000.0,3600.0,measure,2,1,1203.2104857966226,135.32608863897622
0,0.359,5,16000.0,3600.0,measure,2,1,1240.8010609497976,150.36232070997357
0,0.36,5,16000.0,3600.0,measure,2,1,1278.5876748884687,161.6395020391792
0,0.361,5,16000.0,3600.0,measure,2,1,1316.4126637665381,180.4347848519683
0,0.362,5,16000.0,3600.0,measure,2,1,1354.7633869034412,191.71196618117392
0,0.363,5,16000.0,3600.0,measure,2,1,1392.572694168537,210.507248993963
0,0.364,5,16000.0,3600.0,measure,2,1,1430.1632730642557,225.54348106496036
0,0.365,5,16000.0,3600.0,measure,2,1,1466.3815221568684,214.26632883958519
0,0.366,5,16000.0,3600.0,measure,2,1,1502.4353396933516,195.4709878191352
0,0.367,5,16000.0,3600.0,measure,2,1,1539.2138112264759,191.7119516292587
0,0.368,5,16000.0,3600.0,measure,2,1,1561.6247955469157,172.9167124722153
0,0.369,5,16000.0,3600.0,measure,2,2,1584.8492893469918,154.1213714517653
0,0.37,5,16000.0,3600.0,measure,2,2,1615.9566970292844,124.04892186168581
0,0.371,5,16000.0,3600.0,measure,2,1,1093.1859212475028,101.49460285902023
0,0.372,5,16000.0,3600.0,measure,2,1,1130.2811769017296,109.01268979068846
0,0.373,5,16000.0,3600.0,measure,2,1,1167.709966415209,120.28985656797886
0,0.374,5,16000.0,3600.0,measure,2,1,1205.3005459567576,131.5670378971845
0,0.375,5,16000.0,3600.0,measure,2,1,1242.891120560381,146.60326996818185
0,0.376,5,16000.0,3600.0,measure,2,1,1280.4816984559545,157.88042219355702
0,0.377,5,16000.0,3600.0,measure,2,1,1318.072276201894,176.67573411017656
0,0.378,5,16000.0,3600.0,measure,2,1,1356.3715373474763,195.47101692296565
0,0.379,5,16000.0,3600.0,measure,2,1,1393.9621184159032,214.26632883958519
0,0.38,5,16000.0,3600.0,measure,2,1,1431.552697702463,229.30253180675209
0,0.381,5,16000.0,3600.0,measure,2,1,1467.753854372727,210.507248993963
0,0.382,5,16000.0,3600.0,measure,2,1,1503.9721017404058,199.23003856092691
0,0.383,5,16000.0,3600.0,measure,2,1,1540.4376878546595,191.7119516292587
0,0.384,5,16000.0,3600.0,measure,2,1,1564.10424720629,172.91668336838484
0,0.385,5,16000.0,3600.0,measure,2,2,1587.4001748707828,150.36232070997357
0,0.386,5,16000.0,3600.0,measure,2,2,1617.3431822608109,124.04892186168581
0,0.387,5,16000.0,3600.0,measure,2,1,1092.4064077482649,97.73552301339805
0,0.388,5,16000.0,3600.0,measure,2,1,1129.6223728442278,109.01268979068846
0,0.389,5,16000.0,3600.0,measure,2,1,1167.4648450241068,120.28985656797886
0,0.39,5,16000.0,3600.0,measure,2,1,1205.055424751541,131.5670378971845
0,0.391,5,16000.0,3600.0,measure,2,1,1242.6459992282842,146.60326996818185
0,0.392,5,16000.0,3600.0,measure,2,1,1280.2365771554812,157.88042219355702
0,0.393,5,16000.0,3600.0,measure,2,1,1318.072276201894,176.67573411017656
0,0.394,5,16000.0,3600.0,measure,2,1,1355.6628560427107,191.71196618117392
0,0.395,5,16000.0,3600.0,measure,2,1,1393.9621184159032,214.26632883958519
0,0.396,5,16000.0,3600.0,measure,2,1,1431.0300490484597,225.54348106496036
0,0.397,5,16000.0,3600.0,measure,2,1,1467.0623964953277,214.26632883958519
0,0.398,5,16000.0,3600.0,measure,2,1,1503.7410768725301,195.4709878191352
0,0.399,5,16000.0,3600.0,measure,2,1,1540.0548357858252,191.7119516292587
0,0.4,5,16000.0,3600.0,measure,2,1,1562.9866379610069,176.67576321400702
0,0.401,5,16000.0,3600.0,measure,2,2,1585.7490215402765,154.1213714517653
0,0.402,5,16000.0,3600.0,measure,2,2,1616.631129470009,124.04892186168581
0,0.403,5,16000.0,3600.0,measure,2,1,1090.8110685029653,101.49460285902023
0,0.404,5,16000.0,3600.0,measure,2,1,1128.4766137566428,112.77174053248018
0,0.405,6,16000.0,3000.0,settle,2,1,1165.8890978516558,124.04890730977058
0,0.406,6,16000.0,3000.0,settle,2,1,1200.7493124095738,135.32608863897622
0,0.407,6,16000.0,3000.0,settle,2,1,1236.2262351988193,142.8442046744749
0,0.408,6,16000.0,3000.0,settle,2,1,1271.5913830887632,157.88043674547225
0,0.409,6,16000.0,3000.0,settle,2,1,1306.0413820245078,169.15760352276266
0,0.41,6,16000.0,3000.0,settle,2,1,1341.0092657550751,180.4347848519683
0,0.411,6,16000.0,3000.0,settle,2,1,1376.845003321173,199.23006766475737
0,0.412,6,16000.0,3000.0,settle,2,1,1411.0696680216613,214.26629973575473
0,0.413,6,16000.0,3000.0,settle,2,1,1445.252753346581,206.74818370025605
0,0.414,6,16000.0,3000.0,settle,2,1,1478.7327114502157,187.95288633555174
0,0.415,6,16000.0,3000.0,settle,2,1,1512.9157978540782,176.67571955826133
0,0.416,6,16000.0,3000.0,settle,2,1,1544.5654557514836,180.4347848519683
0,0.417,6,16000.0,3000.0,settle,2,1,1563.9593400717583,161.63947293534875
0,0.418,6,16000.0,3000.0,settle,2,2,1587.4983549209728,142.84421922639012
0,0.419,6,16000.0,3000.0,settle,2,2,1617.1385547251352,116.53082037810236
0,0.42,6,16000.0,3000.0,measure,1,1,1077.4271322588902,165.3985818848014
0,0.421,6,16000.0,3000.0,measure,2,1,1111.4777841257974,90.21740697789937
0,0.422,6,16000.0,3000.0,measure,2,1,1146.349953658521,93.97644316777587
0,0.423,6,16000.0,3000.0,measure,2,1,1182.11974757895,101.494588307105
0,0.424,6,16000.0,3000.0,measure,2,1,1215.2447719732036,112.7716968767345
0,0.425,6,16000.0,3000.0,measure,2,1,1250.00205728363,116.53082037810236
0,0.426,6,16000.0,3000.0,measure,2,1,1284.1642362026262,131.56700879335403
0,0.427,6,16000.0,3000.0,measure,2,1,1318.8861194066703,135.32611774280667
0,0.428,6,16000.0,3000.0,measure,2,1,1355.0364039046822,150.36234981380403
0,0.429,6,16000.0,3000.0,measure,2,1,1388.9095959135554,165.39856733288616
0,0.43,6,16000.0,3000.0,measure,2,1,1423.1041065224633,176.6757486620918
0,0.431,6,16000.0,3000.0,measure,2,1,1458.2455653492045,195.47100237105042
0,0.432,6,16000.0,3000.0,measure,2,1,1493.0487666972338,206.74819825217128
0,0.433,6,16000.0,3000.0,measure,2,1,1525.866132628141,187.9528717836365
0,0.434,6,16000.0,3000.0,measure,2,1,1555.4380257877976,172.91668336838484
0,0.435,6,16000.0,3000.0,measure,2,1,1576.9072031725643,150.36229160614312
0,0.436,6,16000.0,3000.0,measure,2,1,1602.6248165015952,131.5670378971845
0,0.437,6,16000.0,3000.0,measure,1,0,982.9233914051994,172.9167124722153
0,0.438,6,16000.0,3000.0,measure,1,1,1018.1326048961178,165.39852367714047
0,0.439,6,16000.0,3000.0,measure,1,1,1052.1159092708888,172.91668336838484
0,0.44,6,16000.0,3000.0,measure,1,1,1086.442036986617,165.39852367714047
0,0.441,6,16000.0,3000.0,measure,2,1,1121.269058618138,86.45835623610765
0,0.442,6,16000.0,3000.0,measure,2,1,1155.2650168804187,93.97641406394541
0,0.443,6,16000.0,3000.0,measure,2,1,1189.8571349526967,101.494588307105
0,0.444,6,16000.0,3000.0,measure,2,1,1224.1062700860523,112.77172598056495
0,0.445,6,16000.0,3000.0,measure,2,1,1258.3234419326309,120.28988567180932
0,0.446,6,16000.0,3000.0,measure,2,1,1293.7151733382116,127.80798715539277
0,0.447,6,16000.0,3000.0,measure,2,1,1327.8088761549604,139.0851684845984
0,0.448,6,16000.0,3000.0,measure,2,1,1362.7737908708777,154.12140055559576
0,0.449,6,16000.0,3000.0,measure,2,1,1398.0138613268691,169.15760352276266
0,0.45,6,16000.0,3000.0,measure,2,1,1431.9746332221675,180.43481395579875
0,0.451,6,16000.0,3000.0,measure,2,1,1467.3571694738373,195.47101692296565
0,0.452,6,16000.0,3000.0,measure,2,1,1501.0486720837011,210.50727809779346
0,0.453,6,16000.0,3000.0,measure,2,1,1534.2948864741693,184.19386469759047
0,0.454,6,16000.0,3000.0,measure,2,1,1561.3215515661934,169.1576326265931
0,0.455,6,16000.0,3000.0,measure,2,1,1582.2305651008203,146.60326996818185
0,0.456,6,16000.0,3000.0,measure,2,1,1609.8374329311282,124.04889275785536
0,0.457,6,16000.0,3000.0,measure,1,0,991.8864093391899,172.91668336838484
0,0.458,6,16000.0,3000.0,measure,1,1,1026.9441314222338,172.91662516072392
0,0.459,6,16000.0,3000.0,measure,1,1,1062.1328846508782,165.3985818848014
0,0.46,6,16000.0,3000.0,measure,1,1,1096.119319626972,172.91662516072392
0,0.461,6,16000.0,3000.0,measure,2,1,1130.2754369184927,90.2174215298146
0,0.462,6,16000.0,3000.0,measure,2,1,1165.2107757481513,101.49454465135932
0,0.463,6,16000.0,3000.0,measure,2,1,1199.1792704406123,105.25365360081196
0,0.464,6,16000.0,3000.0,measure,2,1,1234.5274296655718,112.77175508439541
0,0.465,6,16000.0,3000.0,measure,2,1,1268.562406039564,124.04890730977058
0,0.466,6,16000.0,3000.0,measure,2,1,1302.6288625868883,131.56705244909972
0,0.467,6,16000.0,3000.0,measure,2,1,1337.676897261589,146.6032408643514
0,0.468,6,16000.0,3000.0,measure,2,1,1372.2995871913472,154.12140055559576
0,0.469,6,16000.0,3000.0,measure,2,1,1407.8824870838698,169.15760352276266
0,0.47,7,10000.0,2400.0,settle,2,1,1441.9987892119034,187.9529154393822
0,0.471,7,10000.0,2400.0,settle,2,1,1463.8839093095157,191.71192252542824
0,0.472,7,10000.0,2400.0,settle,2,1,1485.9547053596802,199.23009676858783
0,0.473,7,10000.0,2400.0,settle,2,1,1508.5090567091745,206.7482128040865
0,0.474,7,10000.0,2400.0,settle,2,1,1529.1177382810113,187.95288633555174
0,0.475,7,10000.0,2400.0,settle,2,1,1550.2387147144514,176.6757486620918
0,0.476,7,10000.0,2400.0,settle,2,1,1562.6479049336974,165.39855278097093
0,0.477,7,10000.0,2400.0,settle,2,1,1576.4933269978926,150.36230615805835
0,0.478,7,10000.0,2400.0,settle,2,1,1595.1714553271554,135.32611774280667
0,0.479,7,10000.0,2400.0,settle,2,1,1636.5748098386184,97.7354939095676
0,0.48,7,10000.0,2400.0,settle,1,0,965.0252857002439,172.91662516072392
0,0.481,7,10000.0,2400.0,settle,1,0,986.3036270182806,172.9167124722153
0,0.482,7,10000.0,2400.0,settle,1,1,1008.4711819029432,172.91668336838484
0,0.483,7,10000.0,2400.0,settle,1,1,1030.8760239933251,172.91662516072392
0,0.484,7,10000.0,2400.0,settle,1,1,1052.7771290366513,172.91668336838484
0,0.485,7,10000.0,2400.0,measure,2,1,1073.8398705936502,86.45834168419242
0,0.486,7,10000.0,2400.0,measure,2,1,1095.1650979210515,90.21737787406892
0,0.487,7,10000.0,2400.0,measure,2,1,1116.409450003954,93.97647227160633
0,0.488,7,10000.0,2400.0,measure,2,1,1138.9638013397791,97.73552301339805
0,0.489,7,10000.0,2400.0,measure,2,1,1160.8863342038835,101.49453009944409
0,0.49,7,10000.0,2400.0,measure,2,1,1182.445282537541,112.77175508439541
0,0.491,7,10000.0,2400.0,measure,2,1,1204.536270416197,120.28987111989409
0,0.492,7,10000.0,2400.0,measure,2,1,1225.69632952471,124.04890730977058
0,0.493,7,10000.0,2400.0,measure,2,1,1247.5954169369213,131.5670378971845
0,0.494,7,10000.0,2400.0,measure,2,1,1269.1026655931657,139.08513938076794
0,0.495,7,10000.0,2400.0,measure,2,1,1290.5825564178497,146.60326996818185
0,0.496,7,10000.0,2400.0,measure,2,1,1311.8804534514472,150.36234981380403
0,0.497,7,10000.0,2400.0,measure,2,1,1334.2804350931156,157.88042219355702
0,0.498,7,10000.0,2400.0,measure,2,1,1356.5967159638228,169.1576326265931
0,0.499,7,10000.0,2400.0,measure,2,1,1378.8167640071497,176.6757486620918
0,0.5,7,10000.0,2400.0,measure,2,1,1400.470638118225,191.71193707734346
0,0.501,7,10000.0,2400.0,measure,2,1,1422.4640097560696,199.23009676858783
0,0.502,7,10000.0,2400.0,measure,2,1,1444.1864933138966,210.50726354587823
0,0.503,7,10000.0,2400.0,measure,2,1,1464.984503121731,221.78440121933818
0,0.504,7,10000.0,2400.0,measure,2,1,1484.9506462338925,199.23009676858783
0,0.505,7,10000.0,2400.0,measure,2,1,1506.71966170676,191.71198073308915
0,0.506,7,10000.0,2400.0,measure,2,1,1527.8152476904827,187.95288633555174
0,0.507,7,10000.0,2400.0,measure,2,1,1548.588504398612,191.71193707734346
0,0.508,7,10000.0,2400.0,measure,2,1,1559.000522454563,176.67576321400702
0,0.509,7,10000.0,2400.0,measure,2,1,1570.2952248028528,165.39852367714047
0,0.51,7,10000.0,2400.0,measure,2,1,1584.7454524409404,157.8804658493027
0,0.511,7,10000.0,2400.0,measure,2,1,1613.097696591326,131.56702334526926
0,0.512,7,10000.0,2400.0,measure,1,1,1017.0475118127531,195.4709878191352
0,0.513,7,10000.0,2400.0,measure,1,1,1038.7241085717344,195.4710460267961
0,0.514,7,10000.0,2400.0,measure,1,1,1060.2575103153606,195.4709878191352
0,0.515,7,10000.0,2400.0,measure,1,1,1082.0951633408738,187.95288633555174
0,0.516,7,10000.0,2400.0,measure,2,1,1103.2639105044502,101.494588307105
0,0.517,7,10000.0,2400.0,measure,2,1,1125.187297283081,105.2536244969815
0,0.518,7,10000.0,2400.0,measure,2,1,1147.1018814569657,112.77172598056495
0,0.519,7,10000.0,2400.0,measure,2,1,1169.6562287397683,116.5307912742719
0,0.52,7,10000.0,2400.0,measure,2,1,1191.119443246518,124.04890730977058
0,0.521,7,10000.0,2400.0,measure,2,1,1212.4721878482137,127.80798715539277
0,0.522,7,10000.0,2400.0,measure,2,1,1234.8368703519468,135.32608863897622
0,0.523,7,10000.0,2400.0,measure,2,1,1256.3830833270017,142.84419012255967
0,0.524,7,10000.0,2400.0,measure,2,1,1278.1762319054624,146.60328452009708
0,0.525,7,10000.0,2400.0,measure,2,1,1300.7305769209788,154.1213714517653
0,0.526,7,10000.0,2400.0,measure,2,1,1322.6727919223217,161.6395020391792
0,0.527,7,10000.0,2400.0,measure,2,1,1345.2271417078848,169.1576326265931
0,0.528,7,10000.0,2400.0,measure,2,1,1366.6531501164513,180.4347848519683
0,0.529,7,10000.0,2400.0,measure,2,1,1388.512761609274,191.7119516292587
0,0.53,7,10000.0,2400.0,measure,2,1,1411.0671117946151,199.23009676858783
0,0.531,7,10000.0,2400.0,measure,2,1,1432.7902776268224,210.507248993963
0,0.532,7,10000.0,2400.0,measure,2,1,1455.3446251841895,218.0253795813769
0,0.533,7,10000.0,2400.0,measure,2,1,1477.453942102393,229.30253180675209
0,0.534,7,10000.0,2400.0,measure,2,1,1497.3291730069939,218.02535047754645
0,0.535,8,10000.0,3000.0,settle,2,1,1518.3610239502882,199.23009676858783
0,0.536,8,10000.0,3000.0,settle,2,1,1539.9265917084908,202.9891184065491
0,0.537,8,10000.0,3000.0,settle,2,1,1551.7761529876298,187.9529154393822
0,0.538,8,10000.0,3000.0,settle,2,1,1564.4778840173526,169.15760352276266
0,0.539,8,10000.0,3000.0,settle,2,1,1579.3334845987022,157.88042219355702
0,0.54,8,10000.0,3000.0,settle,2,1,1604.5432464495577,142.84419012255967
0,0.541,8,10000.0,3000.0,settle,1,1,1010.8280976971423,195.4709878191352
0,0.542,8,10000.0,3000.0,settle,2,1,1034.0615890142967,97.73552301339805
0,0.543,8,10000.0,3000.0,settle,2,1,1058.939237592865,109.01268979068846
0,0.544,8,10000.0,3000.0,settle,2,1,1083.783032334155,112.77175508439541
0,0.545,8,10000.0,3000.0,settle,2,1,1108.6956596232637,120.28985656797886
0,0.546,8,10000.0,3000.0,settle,2,1,1132.254198691136,127.80795805156231
0,0.547,8,10000.0,3000.0,settle,2,1,1157.3307076191886,139.08519758842885
0,0.548,8,10000.0,3000.0,settle,2,1,1181.5717314778528,146.60325541626662
0,0.549,8,10000.0,3000.0,settle,2,1,1206.466291920134,154.1213714517653
0,0.55,8,10000.0,3000.0,measure,2,1,1230.6877223001618,165.39855278097093
0,0.551,8,10000.0,3000.0,measure,2,1,1256.0149216802702,176.67571955826133
0,0.552,8,10000.0,3000.0,measure,2,1,1280.9623853699522,184.19386469759047
0,0.553,8,10000.0,3000.0,measure,2,1,1304.9823055724737,195.47101692296565
0,0.554,8,10000.0,3000.0,measure,2,1,1330.4800659235843,210.50727809779346
0,0.555,8,10000.0,3000.0,measure,2,1,1354.4883915082603,221.7844157712534
0,0.556,8,10000.0,3000.0,measure,2,1,1379.2861964056306,233.0615825485438
0,0.557,8,10000.0,3000.0,measure,2,1,1403.5689217842378,244.33882208541036
0,0.558,8,10000.0,3000.0,measure,2,1,1426.5765547995143,233.0615825485438
0,0.559,8,10000.0,3000.0,measure,2,1,1450.985753641388,214.26629973575473
0,0.56,8,10000.0,3000.0,measure,2,1,1474.8809650978621,210.507248993963
0,0.561,8,10000.0,3000.0,measure,2,1,1497.7273359497797,210.50721989013255
0,0.562,8,10000.0,3000.0,measure,2,1,1522.0255410517966,210.5072926497087
0,0.563,8,10000.0,3000.0,measure,2,1,1541.6444260698856,206.74818370025605
0,0.564,8,10000.0,3000.0,measure,2,2,1553.9795607764972,195.47101692296565
0,0.565,8,10000.0,3000.0,measure,2,2,1567.7316036082716,180.4347848519683
0,0.566,8,10000.0,3000.0,measure,3,2,1588.2131828921151,112.77175508439541
0,0.567,8,10000.0,3000.0,measure,3,2,1616.4034168468788,60.14492828398943
0,0.568,8,10000.0,3000.0,measure,2,1,1111.336321087,127.80797260347754
0,0.569,8,10000.0,3000.0,measure,2,1,1135.0402570594317,135.32605953514576
0,0.57,8,10000.0,3000.0,measure,2,1,1159.6622177118359,150.36234981380403
0,0.571,8,10000.0,3000.0,measure,2,1,1185.21371784242,154.12134234793484
0,0.572,8,10000.0,3000.0,measure,2,1,1209.9256044384824,161.63953114300966
0,0.573,8,10000.0,3000.0,measure,2,1,1234.1257654293781,172.9166688164696
0,0.574,8,10000.0,3000.0,measure,2,1,1259.8572615043897,184.19383559376
0,0.575,8,10000.0,3000.0,measure,2,1,1284.9053759551184,195.4710460267961
0,0.576,8,10000.0,3000.0,measure,2,1,1309.116087698688,206.74816914834082
0,0.577,8,10000.0,3000.0,measure,2,1,1334.8259810821983,218.02539413329214
0,0.578,8,10000.0,3000.0,measure,2,1,1359.6553093401155,229.30253180675209
0,0.579,8,10000.0,3000.0,measure,2,1,1383.3888064255007,240.57971313595772
0,0.58,8,10000.0,3000.0,measure,2,1,1407.6829064214805,255.61597431078553
0,0.581,8,10000.0,3000.0,measure,2,1,1432.0702022691337,255.61591610312462
0,0.582,8,10000.0,3000.0,measure,2,1,1456.0952547374957,233.06161165237427
0,0.583,8,10000.0,3000.0,measure,2,1,1478.649605754375,225.5434956168756
0,0.584,8,10000.0,3000.0,measure,2,1,1502.9307346106007,221.7844157712534
0,0.585,8,10000.0,3000.0,measure,2,1,1525.7426932491837,225.54348106496036
0,0.586,8,10000.0,3000.0,measure,2,1,1537.9610362380179,210.507248993963
0,0.587,8,10000.0,3000.0,measure,2,1,1549.7390543407655,195.47101692296565
0,0.588,8,10000.0,3000.0,measure,2,2,1564.7468603223222,180.4347848519683
0,0.589,8,10000.0,3000.0,measure,3,2,1579.0869341193077,120.28985656797886
0,0.59,8,10000.0,3000.0,measure,3,2,1604.817599382288,82.69923273473978
0,0.591,8,10000.0,3000.0,measure,2,1,1108.0691504806357,131.56705244909972
0,0.592,8,10000.0,3000.0,measure,2,1,1134.0014791336946,135.32605953514576
0,0.593,8,10000.0,3000.0,measure,2,1,1157.5946055885975,146.6032990720123
0,0.594,8,10000.0,3000.0,measure,2,1,1181.9933786535182,157.88039308972657
0,0.595,8,10000.0,3000.0,measure,2,1,1207.8829873294912,161.63953114300966
0,0.596,8,10000.0,3000.0,measure,2,1,1232.479954202029,172.9166688164696
0,0.597,8,10000.0,3000.0,measure,2,1,1256.680108280172,184.19380648992956
0,0.598,8,10000.0,3000.0,measure,2,1,1282.9020352952307,195.4710460267961
0,0.599,8,10000.0,3000.0,measure,2,1,1307.2436639424604,206.74816914834082
0,0.6,8,10000.0,3000.0,measure,2,1,1331.6704338649288,218.02539413329214
1,0.0,0,16000.0,3000.0,settle,0,0,,
1,0.001,0,16000.0,3000.0,settle,0,0,,
1,0.002,0,16000.0,3000.0,settle,0,0,,
1,0.003,0,16000.0,3000.0,settle,0,0,,
1,0.004,0,16000.0,3000.0,settle,0,0,,
1,0.005,0,16000.0,3000.0,settle,0,0,,
1,0.006,0,16000.0,3000.0,settle,0,0,,
1,0.007,0,16000.0,3000.0,settle,0,0,,
1,0.008,0,16000.0,3000.0,settle,0,0,,
1,0.009,0,16000.0,3000.0,settle,1,0,658.7142963647185,15.036261174827814
1,0.01,0,16000.0,3000.0,settle,1,0,665.3147633187473,30.072464141994715
1,0.011,0,16000.0,3000.0,settle,1,0,672.4714319436596,45.10872531682253
1,0.012,0,16000.0,3000.0,settle,1,0,680.6885029354523,60.14492828398943
1,0.013,0,16000.0,3000.0,settle,1,0,689.5155801903456,82.6992909424007
1,0.014,0,16000.0,3000.0,settle,1,0,699.9040085459186,97.73552301339805
1,0.015,0,16000.0,3000.0,settle,1,0,713.1890535155046,127.80798715539277
1,0.016,0,16000.0,3000.0,settle,1,0,727.4311990724838,150.36232070997357
1,0.017,0,16000.0,3000.0,settle,1,0,744.9023767279599,180.4347848519683
1,0.018,0,16000.0,3000.0,settle,1,0,763.6091533689051,210.507248993963
1,0.019,0,16000.0,3000.0,settle,1,0,784.7104215408873,240.57971313595772
1,0.02,0,16000.0,3000.0,settle,1,0,815.8853870917355,233.0615825485438
1,0.021,0,16000.0,3000.0,settle,1,0,858.1275908675576,195.4709878191352
1,0.022,0,16000.0,3000.0,settle,1,0,894.3647258470694,180.4347848519683
1,0.023,0,16000.0,3000.0,settle,1,0,929.809993861635,172.91668336838484
1,0.024,0,16000.0,3000.0,settle,1,0,964.2161561622111,172.91662516072392
1,0.025,0,16000.0,3000.0,settle,1,0,997.9202520098316,172.91668336838484
1,0.026,0,16000.0,3000.0,settle,1,1,1032.3330775801358,165.39852367714047
1,0.027,0,16000.0,3000.0,settle,1,1,1066.3690900503746,172.91668336838484
1,0.028,0,16000.0,3000.0,settle,1,1,1099.6397441803392,165.39852367714047
1,0.029,0,16000.0,3000.0,settle,2,1,1134.2636435873087,90.21740697789937
1,0.03,0,16000.0,3000.0,measure,2,1,1168.1143997438166,93.97644316777587
1,0.031,0,16000.0,3000.0,measure,2,1,1202.5861847879632,105.25363904889673
1,0.032,0,16000.0,3000.0,measure,2,1,1237.2725184170783,109.01270434260368
1,0.033,0,16000.0,3000.0,measure,2,1,1272.5564040672245,116.53076217044145
1,0.034,0,16000.0,3000.0,measure,2,1,1305.918038600463,127.80798715539277
1,0.035,0,16000.0,3000.0,measure,2,1,1340.2194450794593,135.32605953514576
1,0.036,0,16000.0,3000.0,measure,2,1,1375.5028422123619,150.3623352618888
1,0.037,0,16000.0,3000.0,measure,2,1,1410.189181611217,161.63948748726398
1,0.038,0,16000.0,3000.0,measure,2,1,1445.473070899342,176.6757486620918
1,0.039,0,16000.0,3000.0,measure,2,1,1479.7317549395798,191.71196618117392
1,0.04,0,16000.0,3000.0,measure,2,1,1513.5784151165615,202.9891184065491
1,0.041,0,16000.0,3000.0,measure,2,1,1547.3755408277616,191.71196618117392
1,0.042,0,16000.0,3000.0,measure,2,1,1567.4441988857193,165.3985382290557
1,0.043,0,16000.0,3000.0,measure,2,1,1590.6418509900482,142.84419012255967
1,0.044,0,16000.0,3000.0,measure,2,1,1626.8191474308776,109.01270434260368
1,0.045,0,16000.0,3000.0,measure,1,0,979.842902224559,165.39855278097093
1,0.046,0,16000.0,3000.0,measure,1,1,1014.0998170258667,172.91665426455438
1,0.047,0,16000.0,3000.0,measure,1,1,1048.6899525526796,172.91668336838484
1,0.048,0,16000.0,3000.0,measure,1,1,1084.5670061971343,165.39852367714047
1,0.049,0,16000.0,3000.0,measure,2,1,1118.1522046674859,90.21740697789937
1,0.05,0,16000.0,3000.0,measure,2,1,1152.2665587439076,93.97641406394541
1,0.051,0,16000.0,3000.0,measure,2,1,1187.0805574289989,105.25363904889673
1,0.052,0,16000.0,3000.0,measure,2,1,1221.059264415609,109.01264613494277
1,0.053,0,16000.0,3000.0,measure,2,1,1256.3822142812035,120.28988567180932
1,0.054,0,16000.0,3000.0,measure,2,1,1290.6532181907055,131.5670378971845
1,0.055,0,16000.0,3000.0,measure,2,1,1325.1832143313632,139.0851684845984
1,0.056,0,16000.0,3000.0,measure,2,1,1359.9527933093536,154.12140055559576
1,0.057,0,16000.0,3000.0,measure,2,1,1394.2662500471215,165.39855278097093
1,0.058,0,16000.0,3000.0,measure,2,1,1430.2075543358626,176.6757486620918
1,0.059,0,16000.0,3000.0,measure,2,1,1463.985528950805,195.47100237105042
1,0.06,0,16000.0,3000.0,measure,2,1,1498.0998821556568,206.7482128040865
1,0.061,0,16000.0,3000.0,measure,2,1,1531.744077696172,187.95290088746697
1,0.062,0,16000.0,3000.0,measure,2,1,1559.5757992467977,172.91669792030007
1,0.063,0,16000.0,3000.0,measure,2,1,1580.9099034716685,146.6032408643514
1,0.064,0,16000.0,3000.0,measure,2,1,1607.1025154315957,124.04889275785536
1,0.065,0,16000.0,3000.0,measure,1,0,987.6754682876967,165.3985818848014
1,0.066,0,16000.0,3000.0,measure,1,1,1021.831515407195,172.91662516072392
1,0.067,0,16000.0,3000.0,measure,1,1,1057.043415394763,172.91668336838484
1,0.068,0,16000.0,3000.0,measure,1,1,1092.0851206157538,165.39846546947956
1,0.069,0,16000.0,3000.0,measure,2,1,1125.4832696233113,93.97647227160633
1,0.07,0,16000.0,3000.0,measure,2,1,1159.7846714721527,93.97641406394541
1,0.071,0,16000.0,3000.0,measure,2,1,1194.5986741259483,105.25363904889673
1,0.072,0,16000.0,3000.0,measure,2,1,1228.0751912565397,112.77172598056495
1,0.073,0,16000.0,3000.0,measure,2,1,1263.9003305263839,120.28985656797886
1,0.074,0,16000.0,3000.0,measure,2,1,1298.3999219035138,135.32610319089144
1,0.075,0,16000.0,3000.0,measure,2,1,1332.7013306975873,142.84419012255967
1,0.076,0,16000.0,3000.0,measure,2,1,1367.51533070558,157.88045129738748
1,0.077,0,16000.0,3000.0,measure,2,1,1402.0303189516364,165.39852367714047
1,0.078,0,16000.0,3000.0,measure,2,1,1437.9549538716674,180.43481395579875
1,0.079,0,16000.0,3000.0,measure,2,1,1471.7651151427576,199.23009676858783
1,0.08,1,10000.0,2400.0,settle,2,1,1505.6179991833314,206.7482128040865
1,0.081,1,10000.0,2400.0,settle,2,1,1526.3183468259635,180.43475574813783
1,0.082,1,10000.0,2400.0,settle,2,1,1548.635427805163,176.67573411017656
1,0.083,1,10000.0,2400.0,settle,2,1,1560.8078065015688,161.6395020391792
1,0.084,1,10000.0,2400.0,settle,2,1,1573.2078118162462,150.36229160614312
1,0.085,1,10000.0,2400.0,settle,2,1,1588.0006023993094,135.32611774280667
1,0.086,1,10000.0,2400.0,settle,2,1,1620.5122771983345,109.01268979068846
1,0.087,1,10000.0,2400.0,settle,1,0,974.9528956446093,165.39852367714047
1,0.088,1,10000.0,2400.0,settle,1,0,996.7748204647779,165.3985818848014
1,0.089,1,10000.0,2400.0,settle,1,1,1018.9908642298012,165.39852367714047
1,0.09,1,10000.0,2400.0,settle,1,1,1040.052456106126,165.39855278097093
1,0.091,1,10000.0,2400.0,settle,1,1,1061.632251366973,165.3985818848014
1,0.092,1,10000.0,2400.0,settle,2,1,1082.620581461691,82.69927639048547
1,0.093,1,10000.0,2400.0,settle,2,1,1105.0235123422017,86.45834168419242
1,0.094,1,10000.0,2400.0,settle,2,1,1127.0975593889002,90.2174215298146
1,0.095,1,10000.0,2400.0,measure,2,1,1148.6586717410974,101.49455920327455
1,0.096,1,10000.0,2400.0,measure,2,1,1170.747038137093,105.2536244969815
1,0.097,1,10000.0,2400.0,measure,2,1,1191.6642049247437,112.77175508439541
1,0.098,1,10000.0,2400.0,measure,2,1,1213.3568762147795,116.53076217044145
1,0.099,1,10000.0,2400.0,measure,2,1,1234.9049402159992,124.04893641360104
1,0.1,1,10000.0,2400.0,measure,2,1,1256.2710824609871,131.56705244909972
1,0.101,1,10000.0,2400.0,measure,2,1,1278.091582364969,135.32605953514576
1,0.102,1,10000.0,2400.0,measure,2,1,1300.2550590486414,142.84423377830535
1,0.103,1,10000.0,2400.0,measure,2,1,1322.5685631136173,150.36234981380403
1,0.104,1,10000.0,2400.0,measure,2,1,1344.1296714701573,161.63945838343352
1,0.105,1,10000.0,2400.0,measure,2,1,1366.2180443024822,172.91668336838484
1,0.106,1,10000.0,2400.0,measure,2,1,1387.8484205633868,180.43481395579875
1,0.107,1,10000.0,2400.0,measure,2,1,1409.4634907555649,191.7119516292587
1,0.108,1,10000.0,2400.0,measure,2,1,1431.0375612861553,199.23009676858783
1,0.109,1,10000.0,2400.0,measure,2,1,1452.1093606204863,210.507248993963
1,0.11,1,10000.0,2400.0,measure,2,1,1473.4111835297217,206.74818370025605
1,0.111,1,10000.0,2400.0,measure,2,1,1494.582393206656,191.71196618117392
1,0.112,1,10000.0,2400.0,measure,2,1,1514.7171196013946,187.95288633555174
1,0.113,1,10000.0,2400.0,measure,2,1,1535.1640328366548,184.19383559376
1,0.114,1,10000.0,2400.0,measure,2,1,1554.86165824572,184.1938792495057
1,0.115,1,10000.0,2400.0,measure,2,1,1565.8310170747563,169.15758897084743
1,0.116,1,10000.0,2400.0,measure,2,1,1578.763069979516,157.88042219355702
1,0.117,1,10000.0,2400.0,measure,2,1,1597.7843377186218,146.6032990720123
1,0.118,1,10000.0,2400.0,measure,1,1,1005.1166847562284,195.4709878191352
1,0.119,1,10000.0,2400.0,measure,1,1,1027.00057247407,195.47101692296565
1,0.12,1,10000.0,2400.0,measure,1,1,1049.330911213611,195.4710460267961
1,0.121,1,10000.0,2400.0,measure,1,1,1071.475688892771,195.4709878191352
1,0.122,1,10000.0,2400.0,measure,2,1,1092.548593719122,97.73555211722851
1,0.123,1,10000.0,2400.0,measure,2,1,1114.5470222954657,105.2536244969815
1,0.124,1,10000.0,2400.0,measure,2,1,1135.757312143301,109.01267523877323
1,0.125,1,10000.0,2400.0,measure,2,1,1157.9930180838953,112.77175508439541
1,0.126,1,10000.0,2400.0,measure,2,1,1180.0458127271795,116.53080582618713
1,0.127,1,10000.0,2400.0,measure,2,1,1201.9311353259793,120.28985656797886
1,0.128,1,10000.0,2400.0,measure,2,1,1223.1142174208626,131.56705244909972
1,0.129,1,10000.0,2400.0,measure,2,1,1245.6685628941548,139.08513938076794
1,0.13,1,10000.0,2400.0,measure,2,1,1267.3917284151892,142.84419012255967
1,0.131,1,10000.0,2400.0,measure,2,1,1289.9460754234274,150.36232070997357
1,0.132,1,10000.0,2400.0,measure,2,1,1311.596119468856,157.88042219355702
1,0.133,1,10000.0,2400.0,measure,2,1,1333.330536671689,165.3985818848014
1,0.134,1,10000.0,2400.0,measure,2,1,1355.1267219777658,176.67571955826133
1,0.135,1,10000.0,2400.0,measure,2,1,1377.6810681623108,184.19383559376
1,0.136,1,10000.0,2400.0,measure,2,1,1399.3843098913476,195.47107513062656
1,0.137,1,10000.0,2400.0,measure,2,1,1421.28676543291,202.9891184065491
1,0.138,1,10000.0,2400.0,measure,2,1,1443.6814130195194,214.26629973575473
1,0.139,1,10000.0,2400.0,measure,2,1,1465.6258660996202,221.7844594269991
1,0.14,1,10000.0,2400.0,measure,2,1,1486.705798537662,233.0615825485438
1,0.141,1,10000.0,2400.0,measure,2,1,1507.9714371581158,210.50723444204777
1,0.142,1,10000.0,2400.0,measure,2,1,1528.403422811867,199.2300822166726
1,0.143,1,10000.0,2400.0,measure,2,1,1544.511431954258,195.47100237105042
1,0.144,1,10000.0,2400.0,measure,2,1,1555.235936705555,184.1938792495057
1,0.145,2,10000.0,3000.0,settle,2,1,1567.1813882709969,172.91665426455438
1,0.146,2,10000.0,3000.0,settle,2,1,1584.3739852116719,157.88042219355702
1,0.147,2,10000.0,3000.0,settle,2,1,1611.7998417718588,131.5670378971845
1,0.148,2,10000.0,3000.0,settle,1,1,1011.2697183948887,195.4709878191352
1,0.149,2,10000.0,3000.0,settle,1,1,1035.2167111430492,195.4710460267961
1,0.15,2,10000.0,3000.0,settle,2,1,1060.9146456126018,101.49455920327455
1,0.151,2,10000.0,3000.0,settle,2,1,1085.2738342460652,109.01270434260368
1,0.152,2,10000.0,3000.0,settle,2,1,1109.119215291518,116.5307912742719
1,0.153,2,10000.0,3000.0,settle,2,1,1133.3700432773167,124.04890730977058
1,0.154,2,10000.0,3000.0,settle,2,1,1158.279422504295,131.56705244909972
1,0.155,2,10000.0,3000.0,settle,2,1,1183.5096504127737,139.08513938076794
1,0.156,2,10000.0,3000.0,settle,2,1,1207.2468050733594,146.60325541626662
1,0.157,2,10000.0,3000.0,settle,2,1,1232.0675782338492,161.63947293534875
1,0.158,2,10000.0,3000.0,settle,2,1,1256.7528860669863,169.15760352276266
1,0.159,2,10000.0,3000.0,settle,2,1,1281.5506917269643,180.43481395579875
1,0.16,2,10000.0,3000.0,measure,2,1,1306.2866982315354,187.95288633555174
1,0.161,2,10000.0,3000.0,measure,2,1,1331.196077046029,202.98914751037955
1,0.162,2,10000.0,3000.0,measure,2,1,1356.2313721093096,214.26629973575473
1,0.163,2,10000.0,3000.0,measure,2,1,1380.30531634972,225.54348106496036
1,0.164,2,10000.0,3000.0,measure,2,1,1404.9842414640384,240.5797567917034
1,0.165,2,10000.0,3000.0,measure,2,1,1429.5130275931851,248.09781461954117
1,0.166,2,10000.0,3000.0,measure,2,1,1452.4288495189287,225.5434956168756
1,0.167,2,10000.0,3000.0,measure,2,1,1476.716167066073,214.26627063192427
1,0.168,2,10000.0,3000.0,measure,2,1,1500.0082883642804,210.507248993963
1,0.169,2,10000.0,3000.0,measure,2,1,1523.0076708764998,210.50727809779346
1,0.17,2,10000.0,3000.0,measure,2,1,1542.2337397467345,206.74819825217128
1,0.171,2,10000.0,3000.0,measure,2,1,1554.203877421274,195.47101692296565
1,0.172,2,10000.0,3000.0,measure,2,2,1568.2290727178367,180.43475574813783
1,0.173,2,10000.0,3000.0,measure,2,2,1584.814514816654,169.15761807467788
1,0.174,2,10000.0,3000.0,measure,3,2,1612.3579244116602,67.66302976757288
1,0.175,2,10000.0,3000.0,measure,2,1,1094.1559058346588,124.04893641360104
1,0.176,2,10000.0,3000.0,measure,2,1,1119.07003707721,131.56700879335403
1,0.177,2,10000.0,3000.0,measure,2,1,1143.183644373055,139.08513938076794
1,0.178,2,10000.0,3000.0,measure,2,1,1167.5980511495538,150.36234981380403
1,0.179,2,10000.0,3000.0,measure,2,1,1193.5006246005507,157.8804076416418
1,0.18,2,10000.0,3000.0,measure,2,1,1217.8177453515561,165.3985818848014
1,0.181,2,10000.0,3000.0,measure,2,1,1242.0594635608936,176.6757050063461
1,0.182,2,10000.0,3000.0,measure,2,1,1267.8658016411798,187.95292999129742
1,0.183,2,10000.0,3000.0,measure,2,1,1292.423492110881,199.23006766475737
1,0.184,2,10000.0,3000.0,measure,2,1,1316.825032189473,210.50721989013255
1,0.185,2,10000.0,3000.0,measure,2,1,1342.344098284306,221.7844594269991
1,0.186,2,10000.0,3000.0,measure,2,1,1367.3885922264499,233.06156799662858
1,0.187,2,10000.0,3000.0,measure,2,1,1391.3484942947346,244.3387929815799
1,0.188,2,10000.0,3000.0,measure,2,1,1415.2010233129743,259.37502505257726
1,0.189,2,10000.0,3000.0,measure,2,1,1439.1279445847158,248.09781461954117
1,0.19,2,10000.0,3000.0,measure,2,1,1463.6133719856539,229.30253180675209
1,0.191,2,10000.0,3000.0,measure,2,1,1486.167721062278,225.5434519611299
1,0.192,2,10000.0,3000.0,measure,2,1,1510.4488510068907,221.78443032316864
1,0.193,2,10000.0,3000.0,measure,2,1,1529.5140929372303,218.0253795813769
1,0.194,2,10000.0,3000.0,measure,2,1,1542.9068338794712,206.74818370025605
1,0.195,2,10000.0,3000.0,measure,2,2,1554.3640317102538,195.47103147488087
1,0.196,2,10000.0,3000.0,measure,2,2,1568.9483095713435,176.67571955826133
1,0.197,2,10000.0,3000.0,measure,3,2,1585.6066674611272,112.77175508439541
1,0.198,2,10000.0,3000.0,measure,3,2,1617.9137528524734,60.14492828398943
1,0.199,2,10000.0,3000.0,measure,2,1,1116.8532835510928,135.32608863897622
1,0.2,2,10000.0,3000.0,measure,2,1,1141.4087792158064,139.08513938076794
1,0.201,2,10000.0,3000.0,measure,2,1,1165.8302188997786,146.6032990720123
1,0.202,2,10000.0,3000.0,measure,2,1,1190.6431172974408,161.63945838343352
1,0.203,2,10000.0,3000.0,measure,2,1,1216.7007513536312,165.3985818848014
1,0.204,2,10000.0,3000.0,measure,2,1,1240.1690952000652,176.6757050063461
1,0.205,2,10000.0,3000.0,measure,2,1,1265.3335491994153,191.71198073308915
1,0.206,2,10000.0,3000.0,measure,2,1,1290.5822611376955,199.23006766475737
1,0.207,2,10000.0,3000.0,measure,2,1,1315.1792209213656,210.50721989013255
1,0.208,2,10000.0,3000.0,measure,2,1,1339.379381359261,221.7844594269991
1,0.209,2,10000.0,3000.0,measure,2,1,1365.4858034506317,233.06156799662858
1,0.21,3,13000.0,3000.0,settle,2,1,1390.1589944389118,244.3387929815799
1,0.211,3,13000.0,3000.0,settle,2,1,1419.3899629205682,259.3749959487468
1,0.212,3,13000.0,3000.0,settle,2,1,1447.8068064656147,233.06161165237427
1,0.213,3,13000.0,3000.0,settle,2,1,1475.289589831706,229.30257546249777
1,0.214,3,13000.0,3000.0,settle,2,1,1503.5839065430198,221.78440121933818
1,0.215,3,13000.0,3000.0,settle,2,1,1529.2248381169297,221.7844594269991
1,0.216,3,13000.0,3000.0,settle,2,1,1544.1400732191642,202.9891184065491
1,0.217,3,13000.0,3000.0,settle,2,2,1561.258006689962,187.95294454321265
1,0.218,3,13000.0,3000.0,settle,2,2,1579.5491351723742,176.6757050063461
1,0.219,3,13000.0,3000.0,settle,3,2,1604.2826974409677,82.69923273473978
1,0.22,3,13000.0,3000.0,settle,2,1,1117.8765873536,120.2898274641484
1,0.221,3,13000.0,3000.0,settle,2,1,1147.9490468585063,127.808001707308
1,0.222,3,13000.0,3000.0,settle,2,1,1178.1045388153686,135.32605953514576
1,0.223,3,13000.0,3000.0,settle,2,1,1208.1769978428829,142.84423377830535
1,0.224,3,13000.0,3000.0,settle,2,1,1237.798761723156,154.12134234793484
1,0.225,3,13000.0,3000.0,measure,2,1,1267.6286192512828,161.63953114300966
1,0.226,3,13000.0,3000.0,measure,2,1,1297.457459262859,172.91663971263915
1,0.227,3,13000.0,3000.0,measure,2,1,1327.529918001611,184.19386469759047
1,0.228,3,13000.0,3000.0,measure,2,1,1357.6023863188389,199.23006766475737
1,0.229,3,13000.0,3000.0,measure,2,1,1387.6748462856003,210.50727809779346
1,0.23,3,13000.0,3000.0,measure,2,1,1417.7473146028283,225.54348106496036
1,0.231,3,13000.0,3000.0,measure,2,1,1447.3931406135277,236.82069149799645
1,0.232,3,13000.0,3000.0,measure,2,1,1475.6302500413653,236.82067694608122
1,0.233,3,13000.0,3000.0,measure,2,1,1504.755048707378,218.02536502946168
1,0.234,3,13000.0,3000.0,measure,2,1,1529.9529330348616,210.507248993963
1,0.235,3,13000.0,3000.0,measure,2,1,1547.3962008260964,187.9529154393822
1,0.236,3,13000.0,3000.0,measure,2,1,1562.4376081851788,172.91665426455438
1,0.237,3,13000.0,3000.0,measure,2,1,1581.7414588838965,154.12138600368053
1,0.238,3,13000.0,3000.0,measure,2,2,1606.2226374439585,139.0851248288527
1,0.239,3,13000.0,3000.0,measure,1,1,1055.7068621791486,195.47101692296565
1,0.24,3,13000.0,3000.0,measure,2,1,1085.5272066512025,105.25365360081196
1,0.241,3,13000.0,3000.0,measure,2,1,1115.01013488495,112.77172598056495
1,0.242,3,13000.0,3000.0,measure,2,1,1144.3743828045665,120.28985656797886
1,0.243,3,13000.0,3000.0,measure,2,1,1173.9361947862271,124.04890730977058
1,0.244,3,13000.0,3000.0,measure,2,1,1203.8201905140113,131.5670378971845
1,0.245,3,13000.0,3000.0,measure,2,1,1233.2617808064715,142.8442046744749
1,0.246,3,13000.0,3000.0,measure,2,1,1262.595362764502,150.36232070997357
1,0.247,3,13000.0,3000.0,measure,2,1,1292.3537982920645,161.6395020391792
1,0.248,3,13000.0,3000.0,measure,2,1,1322.0383489907192,176.67573411017656
1,0.249,3,13000.0,3000.0,measure,2,1,1352.1108141338284,187.95290088746697
1,0.25,3,13000.0,3000.0,measure,2,1,1381.5475656524484,199.23006766475737
1,0.251,3,13000.0,3000.0,measure,2,1,1411.4016615395694,214.26629973575473
1,0.252,3,13000.0,3000.0,measure,2,1,1441.0187031538917,229.30253180675209
1,0.253,3,13000.0,3000.0,measure,2,1,1469.0361616638615,210.50726354587823
1,0.254,3,13000.0,3000.0,measure,2,1,1497.215173425682,199.23006766475737
1,0.255,3,13000.0,3000.0,measure,2,1,1526.0065003030495,195.4710460267961
1,0.256,3,13000.0,3000.0,measure,2,1,1548.2130597875866,187.95290088746697
1,0.257,3,13000.0,3000.0,measure,2,1,1564.4245769404324,172.9166688164696
1,0.258,3,13000.0,3000.0,measure,2,1,1584.073371161721,154.1213714517653
1,0.259,3,13000.0,3000.0,measure,2,2,1609.5348462626778,131.56700879335403
1,0.26,3,13000.0,3000.0,measure,1,1,1062.0870419865098,195.4709878191352
1,0.261,3,13000.0,3000.0,measure,2,1,1091.6780510669564,105.25368270464242
1,0.262,3,13000.0,3000.0,measure,2,1,1121.238257567684,109.01267523877323
1,0.263,3,13000.0,3000.0,measure,2,1,1151.0713411282482,116.53080582618713
1,0.264,3,13000.0,3000.0,measure,2,1,1180.3219520291427,124.04890730977058
1,0.265,3,13000.0,3000.0,measure,2,1,1209.6333218290022,131.5670378971845
1,0.266,3,13000.0,3000.0,measure,2,1,1239.5404959659509,142.8442046744749
1,0.267,3,13000.0,3000.0,measure,2,1,1268.853740239048,154.1213714517653
1,0.268,3,13000.0,3000.0,measure,2,1,1298.8482898009229,165.39855278097093
1,0.269,3,13000.0,3000.0,measure,2,1,1328.4752355244607,176.67573411017656
1,0.27,3,13000.0,3000.0,measure,2,1,1358.3194271956415,187.95290088746697
1,0.271,3,13000.0,3000.0,measure,2,1,1387.6814932848076,202.98913295846432
1,0.272,3,13000.0,3000.0,measure,2,1,1417.5398502266034,214.26629973575473
1,0.273,3,13000.0,3000.0,measure,2,1,1447.6123146596365,229.30253180675209
1,0.274,3,13000.0,3000.0,measure,2,1,1474.8502261060669,206.74818370025605
1,0.275,4,10000.0,3600.0,settle,2,1,1503.4521516602422,195.47101692296565
1,0.276,4,10000.0,3600.0,settle,2,1,1530.3115916321985,191.71193707734346
1,0.277,4,10000.0,3600.0,settle,2,1,1549.3407775846938,187.9529154393822
1,0.278,4,10000.0,3600.0,settle,2,1,1563.9712732601245,169.15758897084743
1,0.279,4,10000.0,3600.0,settle,2,1,1582.9324475627873,154.12138600368053
1,0.28,4,10000.0,3600.0,settle,3,2,1607.5994422589179,75.18113125115633
1,0.281,4,10000.0,3600.0,settle,2,1,1050.4348991139805,105.25363904889673
1,0.282,4,10000.0,3600.0,settle,2,1,1076.5162653025286,112.77174053248018
1,0.283,4,10000.0,3600.0,settle,2,1,1104.4551453236581,124.04890730977058
1,0.284,4,10000.0,3600.0,settle,2,1,1131.9343234061676,135.32608863897622
1,0.285,4,10000.0,3600.0,settle,2,1,1158.5124798285046,146.60326996818185
1,0.286,4,10000.0,3600.0,settle,2,1,1185.4399866447554,157.88043674547225
1,0.287,4,10000.0,3600.0,settle,2,1,1213.6572201089714,169.15760352276266
1,0.288,4,10000.0,3600.0,settle,2,1,1240.763887130644,180.4347848519683
1,0.289,4,10000.0,3600.0,settle,2,1,1267.5554918532005,195.47101692296565
1,0.29,4,10000.0,3600.0,measure,2,1,1295.420523219628,206.74819825217128
1,0.291,4,10000.0,3600.0,measure,2,1,1322.8323279932747,221.78443032316864
1,0.292,4,10000.0,3600.0,measure,2,1,1350.0421307401832,236.820662394166
1,0.293,4,10000.0,3600.0,measure,2,1,1376.446910207125,248.0978291714564
1,0.294,4,10000.0,3600.0,measure,2,1,1403.3106506094985,263.134075794369
1,0.295,4,10000.0,3600.0,measure,2,1,1430.2863215995262,278.17030786536634
1,0.296,4,10000.0,3600.0,measure,2,1,1455.295754513189,244.3387929815799
1,0.297,4,10000.0,3600.0,measure,2,1,1482.0705945396078,229.30256091058254
1,0.298,4,10000.0,3600.0,measure,2,1,1507.922566544487,225.54348106496036
1,0.299,4,10000.0,3600.0,measure,2,1,1535.0559380621503,233.0615825485438
1,0.3,4,10000.0,3600.0,measure,2,2,1552.6203770664406,214.26631428766996
1,0.301,4,10000.0,3600.0,measure,3,2,1568.0980996518028,142.8441610187292
1,0.302,4,10000.0,3600.0,measure,3,2,1585.8848290805695,112.77175508439541
1,0.303,4,10000.0,3600.0,measure,3,2,1616.7651518203672,60.14492828398943
1,0.304,4,10000.0,3600.0,measure,2,1,1141.6363418670755,157.88043674547225
1,0.305,4,10000.0,3600.0,measure,2,1,1168.9208472376272,172.91665426455438
1,0.306,4,10000.0,3600.0,measure,2,1,1196.2702729421032,184.19383559376
1,0.307,4,10000.0,3600.0,measure,2,1,1224.444996553897,191.71196618117392
1,0.308,4,10000.0,3600.0,measure,2,1,1252.3157451031695,206.7482128040865
1,0.309,4,10000.0,3600.0,measure,2,1,1279.5045585205246,221.7844157712534
1,0.31,4,10000.0,3600.0,measure,2,1,1307.5095396613638,233.06161165237427
1,0.311,4,10000.0,3600.0,measure,2,1,1336.0883930218215,248.09781461954117
1,0.312,4,10000.0,3600.0,measure,2,1,1363.0316224730304,263.134075794369
1,0.313,4,10000.0,3600.0,measure,2,1,1390.6652708621032,274.41122801974416
1,0.314,4,10000.0,3600.0,measure,2,1,1418.7876690738901,289.4474600907415
1,0.315,4,10000.0,3600.0,measure,2,1,1445.080902534062,304.4836921617389
1,0.316,4,10000.0,3600.0,measure,2,1,1472.542818266845,312.0018227491528
1,0.317,4,10000.0,3600.0,measure,2,1,1500.1631382348744,334.5561563037336
1,0.318,4,10000.0,3600.0,measure,2,1,1518.3266506276348,338.31523614935577
1,0.319,4,10000.0,3600.0,measure,2,1,1533.068720754191,338.3152070455253
1,0.32,4,10000.0,3600.0,measure,2,1,1548.0160866808917,338.31523614935577
1,0.321,4,10000.0,3600.0,measure,1,1,1564.1966544507975,150.36232070997357
1,0.322,4,10000.0,3600.0,measure,1,1,1583.4810148352635,120.28985656797886
1,0.323,4,10000.0,3600.0,measure,1,1,1614.510068012511,67.66302976757288
1,0.324,4,10000.0,3600.0,measure,2,1,1123.6782722793544,236.82067694608122
1,0.325,4,10000.0,3600.0,measure,2,1,1154.8511782488667,218.025321373716
1,0.326,4,10000.0,3600.0,measure,2,1,1182.0091797433843,218.0253795813769
1,0.327,4,10000.0,3600.0,measure,2,1,1210.3814590242596,225.5434519611299
1,0.328,4,10000.0,3600.0,measure,2,1,1238.7088559188885,229.30256091058254
1,0.329,4,10000.0,3600.0,measure,2,1,1265.2037323393401,244.33876387774944
1,0.33,4,10000.0,3600.0,measure,2,1,1292.5916233117707,251.85690901707858
1,0.331,4,10000.0,3600.0,measure,2,1,1321.6211437173545,263.13406124245375
1,0.332,4,10000.0,3600.0,measure,2,1,1347.4796275433248,278.1702787615359
1,0.333,4,10000.0,3600.0,measure,2,1,1374.8381433347256,285.68843845278025
1,0.334,4,10000.0,3600.0,measure,2,1,1402.8374654375218,304.4836630579084
1,0.335,4,10000.0,3600.0,measure,2,1,1429.0881067601777,315.7608734909445
1,0.336,4,10000.0,3600.0,measure,2,1,1456.9472299464594,327.0380257163197
1,0.337,4,10000.0,3600.0,measure,2,1,1484.1090443323906,345.8333376329392
1,0.338,4,10000.0,3600.0,measure,2,1,1502.8408198932211,353.3514682203531
1,0.339,4,10000.0,3600.0,measure,2,1,1517.277519165187,353.35143911652267
1,0.34,5,13000.0,3600.0,settle,2,1,1533.726545638225,349.59238837473094
1,0.341,5,13000.0,3600.0,settle,1,1,1551.4229099377435,172.91668336838484
1,0.342,5,13000.0,3600.0,settle,1,1,1571.5277131600499,135.32605953514576
1,0.343,5,13000.0,3600.0,settle,1,1,1597.9029903119592,97.73555211722851
1,0.344,5,13000.0,3600.0,settle,0,0,,
1,0.345,5,13000.0,3600.0,settle,0,0,,
1,0.346,5,13000.0,3600.0,settle,0,0,,
1,0.347,5,13000.0,3600.0,settle,2,1,1252.7465427043935,274.4112571235746
1,0.348,5,13000.0,3600.0,settle,2,1,1288.8655307915237,259.3749813968316
1,0.349,5,13000.0,3600.0,settle,2,1,1322.0833755566275,263.13406124245375
1,0.35,5,13000.0,3600.0,settle,2,1,1355.0710938341392,266.8931265361607
1,0.351,5,13000.0,3600.0,settle,2,1,1387.1870641877415,274.4112425716594
1,0.352,5,13000.0,3600.0,settle,2,1,1420.1152471195192,285.68843845278025
1,0.353,5,13000.0,3600.0,settle,2,1,1452.4042974677823,296.96556157432497
1,0.354,5,13000.0,3600.0,settle,2,1,1484.5321822281257,312.00185185298324
1,0.355,5,13000.0,3600.0,measure,2,1,1509.3779992560887,319.51992423273623
1,0.356,5,13000.0,3600.0,measure,2,1,1527.391080739379,315.76090259477496
1,0.357,5,13000.0,3600.0,measure,2,1,1544.3194442469926,315.7608734909445
1,0.358,5,13000.0,3600.0,measure,2,1,1564.4261513764777,315.76090259477496
1,0.359,5,13000.0,3600.0,measure,1,1,1586.6711689286503,112.77175508439541
1,0.36,5,13000.0,3600.0,measure,1,1,1618.9023365520618,52.62682680040598
1,0.361,5,13000.0,3600.0,measure,0,0,,
1,0.362,5,13000.0,3600.0,measure,0,0,,
1,0.363,5,13000.0,3600.0,measure,0,0,,
1,0.364,5,13000.0,3600.0,measure,0,0,,
1,0.365,5,13000.0,3600.0,measure,0,0,,
1,0.366,5,13000.0,3600.0,measure,0,0,,
1,0.367,5,13000.0,3600.0,measure,2,1,1313.6944282450713,308.24277200736105
1,0.368,5,13000.0,3600.0,measure,2,1,1350.557347351366,285.6884093489498
1,0.369,5,13000.0,3600.0,measure,2,1,1385.9496213274074,278.17030786536634
1,0.37,5,13000.0,3600.0,measure,2,1,1418.5535100894226,285.6884093489498
1,0.371,5,13000.0,3600.0,measure,2,1,1451.622939538748,285.6884093489498
1,0.372,5,13000.0,3600.0,measure,2,1,1483.978516466561,296.9655906781554
1,0.373,5,13000.0,3600.0,measure,2,1,1516.0354575248596,308.24277200736105
1,0.374,5,13000.0,3600.0,measure,2,1,1534.0927422490254,308.2427429035306
1,0.375,5,13000.0,3600.0,measure,2,1,1551.422909763989,304.48372126556933
1,0.376,5,13000.0,3600.0,measure,2,1,1572.2045144583615,304.4836921617389
1,0.377,5,13000.0,3600.0,measure,1,1,1598.707049514257,97.73555211722851
1,0.378,5,13000.0,3600.0,measure,0,0,,
1,0.379,5,13000.0,3600.0,measure,0,0,,
1,0.38,5,13000.0,3600.0,measure,0,0,,
1,0.381,5,13000.0,3600.0,measure,0,0,,
1,0.382,5,13000.0,3600.0,measure,0,0,,
1,0.383,5,13000.0,3600.0,measure,0,0,,
1,0.384,5,13000.0,3600.0,measure,0,0,,
1,0.385,5,13000.0,3600.0,measure,0,0,,
1,0.386,5,13000.0,3600.0,measure,0,0,,
1,0.387,5,13000.0,3600.0,measure,2,1,1364.1271810486633,334.5561563037336
1,0.388,5,13000.0,3600.0,measure,2,1,1401.261420334887,308.24277200736105
1,0.389,5,13000.0,3600.0,measure,2,1,1436.706956285515,300.7246705237776
1,0.39,5,13000.0,3600.0,measure,2,1,1470.4348461453997,304.48372126556933
1,0.391,5,13000.0,3600.0,measure,2,1,1502.8758174635134,312.0018227491528
1,0.392,5,13000.0,3600.0,measure,2,1,1525.7409007679069,312.0018227491528
1,0.393,5,13000.0,3600.0,measure,2,1,1542.8919045565028,304.48372126556933
1,0.394,5,13000.0,3600.0,measure,2,1,1562.516469389552,304.48372126556933
1,0.395,5,13000.0,3600.0,measure,2,1,1583.1744636727467,300.7246705237776
1,0.396,5,13000.0,3600.0,measure,1,1,1613.3617120794952,67.66302976757288
1,0.397,5,13000.0,3600.0,measure,0,0,,
1,0.398,5,13000.0,3600.0,measure,0,0,,
1,0.399,5,13000.0,3600.0,measure,0,0,,
1,0.4,5,13000.0,3600.0,measure,0,0,,
1,0.401,5,13000.0,3600.0,measure,0,0,,
1,0.402,5,13000.0,3600.0,measure,0,0,,
1,0.403,5,13000.0,3600.0,measure,0,0,,
1,0.404,5,13000.0,3600.0,measure,0,0,,
1,0.405,6,16000.0,3600.0,settle,0,0,,
1,0.406,6,16000.0,3600.0,settle,0,0,,
1,0.407,6,16000.0,3600.0,settle,2,1,1415.437531116804,345.83330852910876
1,0.408,6,16000.0,3600.0,settle,2,1,1457.5582591223194,327.0380257163197
1,0.409,6,16000.0,3600.0,settle,2,1,1497.3080250301775,323.2790040783584
1,0.41,6,16000.0,3600.0,settle,2,1,1524.5523649793565,315.7608734909445
1,0.411,6,16000.0,3600.0,settle,2,1,1545.6138485338568,308.24277200736105
1,0.412,6,16000.0,3600.0,settle,2,1,1567.9478891374672,304.4836921617389
1,0.413,6,16000.0,3600.0,settle,2,1,1591.7459922616906,296.9656197819859
1,0.414,6,16000.0,3600.0,settle,1,1,1638.722838833928,15.0362029671669
1,0.415,6,16000.0,3600.0,settle,0,0,,
1,0.416,6,16000.0,3600.0,settle,0,0,,
1,0.417,6,16000.0,3600.0,settle,0,0,,
1,0.418,6,16000.0,3600.0,settle,0,0,,
1,0.419,6,16000.0,3600.0,settle,0,0,,
1,0.42,6,16000.0,3600.0,measure,0,0,,
1,0.421,6,16000.0,3600.0,measure,0,0,,
1,0.422,6,16000.0,3600.0,measure,0,0,,
1,0.423,6,16000.0,3600.0,measure,2,1,1395.6961020572026,330.7970764581114
1,0.424,6,16000.0,3600.0,measure,2,1,1440.071065026598,304.4836921617389
1,0.425,6,16000.0,3600.0,measure,2,1,1481.135302975177,296.9655906781554
1,0.426,6,16000.0,3600.0,measure,2,1,1520.1321577152876,304.48372126556933
1,0.427,6,16000.0,3600.0,measure,2,1,1543.6666441754378,289.4474600907415
1,0.428,6,16000.0,3600.0,measure,2,1,1565.716550768619,281.92935860715806
1,0.429,6,16000.0,3600.0,measure,2,1,1593.736707708677,274.4112571235746
1,0.43,6,16000.0,3600.0,measure,2,1,1628.4898447338492,255.61597431078553
1,0.431,6,16000.0,3600.0,measure,0,0,,
1,0.432,6,16000.0,3600.0,measure,0,0,,
1,0.433,6,16000.0,3600.0,measure,0,0,,
1,0.434,6,16000.0,3600.0,measure,0,0,,
1,0.435,6,16000.0,3600.0,measure,0,0,,
1,0.436,6,16000.0,3600.0,measure,0,0,,
1,0.437,6,16000.0,3600.0,measure,0,0,,
1,0.438,6,16000.0,3600.0,measure,0,0,,
1,0.439,6,16000.0,3600.0,measure,0,0,,
1,0.44,6,16000.0,3600.0,measure,2,1,1377.339776715813,315.7609316986054
1,0.441,6,16000.0,3600.0,measure,2,1,1420.7295205658559,293.2065399363637
1,0.442,6,16000.0,3600.0,measure,2,1,1461.3276216081315,285.6884093489498
1,0.443,6,16000.0,3600.0,measure,2,1,1499.7816403109105,289.4474600907415
1,0.444,6,16000.0,3600.0,measure,2,1,1531.8370937728957,221.78443032316864
1,0.445,6,16000.0,3600.0,measure,2,1,1552.1203373781348,180.4347848519683
1,0.446,6,16000.0,3600.0,measure,2,1,1573.5133912971548,157.88042219355702
1,0.447,6,16000.0,3600.0,measure,2,2,1600.7981103568993,135.32611774280667
1,0.448,6,16000.0,3600.0,measure,2,1,1080.818656709926,86.45834168419242
1,0.449,6,16000.0,3600.0,measure,2,1,1117.5942178394666,97.73552301339805
1,0.45,6,16000.0,3600.0,measure,2,1,1155.352201678005,105.25358084123582
1,0.451,6,16000.0,3600.0,measure,2,1,1192.6200279763648,116.53080582618713
1,0.452,6,16000.0,3600.0,measure,2,1,1229.8465183514625,127.80798715539277
1,0.453,6,16000.0,3600.0,measure,2,1,1267.6606319338625,142.84419012255967
1,0.454,6,16000.0,3600.0,measure,2,1,1306.6761695826297,154.12140055559576
1,0.455,6,16000.0,3600.0,measure,2,1,1344.5817263416166,169.15760352276266
1,0.456,6,16000.0,3600.0,measure,2,1,1382.7528413372252,187.9529154393822
1,0.457,6,16000.0,3600.0,measure,2,1,1420.1574827009265,202.98914751037955
1,0.458,6,16000.0,3600.0,measure,2,1,1457.748065370737,221.78440121933818
1,0.459,6,16000.0,3600.0,measure,2,1,1494.10236118346,202.98913295846432
1,0.46,6,16000.0,3600.0,measure,2,1,1530.3539572082955,187.95288633555174
1,0.461,6,16000.0,3600.0,measure,2,1,1559.7347217199695,172.91669792030007
1,0.462,6,16000.0,3600.0,measure,2,1,1581.6839716283544,154.1213714517653
1,0.463,6,16000.0,3600.0,measure,2,2,1610.7983940925735,131.56700879335403
1,0.464,6,16000.0,3600.0,measure,1,1,1050.7829715665382,187.9529154393822
1,0.465,6,16000.0,3600.0,measure,2,1,1088.3462364431616,101.49460285902023
1,0.466,6,16000.0,3600.0,measure,2,1,1125.9368154549977,112.77174053248018
1,0.467,6,16000.0,3600.0,measure,2,1,1163.5273935643893,124.04890730977058
1,0.468,6,16000.0,3600.0,measure,2,1,1201.5259315714586,135.32608863897622
1,0.469,6,16000.0,3600.0,measure,2,1,1239.1582135886397,146.60326996818185
1,0.47,7,16000.0,2400.0,settle,2,1,1276.7875455163862,161.6395020391792
1,0.471,7,16000.0,2400.0,settle,2,1,1310.1152726449072,169.15761807467788
1,0.472,7,16000.0,2400.0,settle,2,1,1342.2331943005822,184.19385014567524
1,0.473,7,16000.0,2400.0,settle,2,1,1374.8311232510734,202.98913295846432
1,0.474,7,16000.0,2400.0,settle,2,1,1407.487333110878,210.507248993963
1,0.475,7,16000.0,2400.0,settle,2,1,1437.7876095468964,187.95288633555174
1,0.476,7,16000.0,2400.0,settle,2,1,1468.6351371977055,180.4347848519683
1,0.477,7,16000.0,2400.0,settle,2,1,1499.6085379414685,176.67571955826133
1,0.478,7,16000.0,2400.0,settle,2,1,1530.8466008671821,172.91668336838484
1,0.479,7,16000.0,2400.0,settle,2,1,1554.5521130491993,165.39855278097093
1,0.48,7,16000.0,2400.0,settle,2,1,1572.4381017207634,150.36232070997357
1,0.481,7,16000.0,2400.0,settle,2,2,1596.1702909165372,131.5670378971845
1,0.482,7,16000.0,2400.0,settle,2,2,1640.2264591306448,90.21739242598414
1,0.483,7,16000.0,2400.0,settle,1,1,1096.710895859253,157.8803639858961
1,0.484,7,16000.0,2400.0,settle,1,1,1127.2711212316538,157.88048040121794
1,0.485,7,16000.0,2400.0,measure,1,1,1158.669016063761,165.39846546947956
1,0.486,7,16000.0,2400.0,measure,1,1,1190.2008777456906,165.3985818848014
1,0.487,7,16000.0,2400.0,measure,1,1,1222.2721150603768,165.39846546947956
1,0.488,7,16000.0,2400.0,measure,2,1,1254.2757368577677,82.69930549431592
1,0.489,7,16000.0,2400.0,measure,2,1,1284.908376978246,86.45831258036196
1,0.49,7,16000.0,2400.0,measure,2,1,1316.1912507361226,97.73552301339805
1,0.491,7,16000.0,2400.0,measure,2,1,1347.7938441450106,101.49455920327455
1,0.492,7,16000.0,2400.0,measure,2,1,1380.1525476664478,105.25365360081196
1,0.493,7,16000.0,2400.0,measure,2,1,1412.1561647343212,109.01267523877323
1,0.494,7,16000.0,2400.0,measure,2,1,1443.0319816173649,116.53083493001759
1,0.495,7,16000.0,2400.0,measure,2,1,1474.533322653924,127.80798715539277
1,0.496,7,16000.0,2400.0,measure,2,1,1505.961742334287,135.32611774280667
1,0.497,7,16000.0,2400.0,measure,2,1,1538.731878527495,142.84421922639012
1,0.498,7,16000.0,2400.0,measure,2,1,1563.7733898211704,146.60326996818185
1,0.499,7,16000.0,2400.0,measure,2,1,1584.1978740426573,142.84421922639012
1,0.5,7,16000.0,2400.0,measure,2,1,1612.6716780194708,131.5670378971845
1,0.501,7,16000.0,2400.0,measure,1,0,775.810187013692,225.54351016879082
1,0.502,7,16000.0,2400.0,measure,1,0,804.3042055375452,202.9891184065491
1,0.503,7,16000.0,2400.0,measure,1,0,842.9501643056207,172.91665426455438
1,0.504,7,16000.0,2400.0,measure,1,0,876.2893094310953,165.39855278097093
1,0.505,7,16000.0,2400.0,measure,1,0,909.3026512723428,157.88042219355702
1,0.506,7,16000.0,2400.0,measure,1,0,940.4864852639058,157.88048040121794
1,0.507,7,16000.0,2400.0,measure,1,0,971.9255402870192,157.88042219355702
1,0.508,7,16000.0,2400.0,measure,1,1,1003.9955135641985,157.88045129738748
1,0.509,7,16000.0,2400.0,measure,1,1,1035.112383421539,157.88039308972657
1,0.51,7,16000.0,2400.0,measure,1,1,1065.3566114174632,157.88048040121794
1,0.511,7,16000.0,2400.0,measure,1,1,1097.236225508492,157.8803639858961
1,0.512,7,16000.0,2400.0,measure,1,1,1128.453635163435,157.88048040121794
1,0.513,7,16000.0,2400.0,measure,1,1,1159.7773345170167,157.8803639858961
1,0.514,7,16000.0,2400.0,measure,1,1,1191.3139677534882,150.3623789176345
1,0.515,7,16000.0,2400.0,measure,1,1,1222.49258759742,157.8803639858961
1,0.516,7,16000.0,2400.0,measure,1,1,1253.9092001547529,157.88048040121794
1,0.517,7,16000.0,2400.0,measure,2,1,1285.8283973516936,82.69924728665501
1,0.518,7,16000.0,2400.0,measure,2,1,1317.6764887193162,86.45837078802288
1,0.519,7,16000.0,2400.0,measure,2,1,1350.1921980272662,90.21739242598414
1,0.52,7,16000.0,2400.0,measure,2,1,1380.585700279141,97.73553756531328
1,0.521,7,16000.0,2400.0,measure,2,1,1412.9970829482331,101.49457375518978
1,0.522,7,16000.0,2400.0,measure,2,1,1444.527611249324,109.01270434260368
1,0.523,7,16000.0,2400.0,measure,2,1,1477.5316546021731,116.53083493001759
1,0.524,7,16000.0,2400.0,measure,2,1,1508.180994300567,120.28985656797886
1,0.525,7,16000.0,2400.0,measure,2,1,1540.4438350983637,131.56706700101495
1,0.526,7,16000.0,2400.0,measure,2,1,1568.1005241547493,131.56700879335403
1,0.527,7,16000.0,2400.0,measure,2,1,1587.0357762347946,127.80798715539277
1,0.528,7,16000.0,2400.0,measure,2,1,1616.1684761755168,116.53080582618713
1,0.529,7,16000.0,2400.0,measure,1,0,757.6421446203133,195.4710460267961
1,0.53,7,16000.0,2400.0,measure,1,0,775.2205307589345,225.54351016879082
1,0.531,7,16000.0,2400.0,measure,1,0,805.5619608384525,202.9891184065491
1,0.532,7,16000.0,2400.0,measure,1,0,842.8999038792059,172.91665426455438
1,0.533,7,16000.0,2400.0,measure,1,0,876.6341771836469,165.39855278097093
1,0.534,7,16000.0,2400.0,measure,1,0,909.1854043397474,157.88042219355702
1,0.535,8,13000.0,2400.0,settle,1,0,940.4864852639058,157.88048040121794
1,0.536,8,13000.0,2400.0,settle,1,0,967.2424191002383,157.88042219355702
1,0.537,8,13000.0,2400.0,settle,1,0,993.7873077444381,157.88048040121794
1,0.538,8,13000.0,2400.0,settle,1,1,1019.7312844360971,157.88042219355702
1,0.539,8,13000.0,2400.0,settle,1,1,1047.3436899540166,157.88042219355702
1,0.54,8,13000.0,2400.0,settle,1,1,1071.8755705660983,150.3623789176345
1,0.541,8,13000.0,2400.0,settle,1,1,1100.272581593513,150.36226250231266
1,0.542,8,13000.0,2400.0,settle,1,1,1124.34870227537,150.3623789176345
1,0.543,8,13000.0,2400.0,settle,1,1,1152.899396177496,150.36226250231266
1,0.544,8,13000.0,2400.0,settle,1,1,1177.5037649875649,157.88048040121794
1,0.545,8,13000.0,2400.0,settle,2,1,1205.9206743782133,75.18113125115633
1,0.546,8,13000.0,2400.0,settle,2,1,1230.3313397066552,82.69927639048547
1,0.547,8,13000.0,2400.0,settle,2,1,1258.5474814167592,86.45834168419242
1,0.548,8,13000.0,2400.0,settle,2,1,1283.3463664573183,93.97641406394541
1,0.549,8,13000.0,2400.0,settle,2,1,1311.1742873773853,97.73555211722851
1,0.55,8,13000.0,2400.0,measure,2,1,1337.1628377138188,105.25359539315104
1,0.551,8,13000.0,2400.0,measure,2,1,1363.80109764969,109.01271889451891
1,0.552,8,13000.0,2400.0,measure,2,1,1390.3943806432437,116.53080582618713
1,0.553,8,13000.0,2400.0,measure,2,1,1416.9153363152516,120.28985656797886
1,0.554,8,13000.0,2400.0,measure,2,1,1444.764601396079,131.56706700101495
1,0.555,8,13000.0,2400.0,measure,2,1,1470.5107407358707,139.08513938076794
1,0.556,8,13000.0,2400.0,measure,2,1,1499.1271902410383,146.6032990720123
1,0.557,8,13000.0,2400.0,measure,2,1,1524.4474595126053,157.8804076416418
1,0.558,8,13000.0,2400.0,measure,2,1,1551.8338858847717,169.1576326265931
1,0.559,8,13000.0,2400.0,measure,2,1,1570.8856155617616,169.15760352276266
1,0.56,8,13000.0,2400.0,measure,2,1,1587.1700288594834,172.91668336838484
1,0.561,8,13000.0,2400.0,measure,2,1,1616.827959782983,157.88045129738748
1,0.562,8,13000.0,2400.0,measure,1,0,833.6342075160026,210.507248993963
1,0.563,8,13000.0,2400.0,measure,1,0,864.7070456876687,187.9529154393822
1,0.564,8,13000.0,2400.0,measure,1,0,891.9910431801769,180.4347848519683
1,0.565,8,13000.0,2400.0,measure,1,0,919.6716257006742,180.4348430596292
1,0.566,8,13000.0,2400.0,measure,1,0,946.3266423254491,172.91668336838484
1,0.567,8,13000.0,2400.0,measure,1,0,972.3498227918134,180.4347848519683
1,0.568,8,13000.0,2400.0,measure,1,0,999.682974841211,172.91668336838484
1,0.569,8,13000.0,2400.0,measure,1,1,1024.7906449381414,180.43472664430737
1,0.57,8,13000.0,2400.0,measure,1,1,1052.12886947242,172.91668336838484
1,0.571,8,13000.0,2400.0,measure,1,1,1077.4377242390901,180.4347848519683
1,0.572,8,13000.0,2400.0,measure,1,1,1104.3967341662365,172.91668336838484
1,0.573,8,13000.0,2400.0,measure,1,1,1130.5103541007943,180.4347848519683
1,0.574,8,13000.0,2400.0,measure,1,1,1157.242638214181,172.916566953063
1,0.575,8,13000.0,2400.0,measure,2,1,1183.8564951274845,93.9764577196911
1,0.576,8,13000.0,2400.0,measure,2,1,1209.95028106684,93.97644316777587
1,0.577,8,13000.0,2400.0,measure,2,1,1237.3868964454718,97.73552301339805
1,0.578,8,13000.0,2400.0,measure,2,1,1263.2179943223796,105.25363904889673
1,0.579,8,13000.0,2400.0,measure,2,1,1290.5871893751225,109.01270434260368
1,0.58,8,13000.0,2400.0,measure,2,1,1316.858534400742,116.53080582618713
1,0.581,8,13000.0,2400.0,measure,2,1,1344.3101838699238,124.04890730977058
1,0.582,8,13000.0,2400.0,measure,2,1,1370.0004304101801,131.5670378971845
1,0.583,8,13000.0,2400.0,measure,2,1,1397.4668795646971,135.326074087061
1,0.584,8,13000.0,2400.0,measure,2,1,1423.9714765090055,146.60326996818185
1,0.585,8,13000.0,2400.0,measure,2,1,1450.5299852239564,154.12140055559576
1,0.586,8,13000.0,2400.0,measure,2,1,1478.3908263780177,161.6395020391792
1,0.587,8,13000.0,2400.0,measure,2,1,1504.81143607057,172.91668336838484
1,0.588,8,13000.0,2400.0,measure,2,1,1532.263083590125,184.19386469759047
1,0.589,8,13000.0,2400.0,measure,2,1,1555.2107792895836,191.71198073308915
1,0.59,8,13000.0,2400.0,measure,2,1,1569.0434281179018,191.71193707734346
1,0.591,8,13000.0,2400.0,measure,2,1,1586.860566699909,169.15760352276266
1,0.592,8,13000.0,2400.0,measure,2,1,1616.6458168761833,127.80797260347754
1,0.593,8,13000.0,2400.0,measure,1,0,881.5353781971279,187.95288633555174
1,0.594,8,13000.0,2400.0,measure,1,0,908.8082598615183,180.43472664430737
1,0.595,8,13000.0,2400.0,measure,1,0,936.0025000500467,180.4347848519683
1,0.596,8,13000.0,2400.0,measure,1,0,962.1331432101072,172.91662516072392
1,0.597,8,13000.0,2400.0,measure,1,0,988.8872054274821,172.91668336838484
1,0.598,8,13000.0,2400.0,measure,1,1,1015.1650258145393,172.91665426455438
1,0.599,8,13000.0,2400.0,measure,1,1,1041.44343775837,172.9167124722153
1,0.6,8,13000.0,2400.0,measure,1,1,1067.8916902003448,172.91668336838484
2,0.0,0,10000.0,3600.0,settle,0,0,,
2,0.001,0,10000.0,3600.0,settle,0,0,,
2,0.002,0,10000.0,3600.0,settle,0,0,,
2,0.003,0,10000.0,3600.0,settle,0,0,,
2,0.004,0,10000.0,3600.0,settle,0,0,,
2,0.005,0,10000.0,3600.0,settle,0,0,,
2,0.006,0,10000.0,3600.0,settle,0,0,,
2,0.007,0,10000.0,3600.0,settle,1,0,659.5777231268585,15.036261174827814
2,0.008,0,10000.0,3600.0,settle,1,0,666.3798291507798,30.072464141994715
2,0.009,0,10000.0,3600.0,settle,1,0,675.3299690206491,52.62682680040598
2,0.01,0,10000.0,3600.0,settle,1,0,685.3165905340575,75.18118945881724
2,0.011,0,10000.0,3600.0,settle,1,0,695.7758184839497,97.73552301339805
2,0.012,0,10000.0,3600.0,settle,1,0,707.6275491202473,120.28985656797886
2,0.013,0,10000.0,3600.0,settle,1,0,721.6018299515113,142.84421922639012
2,0.014,0,10000.0,3600.0,settle,1,0,735.3085517508576,165.3985818848014
2,0.015,0,10000.0,3600.0,settle,1,0,750.7083983345191,195.4710460267961
2,0.016,0,10000.0,3600.0,settle,1,0,767.6981919454798,218.0253795813769
2,0.017,0,10000.0,3600.0,settle,1,0,785.3284278013329,248.09784372337162
2,0.018,0,10000.0,3600.0,settle,1,0,805.0688622539403,278.17030786536634
2,0.019,0,10000.0,3600.0,settle,1,0,823.8619239696337,300.72464141994715
2,0.02,0,10000.0,3600.0,settle,1,0,844.6487855102981,330.79710556194186
2,0.021,0,10000.0,3600.0,settle,1,0,866.8629244247279,360.8696279115975
2,0.022,0,10000.0,3600.0,settle,1,0,886.7265795471899,383.42393236234784
2,0.023,0,10000.0,3600.0,settle,1,0,907.0934216357388,413.49639650434256
2,0.024,0,10000.0,3600.0,settle,1,0,927.3589412860224,443.56886064633727
2,0.025,0,10000.0,3600.0,settle,1,0,946.3989037300454,466.1231650970876
2,0.026,0,10000.0,3600.0,settle,1,0,965.7028521936779,496.19568744674325
2,0.027,0,10000.0,3600.0,settle,0,0,,
2,0.028,0,10000.0,3600.0,settle,0,0,,
2,0.029,0,10000.0,3600.0,settle,0,0,,
2,0.03,0,10000.0,3600.0,measure,2,1,1116.7507802725233,214.26632883958519
2,0.031,0,10000.0,3600.0,measure,2,1,1145.2182542149988,206.74818370025605
2,0.032,0,10000.0,3600.0,measure,2,1,1173.0944102646463,202.98913295846432
2,0.033,0,10000.0,3600.0,measure,2,1,1201.7323396531326,210.507248993963
2,0.034,0,10000.0,3600.0,measure,2,1,1229.3382976158948,218.02536502946168
2,0.035,0,10000.0,3600.0,measure,2,1,1256.0483072719676,229.30256091058254
2,0.036,0,10000.0,3600.0,measure,2,1,1284.0701609279793,236.82063329033554
2,0.037,0,10000.0,3600.0,measure,2,1,1312.0375716046076,251.8569235689938
2,0.038,0,10000.0,3600.0,measure,2,1,1338.2892073657845,263.1340321386233
2,0.039,0,10000.0,3600.0,measure,2,1,1365.9983453227399,274.4112571235746
2,0.04,0,10000.0,3600.0,measure,2,1,1393.3897228731262,293.20651083253324
2,0.041,0,10000.0,3600.0,measure,2,1,1420.5524139031409,300.7246705237776
2,0.042,0,10000.0,3600.0,measure,2,1,1447.3636588307768,315.7608734909445
2,0.043,0,10000.0,3600.0,measure,2,1,1475.1674209330831,327.03805482015014
2,0.044,0,10000.0,3600.0,measure,2,1,1498.8002339042598,342.0742868911475
2,0.045,0,10000.0,3600.0,measure,2,1,1512.7760610955297,345.8333376329392
2,0.046,0,10000.0,3600.0,measure,2,1,1528.3829133728507,345.8333667367697
2,0.047,0,10000.0,3600.0,measure,1,1,1542.5492504384583,187.95288633555174
2,0.048,0,10000.0,3600.0,measure,1,1,1559.2605171453517,157.88048040121794
2,0.049,0,10000.0,3600.0,measure,1,1,1578.0542454733259,127.80795805156231
2,0.05,0,10000.0,3600.0,measure,1,1,1604.5495740730653,82.69923273473978
2,0.051,0,10000.0,3600.0,measure,0,0,,
2,0.052,0,10000.0,3600.0,measure,0,0,,
2,0.053,0,10000.0,3600.0,measure,0,0,,
2,0.054,0,10000.0,3600.0,measure,0,0,,
2,0.055,0,10000.0,3600.0,measure,2,1,1240.3814502591547,312.00185185298324
2,0.056,0,10000.0,3600.0,measure,2,1,1273.1411180818293,278.1702787615359
2,0.057,0,10000.0,3600.0,measure,2,1,1302.1793901241106,270.6522063817829
2,0.058,0,10000.0,3600.0,measure,2,1,1329.9652938449244,270.652148174122
2,0.059,0,10000.0,3600.0,measure,2,1,1357.7406827460757,281.9293731590733
2,0.06,0,10000.0,3600.0,measure,2,1,1384.4532306894966,289.447489194572
2,0.061,0,10000.0,3600.0,measure,2,1,1411.8385311382212,296.9655906781554
2,0.062,0,10000.0,3600.0,measure,2,1,1438.535028341179,312.0018227491528
2,0.063,0,10000.0,3600.0,measure,2,1,1465.830021715235,323.2790040783584
2,0.064,0,10000.0,3600.0,measure,2,1,1493.0684503746552,334.55618540756404
2,0.065,0,10000.0,3600.0,measure,2,1,1508.2011302902224,334.5561563037336
2,0.066,0,10000.0,3600.0,measure,2,1,1522.823936879988,334.55618540756404
2,0.067,0,10000.0,3600.0,measure,2,1,1537.3161322642843,334.5561563037336
2,0.068,0,10000.0,3600.0,measure,1,1,1553.6531873468523,165.3985818848014
2,0.069,0,10000.0,3600.0,measure,1,1,1571.4102014267849,142.8441610187292
2,0.07,0,10000.0,3600.0,measure,1,1,1593.410938103507,105.25365360081196
2,0.071,0,10000.0,3600.0,measure,1,1,1639.4063026051629,15.0362029671669
2,0.072,0,10000.0,3600.0,measure,0,0,,
2,0.073,0,10000.0,3600.0,measure,0,0,,
2,0.074,0,10000.0,3600.0,measure,0,0,,
2,0.075,0,10000.0,3600.0,measure,0,0,,
2,0.076,0,10000.0,3600.0,measure,0,0,,
2,0.077,0,10000.0,3600.0,measure,0,0,,
2,0.078,0,10000.0,3600.0,measure,0,0,,
2,0.079,0,10000.0,3600.0,measure,0,0,,
2,0.08,1,16000.0,3000.0,settle,2,1,1361.5666025014984,334.55618540756404
2,0.081,1,16000.0,3000.0,settle,2,1,1398.341571340939,323.27897497452796
2,0.082,1,16000.0,3000.0,settle,2,1,1432.9552570009396,281.9293877109885
2,0.083,1,16000.0,3000.0,settle,2,1,1467.428853632651,248.09781461954117
2,0.084,1,16000.0,3000.0,settle,2,1,1495.0996051323416,236.820662394166
2,0.085,1,16000.0,3000.0,settle,2,2,1513.4785001628259,214.26629973575473
2,0.086,1,16000.0,3000.0,settle,2,2,1531.2507415988616,195.47103147488087
2,0.087,1,16000.0,3000.0,settle,2,2,1550.5192128503475,176.67573411017656
2,0.088,1,16000.0,3000.0,settle,2,2,1570.7263167226506,161.63947293534875
2,0.089,1,16000.0,3000.0,settle,3,2,1595.8377998814144,97.73555211722851
2,0.09,1,16000.0,3000.0,settle,2,1,1197.3734325828389,105.2536244969815
2,0.091,1,16000.0,3000.0,settle,2,1,1232.8642147496857,112.77175508439541
2,0.092,1,16000.0,3000.0,settle,2,1,1267.6230380410423,124.04892186168581
2,0.093,1,16000.0,3000.0,settle,2,1,1302.2920897594188,131.5670378971845
2,0.094,1,16000.0,3000.0,settle,2,1,1337.898474258299,142.84421922639012
2,0.095,1,16000.0,3000.0,measure,2,1,1371.8893723784104,154.12138600368053
2,0.096,1,16000.0,3000.0,measure,2,1,1406.7979187356302,165.39855278097093
2,0.097,1,16000.0,3000.0,measure,2,1,1442.6319634212439,180.4347848519683
2,0.098,1,16000.0,3000.0,measure,2,1,1477.0932996457823,195.47101692296565
2,0.099,1,16000.0,3000.0,measure,2,1,1511.4688191955026,210.507248993963
2,0.1,1,16000.0,3000.0,measure,2,1,1545.5143524944704,202.9891184065491
2,0.101,1,16000.0,3000.0,measure,2,1,1565.3215738279948,169.15760352276266
2,0.102,1,16000.0,3000.0,measure,2,1,1586.2992042801468,142.84419012255967
2,0.103,1,16000.0,3000.0,measure,2,1,1618.5426175708703,116.53080582618713
2,0.104,1,16000.0,3000.0,measure,1,0,976.6533423379738,172.91668336838484
2,0.105,1,16000.0,3000.0,measure,1,1,1010.8737344084169,165.39855278097093
2,0.106,1,16000.0,3000.0,measure,1,1,1045.354986858557,165.3985818848014
2,0.107,1,16000.0,3000.0,measure,1,1,1079.422536328831,165.3985818848014
2,0.108,1,16000.0,3000.0,measure,2,1,1113.9841879355083,86.45835623610765
2,0.109,1,16000.0,3000.0,measure,2,1,1148.455753822678,97.7354939095676
2,0.11,1,16000.0,3000.0,measure,2,1,1182.9397426637952,101.494588307105
2,0.111,1,16000.0,3000.0,measure,2,1,1218.2732788318326,109.01264613494277
2,0.112,1,16000.0,3000.0,measure,2,1,1251.3556923940025,116.53082037810236
2,0.113,1,16000.0,3000.0,measure,2,1,1286.66759617814,127.80795805156231
2,0.114,1,16000.0,3000.0,measure,2,1,1321.7089330408207,142.84421922639012
2,0.115,1,16000.0,3000.0,measure,2,1,1356.0589420309439,150.36234981380403
2,0.116,1,16000.0,3000.0,measure,2,1,1391.4506867624864,165.39855278097093
2,0.117,1,16000.0,3000.0,measure,2,1,1425.7311390113384,176.6757486620918
2,0.118,1,16000.0,3000.0,measure,2,1,1460.5093016474382,191.71192252542824
2,0.119,1,16000.0,3000.0,measure,2,1,1494.7584421936967,210.50726354587823
2,0.12,1,16000.0,3000.0,measure,2,1,1528.1723436518487,184.19382104184479
2,0.121,1,16000.0,3000.0,measure,2,1,1558.553229771414,172.91668336838484
2,0.122,1,16000.0,3000.0,measure,2,1,1579.1008949947907,150.36229160614312
2,0.123,1,16000.0,3000.0,measure,2,1,1605.357306582222,127.80795805156231
2,0.124,1,16000.0,3000.0,measure,1,0,987.6410629470862,165.3985818848014
2,0.125,1,16000.0,3000.0,measure,1,1,1022.0037091202444,172.91662516072392
2,0.126,1,16000.0,3000.0,measure,1,1,1056.1113197114423,165.3985818848014
2,0.127,1,16000.0,3000.0,measure,1,1,1091.463965936922,165.39846546947956
2,0.128,1,16000.0,3000.0,measure,2,1,1125.2546814869213,90.21740697789937
2,0.129,1,16000.0,3000.0,measure,2,1,1159.7846714721527,93.97641406394541
2,0.13,1,16000.0,3000.0,measure,2,1,1193.9009699883666,105.25363904889673
2,0.131,1,16000.0,3000.0,measure,2,1,1227.8535154605793,112.77172598056495
2,0.132,1,16000.0,3000.0,measure,2,1,1262.7311070848789,124.04893641360104
2,0.133,1,16000.0,3000.0,measure,2,1,1296.9147646799684,131.56705244909972
2,0.134,1,16000.0,3000.0,measure,2,1,1332.7013306975873,142.84419012255967
2,0.135,1,16000.0,3000.0,measure,2,1,1366.817626554919,157.88045129738748
2,0.136,1,16000.0,3000.0,measure,2,1,1400.9918563832075,165.39852367714047
2,0.137,1,16000.0,3000.0,measure,2,1,1437.5165597136534,180.43481395579875
2,0.138,1,16000.0,3000.0,measure,2,1,1471.0880030426738,199.23009676858783
2,0.139,1,16000.0,3000.0,measure,2,1,1505.6179991833314,206.7482128040865
2,0.14,1,16000.0,3000.0,measure,2,1,1538.573045604928,184.19386469759047
2,0.141,1,16000.0,3000.0,measure,2,1,1563.439726576967,165.39855278097093
2,0.142,1,16000.0,3000.0,measure,2,1,1584.4168392043125,146.60328452009708
2,0.143,1,16000.0,3000.0,measure,2,1,1613.078839049917,116.53077672235668
2,0.144,1,16000.0,3000.0,measure,1,0,995.2238047886426,165.3985818848014
2,0.145,2,16000.0,2400.0,settle,1,1,1029.5198276603164,172.91662516072392
2,0.146,2,16000.0,2400.0,settle,1,1,1062.3625828884542,165.3985818848014
2,0.147,2,16000.0,2400.0,settle,1,1,1093.7994488122683,165.39846546947956
2,0.148,2,16000.0,2400.0,settle,2,1,1125.4288369257536,82.6992909424007
2,0.149,2,16000.0,2400.0,settle,2,1,1158.1700598493605,86.45829802844673
2,0.15,2,16000.0,2400.0,settle,2,1,1188.7376661005635,93.97647227160633
2,0.151,2,16000.0,2400.0,settle,2,1,1220.4849094401156,97.73546480573714
2,0.152,2,16000.0,2400.0,settle,2,1,1252.3775867053441,105.25365360081196
2,0.153,2,16000.0,2400.0,settle,2,1,1284.2973534549985,112.77172598056495
2,0.154,2,16000.0,2400.0,settle,2,1,1316.2695245569669,116.53082037810236
2,0.155,2,16000.0,2400.0,settle,2,1,1347.7951594926524,120.28985656797886
2,0.156,2,16000.0,2400.0,settle,2,1,1379.4332556823394,127.80798715539277
2,0.157,2,16000.0,2400.0,settle,2,1,1410.9303319078479,139.08513938076794
2,0.158,2,16000.0,2400.0,settle,2,1,1444.0774984221712,146.60328452009708
2,0.159,2,16000.0,2400.0,settle,2,1,1475.6031315602236,157.88045129738748
2,0.16,2,16000.0,2400.0,measure,2,1,1507.2412291126304,169.1576326265931
2,0.161,2,16000.0,2400.0,measure,2,1,1539.9132971651852,184.19386469759047
2,0.162,2,16000.0,2400.0,measure,2,1,1563.2841972895733,187.9529154393822
2,0.163,2,16000.0,2400.0,measure,2,1,1581.6367371121933,154.12138600368053
2,0.164,2,16000.0,2400.0,measure,2,1,1608.8903017163752,120.28984201606363
2,0.165,2,16000.0,2400.0,measure,1,0,886.3878223265497,165.3985818848014
2,0.166,2,16000.0,2400.0,measure,1,0,917.9115666576095,157.88039308972657
2,0.167,2,16000.0,2400.0,measure,1,0,950.3498137558972,150.36232070997357
2,0.168,2,16000.0,2400.0,measure,1,0,981.0892731569744,150.36226250231266
2,0.169,2,16000.0,2400.0,measure,1,1,1012.2131683853448,150.36232070997357
2,0.17,2,16000.0,2400.0,measure,1,1,1043.7718618290987,157.88042219355702
2,0.171,2,16000.0,2400.0,measure,1,1,1075.7075176045944,150.36232070997357
2,0.172,2,16000.0,2400.0,measure,1,1,1107.4031084006187,150.36232070997357
2,0.173,2,16000.0,2400.0,measure,1,1,1138.7327740692933,150.36232070997357
2,0.174,2,16000.0,2400.0,measure,1,1,1170.3228606983478,150.36226250231266
2,0.175,2,16000.0,2400.0,measure,1,1,1202.3884037204978,157.88042219355702
2,0.176,2,16000.0,2400.0,measure,2,1,1234.065636787147,75.18116035498679
2,0.177,2,16000.0,2400.0,measure,2,1,1265.4566168084414,82.69926183857024
2,0.178,2,16000.0,2400.0,measure,2,1,1296.8724353025816,86.45834168419242
2,0.179,2,16000.0,2400.0,measure,2,1,1328.4878875055476,90.21739242598414
2,0.18,2,16000.0,2400.0,measure,2,1,1360.2688262801407,101.49460285902023
2,0.181,2,16000.0,2400.0,measure,2,1,1392.6710669670397,101.49454465135932
2,0.182,2,16000.0,2400.0,measure,2,1,1423.7376983893516,109.01271889451891
2,0.183,2,16000.0,2400.0,measure,2,1,1455.6567006366095,116.53077672235668
2,0.184,2,16000.0,2400.0,measure,2,1,1487.3169787075335,127.808001707308
2,0.185,2,16000.0,2400.0,measure,2,1,1519.7540425097409,131.56700879335403
2,0.186,2,16000.0,2400.0,measure,2,1,1551.129680043438,142.84423377830535
2,0.187,2,16000.0,2400.0,measure,2,1,1574.364112926677,142.84419012255967
2,0.188,2,16000.0,2400.0,measure,2,1,1597.0176035487973,139.0851684845984
2,0.189,2,16000.0,2400.0,measure,1,0,763.8474532949,202.98914751037955
2,0.19,2,16000.0,2400.0,measure,1,0,781.893288496981,233.06161165237427
2,0.191,2,16000.0,2400.0,measure,1,0,819.8085477104214,180.4347848519683
2,0.192,2,16000.0,2400.0,measure,1,0,855.5546208423625,165.3985818848014
2,0.193,2,16000.0,2400.0,measure,1,0,889.0125724257069,165.39855278097093
2,0.194,2,16000.0,2400.0,measure,1,0,921.0337040442743,165.39855278097093
2,0.195,2,16000.0,2400.0,measure,1,0,952.6140339554007,157.88042219355702
2,0.196,2,16000.0,2400.0,measure,1,0,984.1897124516577,157.88042219355702
2,0.197,2,16000.0,2400.0,measure,1,1,1015.564709768056,157.88042219355702
2,0.198,2,16000.0,2400.0,measure,1,1,1046.7919016211358,157.88042219355702
2,0.199,2,16000.0,2400.0,measure,1,1,1078.298340557304,150.36232070997357
2,0.2,2,16000.0,2400.0,measure,1,1,1109.1999192835717,157.88048040121794
2,0.201,2,16000.0,2400.0,measure,1,1,1140.2350749604675,157.88042219355702
2,0.202,2,16000.0,2400.0,measure,1,1,1171.7259749664786,157.88042219355702
2,0.203,2,16000.0,2400.0,measure,1,1,1203.4490544598063,157.88042219355702
2,0.204,2,16000.0,2400.0,measure,1,1,1234.8958994978323,157.88042219355702
2,0.205,2,16000.0,2400.0,measure,2,1,1267.0244134404334,78.94018199294806
2,0.206,2,16000.0,2400.0,measure,2,1,1298.1154914752285,86.45837078802288
2,0.207,2,16000.0,2400.0,measure,2,1,1329.8612001363372,90.21739242598414
2,0.208,2,16000.0,2400.0,measure,2,1,1361.5610564224105,93.97647227160633
2,0.209,2,16000.0,2400.0,measure,2,1,1394.2448310927705,97.7354939095676
2,0.21,3,13000.0,3600.0,settle,2,1,1425.2220383083793,105.25365360081196
2,0.211,3,13000.0,3600.0,settle,2,1,1456.4085119296003,112.77171142864972
2,0.212,3,13000.0,3600.0,settle,2,1,1488.8203267822616,120.28988567180932
2,0.213,3,13000.0,3600.0,settle,2,1,1521.8334695181022,127.80795805156231
2,0.214,3,13000.0,3600.0,settle,2,1,1553.5864833776557,146.60328452009708
2,0.215,3,13000.0,3600.0,settle,2,1,1575.0452869078033,146.60325541626662
2,0.216,3,13000.0,3600.0,settle,2,1,1597.5084082933693,146.6032990720123
2,0.217,3,13000.0,3600.0,settle,1,0,772.2703498004787,225.54351016879082
2,0.218,3,13000.0,3600.0,settle,1,0,793.474498533313,255.61597431078553
2,0.219,3,13000.0,3600.0,settle,1,0,815.6296585481963,285.68843845278025
2,0.22,3,13000.0,3600.0,settle,1,0,844.7798461173207,285.68843845278025
2,0.221,3,13000.0,3600.0,settle,1,0,886.1793816064906,240.57971313595772
2,0.222,3,13000.0,3600.0,settle,1,0,921.352779665827,225.54348106496036
2,0.223,3,13000.0,3600.0,settle,1,0,954.508038772586,218.02535047754645
2,0.224,3,13000.0,3600.0,settle,1,0,987.4557094407975,210.507248993963
2,0.225,3,13000.0,3600.0,measure,1,1,1019.0692074585697,218.02540868520737
2,0.226,3,13000.0,3600.0,measure,2,1,1051.4707853880057,109.01267523877323
2,0.227,3,13000.0,3600.0,measure,2,1,1084.4101638404507,112.77178418822587
2,0.228,3,13000.0,3600.0,measure,2,1,1115.9511341247708,124.04889275785536
2,0.229,3,13000.0,3600.0,measure,2,1,1148.9618969694855,139.0851684845984
2,0.23,3,13000.0,3600.0,measure,2,1,1181.7592668436532,146.6032408643514
2,0.231,3,13000.0,3600.0,measure,2,1,1214.113426811619,157.88048040121794
2,0.232,3,13000.0,3600.0,measure,2,1,1246.6973990128745,172.91663971263915
2,0.233,3,13000.0,3600.0,measure,2,1,1279.5730887847285,184.1938792495057
2,0.234,3,13000.0,3600.0,measure,2,1,1312.077026206838,199.23005311284214
2,0.235,3,13000.0,3600.0,measure,2,1,1344.8897896747087,218.02539413329214
2,0.236,3,13000.0,3600.0,measure,2,1,1377.3085920785377,229.30251725483686
2,0.237,3,13000.0,3600.0,measure,2,1,1410.5374036445696,251.8569235689938
2,0.238,3,13000.0,3600.0,measure,2,1,1442.1684092000191,266.8931265361607
2,0.239,3,13000.0,3600.0,measure,2,1,1473.1421163315897,233.06159710045904
2,0.24,3,13000.0,3600.0,measure,2,1,1505.1165640796485,218.0253795813769
2,0.241,3,13000.0,3600.0,measure,2,1,1532.492369927656,214.2662851838395
2,0.242,3,13000.0,3600.0,measure,2,1,1550.7476766490274,195.47101692296565
2,0.243,3,13000.0,3600.0,measure,2,2,1568.6825122555401,180.4347848519683
2,0.244,3,13000.0,3600.0,measure,3,2,1594.2697801768002,105.25365360081196
2,0.245,3,13000.0,3600.0,measure,3,2,1630.048088442821,37.59062383323908
2,0.246,3,13000.0,3600.0,measure,2,1,1122.8045455327806,131.56700879335403
2,0.247,3,13000.0,3600.0,measure,2,1,1155.911076808819,142.84423377830535
2,0.248,3,13000.0,3600.0,measure,2,1,1188.6107479477978,154.12135689985007
2,0.249,3,13000.0,3600.0,measure,2,1,1220.8050034072512,165.3985818848014
2,0.25,3,13000.0,3600.0,measure,2,1,1254.3861148776136,184.19380648992956
2,0.251,3,13000.0,3600.0,measure,2,1,1287.0128848589957,195.47101692296565
2,0.252,3,13000.0,3600.0,measure,2,1,1319.7659220472635,210.50721989013255
2,0.253,3,13000.0,3600.0,measure,2,1,1353.3005448659899,225.54348106496036
2,0.254,3,13000.0,3600.0,measure,2,1,1385.2619606271974,240.57971313595772
2,0.255,3,13000.0,3600.0,measure,2,1,1417.335836700931,255.61594520695508
2,0.256,3,13000.0,3600.0,measure,2,1,1448.6833960679464,240.57971313595772
2,0.257,3,13000.0,3600.0,measure,2,1,1480.6084922100933,218.02535047754645
2,0.258,3,13000.0,3600.0,measure,2,1,1511.2633722326482,214.26632883958519
2,0.259,3,13000.0,3600.0,measure,2,1,1537.4020352696778,210.507248993963
2,0.26,3,13000.0,3600.0,measure,2,2,1554.394235449552,191.7119516292587
2,0.261,3,13000.0,3600.0,measure,2,2,1573.586878034153,172.91665426455438
2,0.262,3,13000.0,3600.0,measure,3,2,1599.4730778841365,97.73555211722851
2,0.263,3,13000.0,3600.0,measure,2,1,1109.398440736265,127.80797260347754
2,0.264,3,13000.0,3600.0,measure,2,1,1142.0469456208696,139.08513938076794
2,0.265,3,13000.0,3600.0,measure,2,1,1174.487379190459,146.6032408643514
2,0.266,3,13000.0,3600.0,measure,2,1,1207.163229817015,157.88045129738748
2,0.267,3,13000.0,3600.0,measure,2,1,1240.3124695125696,172.91665426455438
2,0.268,3,13000.0,3600.0,measure,2,1,1272.6825008709716,187.95294454321265
2,0.269,3,13000.0,3600.0,measure,2,1,1305.698129766436,206.74816914834082
2,0.27,3,13000.0,3600.0,measure,2,1,1339.0533567871898,218.02540868520737
2,0.271,3,13000.0,3600.0,measure,2,1,1370.7910177783976,233.0615825485438
2,0.272,3,13000.0,3600.0,measure,2,1,1403.851615197761,251.8569235689938
2,0.273,3,13000.0,3600.0,measure,2,1,1435.999818294581,263.1340466905385
2,0.274,3,13000.0,3600.0,measure,2,1,1467.072885102415,225.54348106496036
2,0.275,4,16000.0,3600.0,settle,2,1,1498.1110717523761,214.2662851838395
2,0.276,4,16000.0,3600.0,settle,2,1,1532.0487282601557,218.0253795813769
2,0.277,4,16000.0,3600.0,settle,2,1,1552.5298350600199,195.47101692296565
2,0.278,4,16000.0,3600.0,settle,2,2,1574.5224811318349,172.91665426455438
2,0.279,4,16000.0,3600.0,settle,3,2,1600.7905166285734,90.21739242598414
2,0.28,4,16000.0,3600.0,settle,2,1,1118.4626435820323,124.04887820594013
2,0.281,4,16000.0,3600.0,settle,2,1,1156.0532210270699,135.32611774280667
2,0.282,4,16000.0,3600.0,settle,2,1,1193.873608671942,150.36229160614312
2,0.283,4,16000.0,3600.0,settle,2,1,1231.920211514654,161.6395020391792
2,0.284,4,16000.0,3600.0,settle,2,1,1270.237079386235,176.67576321400702
2,0.285,4,16000.0,3600.0,settle,2,1,1309.1787379316725,187.95288633555174
2,0.286,4,16000.0,3600.0,settle,2,1,1346.9868766880788,202.98917661421
2,0.287,4,16000.0,3600.0,settle,2,1,1384.5774536993313,221.78443032316864
2,0.288,4,16000.0,3600.0,settle,2,1,1422.16803710703,240.57968403212726
2,0.289,4,16000.0,3600.0,settle,2,1,1459.7586161651454,233.06161165237427
2,0.29,4,16000.0,3600.0,measure,2,1,1495.600775208162,214.26625608000904
2,0.291,4,16000.0,3600.0,measure,2,1,1529.7967579520482,206.74822735600173
2,0.292,4,16000.0,3600.0,measure,2,1,1551.376782125541,180.4347848519683
2,0.293,4,16000.0,3600.0,measure,2,2,1574.0917778550934,165.39852367714047
2,0.294,4,16000.0,3600.0,measure,2,2,1601.8942209287875,139.08515393268317
2,0.295,4,16000.0,3600.0,measure,2,1,1089.1409628763513,101.49460285902023
2,0.296,4,16000.0,3600.0,measure,2,1,1127.1093177212033,112.77174053248018
2,0.297,4,16000.0,3600.0,measure,2,1,1164.9284853644992,124.04890730977058
2,0.298,4,16000.0,3600.0,measure,2,1,1202.5190634314094,135.32608863897622
2,0.299,4,16000.0,3600.0,measure,2,1,1240.1481902730286,150.36232070997357
2,0.3,4,16000.0,3600.0,measure,2,1,1277.7387684560972,161.6395020391792
2,0.301,4,16000.0,3600.0,measure,2,1,1315.3293453095491,180.4347848519683
2,0.302,4,16000.0,3600.0,measure,2,1,1353.110935605361,195.47101692296565
2,0.303,4,16000.0,3600.0,measure,2,1,1391.163376895973,214.26629973575473
2,0.304,4,16000.0,3600.0,measure,2,1,1428.5224365730942,229.30253180675209
2,0.305,4,16000.0,3600.0,measure,2,1,1464.3869203888355,214.26632883958519
2,0.306,4,16000.0,3600.0,measure,2,1,1500.8267671836788,199.23003856092691
2,0.307,4,16000.0,3600.0,measure,2,1,1537.631013684868,191.7119516292587
2,0.308,4,16000.0,3600.0,measure,2,1,1560.854863902157,176.67576321400702
2,0.309,4,16000.0,3600.0,measure,2,2,1582.7998916935085,154.1213714517653
2,0.31,4,16000.0,3600.0,measure,2,2,1614.0634031035006,127.80797260347754
2,0.311,4,16000.0,3600.0,measure,2,1,1092.4064077482649,97.73552301339805
2,0.312,4,16000.0,3600.0,measure,2,1,1129.6223728442278,109.01268979068846
2,0.313,4,16000.0,3600.0,measure,2,1,1167.4648450241068,120.28985656797886
2,0.314,4,16000.0,3600.0,measure,2,1,1205.055424751541,131.5670378971845
2,0.315,4,16000.0,3600.0,measure,2,1,1242.6459992282842,142.84421922639012
2,0.316,4,16000.0,3600.0,measure,2,1,1280.2365771554812,157.88042219355702
2,0.317,4,16000.0,3600.0,measure,2,1,1318.072276201894,176.67573411017656
2,0.318,4,16000.0,3600.0,measure,2,1,1355.6628560427107,191.71196618117392
2,0.319,4,16000.0,3600.0,measure,2,1,1393.9621184159032,214.26632883958519
2,0.32,4,16000.0,3600.0,measure,2,1,1431.0300490484597,225.54348106496036
2,0.321,4,16000.0,3600.0,measure,2,1,1467.0623964953277,214.26632883958519
2,0.322,4,16000.0,3600.0,measure,2,1,1503.7410768725301,195.4709878191352
2,0.323,4,16000.0,3600.0,measure,2,1,1540.0548357858252,191.7119516292587
2,0.324,4,16000.0,3600.0,measure,2,1,1562.858201674678,176.67576321400702
2,0.325,4,16000.0,3600.0,measure,2,2,1585.312874643326,150.36232070997357
2,0.326,4,16000.0,3600.0,measure,2,2,1616.2878111197008,124.04892186168581
2,0.327,4,16000.0,3600.0,measure,2,1,1090.8110685029653,101.49460285902023
2,0.328,4,16000.0,3600.0,measure,2,1,1128.4766137566428,112.77174053248018
2,0.329,4,16000.0,3600.0,measure,2,1,1165.8890978516558,124.04890730977058
2,0.33,4,16000.0,3600.0,measure,2,1,1203.4796767265482,135.32608863897622
2,0.331,4,16000.0,3600.0,measure,2,1,1241.3036490145785,146.60326996818185
2,0.332,4,16000.0,3600.0,measure,2,1,1278.8942271771912,161.6395020391792
2,0.333,4,16000.0,3600.0,measure,2,1,1316.9008337240425,176.67573411017656
2,0.334,4,16000.0,3600.0,measure,2,1,1354.9821128600659,191.71196618117392
2,0.335,4,16000.0,3600.0,measure,2,1,1392.8202077751205,210.507248993963
2,0.336,4,16000.0,3600.0,measure,2,1,1430.1632730642557,225.54348106496036
2,0.337,4,16000.0,3600.0,measure,2,1,1466.3815221568684,218.02539413329214
2,0.338,4,16000.0,3600.0,measure,2,1,1502.648759775852,195.4709878191352
2,0.339,4,16000.0,3600.0,measure,2,1,1539.6221333643055,195.47101692296565
2,0.34,5,13000.0,2400.0,settle,2,1,1561.094494028667,172.91668336838484
2,0.341,5,13000.0,2400.0,settle,2,2,1577.1360650603324,157.88042219355702
2,0.342,5,13000.0,2400.0,settle,2,2,1599.3303872360116,139.08513938076794
2,0.343,5,13000.0,2400.0,settle,1,1,1061.3586541178838,187.95288633555174
2,0.344,5,13000.0,2400.0,settle,1,1,1087.303905863046,180.4347848519683
2,0.345,5,13000.0,2400.0,settle,2,1,1114.9863262568144,93.9764577196911
2,0.346,5,13000.0,2400.0,settle,2,1,1141.25161369482,101.49457375518978
2,0.347,5,13000.0,2400.0,settle,2,1,1168.1964474461038,105.2536244969815
2,0.348,5,13000.0,2400.0,settle,2,1,1194.7829648247593,112.77174053248018
2,0.349,5,13000.0,2400.0,settle,2,1,1221.496232962736,116.53077672235668
2,0.35,5,13000.0,2400.0,settle,2,1,1248.6030891523114,120.28985656797886
2,0.351,5,13000.0,2400.0,settle,2,1,1274.900406223628,127.80795805156231
2,0.352,5,13000.0,2400.0,settle,2,1,1301.654128941654,135.32608863897622
2,0.353,5,13000.0,2400.0,settle,2,1,1328.0896920686923,142.84421922639012
2,0.354,5,13000.0,2400.0,settle,2,1,1355.5276673287153,150.36232070997357
2,0.355,5,13000.0,2400.0,measure,2,1,1382.522569991011,161.6395020391792
2,0.356,5,13000.0,2400.0,measure,2,1,1409.4491268905913,169.15761807467788
2,0.357,5,13000.0,2400.0,measure,2,1,1436.55598518914,180.4347848519683
2,0.358,5,13000.0,2400.0,measure,2,1,1462.853303839734,191.71196618117392
2,0.359,5,13000.0,2400.0,measure,2,1,1489.7592221952261,202.98914751037955
2,0.36,5,13000.0,2400.0,measure,2,1,1516.2297154616344,214.26631428766996
2,0.361,5,13000.0,2400.0,measure,2,1,1542.2468947085763,195.47100237105042
2,0.362,5,13000.0,2400.0,measure,2,1,1558.6512408168041,172.91668336838484
2,0.363,5,13000.0,2400.0,measure,2,1,1573.107267254369,154.1213714517653
2,0.364,5,13000.0,2400.0,measure,2,1,1592.2608692198992,139.0851684845984
2,0.365,5,13000.0,2400.0,measure,2,1,1634.5878801075742,101.49457375518978
2,0.366,5,13000.0,2400.0,measure,1,0,974.8250242643069,172.91668336838484
2,0.367,5,13000.0,2400.0,measure,1,1,1001.7747922637564,172.91668336838484
2,0.368,5,13000.0,2400.0,measure,1,1,1027.3471281865047,172.91662516072392
2,0.369,5,13000.0,2400.0,measure,1,1,1055.2253994002028,165.3985818848014
2,0.37,5,13000.0,2400.0,measure,1,1,1079.792680846165,172.91668336838484
2,0.371,5,13000.0,2400.0,measure,1,1,1108.0691464788592,165.3985818848014
2,0.372,5,13000.0,2400.0,measure,1,1,1132.6216973888384,172.91668336838484
2,0.373,5,13000.0,2400.0,measure,2,1,1160.695958080598,86.45829802844673
2,0.374,5,13000.0,2400.0,measure,2,1,1185.472839214064,93.97647227160633
2,0.375,5,13000.0,2400.0,measure,2,1,1213.3227683888335,97.73546480573714
2,0.376,5,13000.0,2400.0,measure,2,1,1239.0026591806645,105.25363904889673
2,0.377,5,13000.0,2400.0,measure,2,1,1265.9495767568135,109.01267523877323
2,0.378,5,13000.0,2400.0,measure,2,1,1292.0541384826518,116.53080582618713
2,0.379,5,13000.0,2400.0,measure,2,1,1318.817616406818,120.28988567180932
2,0.38,5,13000.0,2400.0,measure,2,1,1345.8103025410137,131.56700879335403
2,0.381,5,13000.0,2400.0,measure,2,1,1372.1220761201241,135.32611774280667
2,0.382,5,13000.0,2400.0,measure,2,1,1401.2006184729569,142.8441610187292
2,0.383,5,13000.0,2400.0,measure,2,1,1425.6677680855823,154.12140055559576
2,0.384,5,13000.0,2400.0,measure,2,1,1453.9024740871455,161.63948748726398
2,0.385,5,13000.0,2400.0,measure,2,1,1479.582366463338,176.67573411017656
2,0.386,5,13000.0,2400.0,measure,2,1,1506.5292860122604,180.43481395579875
2,0.387,5,13000.0,2400.0,measure,2,1,1533.7632022090465,195.47103147488087
2,0.388,5,13000.0,2400.0,measure,2,1,1556.208042964979,206.7482128040865
2,0.389,5,13000.0,2400.0,measure,2,1,1570.8517691345053,169.15758897084743
2,0.39,5,13000.0,2400.0,measure,2,1,1590.2332014393214,150.36232070997357
2,0.391,5,13000.0,2400.0,measure,2,1,1620.5122771983345,112.77175508439541
2,0.392,5,13000.0,2400.0,measure,1,0,916.6888689820547,172.91668336838484
2,0.393,5,13000.0,2400.0,measure,1,0,942.5870603687752,172.91668336838484
2,0.394,5,13000.0,2400.0,measure,1,0,969.4039679463738,172.91662516072392
2,0.395,5,13000.0,2400.0,measure,1,0,996.3113400653202,165.3985818848014
2,0.396,5,13000.0,2400.0,measure,1,1,1021.8832842906332,172.91662516072392
2,0.397,5,13000.0,2400.0,measure,1,1,1048.3836587001053,165.3985818848014
2,0.398,5,13000.0,2400.0,measure,1,1,1074.5918937935428,172.91668336838484
2,0.399,5,13000.0,2400.0,measure,1,1,1101.032162512246,165.39852367714047
2,0.4,5,13000.0,2400.0,measure,1,1,1128.0740713158884,172.91668336838484
2,0.401,5,13000.0,2400.0,measure,2,1,1153.8772449062471,86.45829802844673
2,0.402,5,13000.0,2400.0,measure,2,1,1181.625510351016,93.97647227160633
2,0.403,5,13000.0,2400.0,measure,2,1,1206.7235349806854,93.97644316777587
2,0.404,5,13000.0,2400.0,measure,2,1,1234.7175484363668,105.25363904889673
2,0.405,6,13000.0,3000.0,settle,2,1,1260.269222418881,109.01270434260368
2,0.406,6,13000.0,3000.0,settle,2,1,1289.9403896398883,116.53080582618713
2,0.407,6,13000.0,3000.0,settle,2,1,1318.984222856358,120.28988567180932
2,0.408,6,13000.0,3000.0,settle,2,1,1348.9829838767441,131.56702334526926
2,0.409,6,13000.0,3000.0,settle,2,1,1378.5708101216558,139.0851684845984
2,0.41,6,13000.0,3000.0,settle,2,1,1408.2090314736383,150.36232070997357
2,0.411,6,13000.0,3000.0,settle,2,1,1437.3447169078984,165.39856733288616
2,0.412,6,13000.0,3000.0,settle,2,1,1467.4171791309593,180.43477030005306
2,0.413,6,13000.0,3000.0,settle,2,1,1496.663478274758,191.71196618117392
2,0.414,6,13000.0,3000.0,settle,2,1,1526.0750078596175,206.74816914834082
2,0.415,6,13000.0,3000.0,settle,2,1,1553.1848493831612,221.78443032316864
2,0.416,6,13000.0,3000.0,settle,2,1,1569.180252128997,191.71193707734346
2,0.417,6,13000.0,3000.0,settle,2,1,1588.1772989691315,161.6395020391792
2,0.418,6,13000.0,3000.0,settle,2,1,1620.2407896344084,127.808001707308
2,0.419,6,13000.0,3000.0,settle,1,0,941.3892415676256,195.4709878191352
2,0.42,6,13000.0,3000.0,measure,1,0,970.9404957656925,195.4710460267961
2,0.421,6,13000.0,3000.0,measure,1,1,1000.0348084387163,187.95288633555174
2,0.422,6,13000.0,3000.0,measure,1,1,1029.4968292205217,187.95288633555174
2,0.423,6,13000.0,3000.0,measure,1,1,1058.823007186598,187.95288633555174
2,0.424,6,13000.0,3000.0,measure,2,1,1088.1226855614614,97.73553756531328
2,0.425,6,13000.0,3000.0,measure,2,1,1118.1951494167188,105.2536244969815
2,0.426,6,13000.0,3000.0,measure,2,1,1147.8121920332019,112.77174053248018
2,0.427,6,13000.0,3000.0,measure,2,1,1177.1742545969394,120.28985656797886
2,0.428,6,13000.0,3000.0,measure,2,1,1206.133414364171,135.32608863897622
2,0.429,6,13000.0,3000.0,measure,2,1,1235.744403216419,142.84419012255967
2,0.43,6,13000.0,3000.0,measure,2,1,1265.8168659247274,154.1213714517653
2,0.431,6,13000.0,3000.0,measure,2,1,1295.4323793368815,165.39855278097093
2,0.432,6,13000.0,3000.0,measure,2,1,1324.8091534979148,176.67571955826133
2,0.433,6,13000.0,3000.0,measure,2,1,1354.8816183549911,187.95288633555174
2,0.434,6,13000.0,3000.0,measure,2,1,1384.7652866674005,202.9891184065491
2,0.435,6,13000.0,3000.0,measure,2,1,1414.3274303323824,210.507248993963
2,0.436,6,13000.0,3000.0,measure,2,1,1443.9520238346292,225.54348106496036
2,0.437,6,13000.0,3000.0,measure,2,1,1472.3753839170615,214.26629973575473
2,0.438,6,13000.0,3000.0,measure,2,1,1500.8286659439823,199.23006766475737
2,0.439,6,13000.0,3000.0,measure,2,1,1529.181089947851,199.23006766475737
2,0.44,6,13000.0,3000.0,measure,2,1,1551.5212947302593,184.19386469759047
2,0.441,6,13000.0,3000.0,measure,2,1,1566.7755617280764,165.39850912522525
2,0.442,6,13000.0,3000.0,measure,2,1,1585.4864346643758,154.12138600368053
2,0.443,6,13000.0,3000.0,measure,2,2,1613.9893121072564,131.56702334526926
2,0.444,6,13000.0,3000.0,measure,1,1,1057.2721171782123,187.95288633555174
2,0.445,6,13000.0,3000.0,measure,2,1,1086.2715745755092,101.494588307105
2,0.446,6,13000.0,3000.0,measure,2,1,1115.8974176747633,109.01267523877323
2,0.447,6,13000.0,3000.0,measure,2,1,1145.020812533169,116.5307912742719
2,0.448,6,13000.0,3000.0,measure,2,1,1174.6736038063327,127.80795805156231
2,0.449,6,13000.0,3000.0,measure,2,1,1204.0086577784407,131.5670378971845
2,0.45,6,13000.0,3000.0,measure,2,1,1233.8425065644344,139.08513938076794
2,0.451,6,13000.0,3000.0,measure,2,1,1263.094790110117,150.36232070997357
2,0.452,6,13000.0,3000.0,measure,2,1,1292.8709695161563,161.6395020391792
2,0.453,6,13000.0,3000.0,measure,2,1,1322.4262617189777,172.9166688164696
2,0.454,6,13000.0,3000.0,measure,2,1,1352.3122319823194,184.19383559376
2,0.455,6,13000.0,3000.0,measure,2,1,1381.7670163790706,199.23006766475737
2,0.456,6,13000.0,3000.0,measure,2,1,1411.620031087947,210.507248993963
2,0.457,6,13000.0,3000.0,measure,2,1,1441.474124247878,225.54348106496036
2,0.458,6,13000.0,3000.0,measure,2,1,1470.166663348209,214.26629973575473
2,0.459,6,13000.0,3000.0,measure,2,1,1497.8610083405206,195.47101692296565
2,0.46,6,13000.0,3000.0,measure,2,1,1526.3966021679894,191.71196618117392
2,0.461,6,13000.0,3000.0,measure,2,1,1549.1564413753738,187.9529154393822
2,0.462,6,13000.0,3000.0,measure,2,1,1564.3043740925825,169.15758897084743
2,0.463,6,13000.0,3000.0,measure,2,1,1584.0990117794718,157.88043674547225
2,0.464,6,13000.0,3000.0,measure,2,2,1611.8724098695175,127.80795805156231
2,0.465,6,13000.0,3000.0,measure,1,1,1058.7141087370705,187.95288633555174
2,0.466,6,13000.0,3000.0,measure,2,1,1087.8955373356555,101.49460285902023
2,0.467,6,13000.0,3000.0,measure,2,1,1117.0293300870128,105.2536244969815
2,0.468,6,13000.0,3000.0,measure,2,1,1147.1017943741635,112.77174053248018
2,0.469,6,13000.0,3000.0,measure,2,1,1176.743040922704,124.04890730977058
2,0.47,7,10000.0,2400.0,settle,2,1,1205.6082834614747,135.32608863897622
2,0.471,7,10000.0,2400.0,settle,2,1,1227.5956813176683,135.32608863897622
2,0.472,7,10000.0,2400.0,settle,2,1,1249.4639556655725,142.8442046744749
2,0.473,7,10000.0,2400.0,settle,2,1,1272.0183023965142,150.36232070997357
2,0.474,7,10000.0,2400.0,settle,2,1,1294.5726471003238,154.1213714517653
2,0.475,7,10000.0,2400.0,settle,2,1,1316.898953916029,165.39855278097093
2,0.476,7,10000.0,2400.0,settle,2,1,1338.576499480181,172.91669792030007
2,0.477,7,10000.0,2400.0,settle,2,1,1360.2900528116734,180.4347848519683
2,0.478,7,10000.0,2400.0,settle,2,1,1382.6557921129279,191.71196618117392
2,0.479,7,10000.0,2400.0,settle,2,1,1404.5550711476187,199.23009676858783
2,0.48,7,10000.0,2400.0,settle,2,1,1425.515802256633,210.507248993963
2,0.481,7,10000.0,2400.0,settle,2,1,1447.407550110608,214.26631428766996
2,0.482,7,10000.0,2400.0,settle,2,1,1468.949750950208,225.54348106496036
2,0.483,7,10000.0,2400.0,settle,2,1,1490.5031662783585,202.98913295846432
2,0.484,7,10000.0,2400.0,settle,2,1,1510.4637647164054,195.47100237105042
2,0.485,7,10000.0,2400.0,measure,2,1,1530.9379753731566,195.47100237105042
2,0.486,7,10000.0,2400.0,measure,2,1,1547.010115075095,187.95290088746697
2,0.487,7,10000.0,2400.0,measure,2,1,1557.4157938066405,176.67576321400702
2,0.488,7,10000.0,2400.0,measure,2,1,1569.9320618296042,165.39852367714047
2,0.489,7,10000.0,2400.0,measure,2,1,1583.6048019862562,150.36234981380403
2,0.49,7,10000.0,2400.0,measure,2,2,1611.7998417718588,131.56700879335403
2,0.491,7,10000.0,2400.0,measure,1,1,1024.6481191181088,195.47101692296565
2,0.492,7,10000.0,2400.0,measure,1,1,1046.3168257919667,195.4710460267961
2,0.493,7,10000.0,2400.0,measure,1,1,1067.8293269371525,195.4709878191352
2,0.494,7,10000.0,2400.0,measure,2,1,1089.7200775156311,93.97647227160633
2,0.495,7,10000.0,2400.0,measure,2,1,1112.0390515246143,101.49457375518978
2,0.496,7,10000.0,2400.0,measure,2,1,1134.2463566098309,105.2536244969815
2,0.497,7,10000.0,2400.0,measure,2,1,1156.1210866072784,112.77175508439541
2,0.498,7,10000.0,2400.0,measure,2,1,1178.0055242568433,120.28985656797886
2,0.499,7,10000.0,2400.0,measure,2,1,1199.0296749980466,124.04890730977058
2,0.5,7,10000.0,2400.0,measure,2,1,1220.981772313937,131.56705244909972
2,0.501,7,10000.0,2400.0,measure,2,1,1242.8823570656393,139.08513938076794
2,0.502,7,10000.0,2400.0,measure,2,1,1264.0400692758162,146.60325541626662
2,0.503,7,10000.0,2400.0,measure,2,1,1285.7328208785755,150.36232070997357
2,0.504,7,10000.0,2400.0,measure,2,1,1307.8537746778193,157.88043674547225
2,0.505,7,10000.0,2400.0,measure,2,1,1330.2997754366365,165.39855278097093
2,0.506,7,10000.0,2400.0,measure,2,1,1352.2717084933595,172.9166688164696
2,0.507,7,10000.0,2400.0,measure,2,1,1374.8260551235742,180.4347848519683
2,0.508,7,10000.0,2400.0,measure,2,1,1397.3804034409677,191.71199528500438
2,0.509,7,10000.0,2400.0,measure,2,1,1419.0427548448113,206.74818370025605
2,0.51,7,10000.0,2400.0,measure,2,1,1441.1395742735338,214.26629973575473
2,0.511,7,10000.0,2400.0,measure,2,1,1462.163173150041,225.54353927262127
2,0.512,7,10000.0,2400.0,measure,2,1,1483.4620652004614,233.0615825485438
2,0.513,7,10000.0,2400.0,measure,2,1,1503.7581828297475,202.9891184065491
2,0.514,7,10000.0,2400.0,measure,2,1,1525.18837723953,199.23009676858783
2,0.515,7,10000.0,2400.0,measure,2,1,1543.129783442215,195.4709878191352
2,0.516,7,10000.0,2400.0,measure,2,1,1553.1606127395535,184.1938792495057
2,0.517,7,10000.0,2400.0,measure,2,1,1564.780606413853,169.15758897084743
2,0.518,7,10000.0,2400.0,measure,2,1,1576.93213787838,161.63947293534875
2,0.519,7,10000.0,2400.0,measure,2,1,1597.3731905462282,146.6032990720123
2,0.52,7,10000.0,2400.0,measure,1,1,1005.8081861211523,195.4709878191352
2,0.521,7,10000.0,2400.0,measure,1,1,1027.4626788970559,195.47101692296565
2,0.522,7,10000.0,2400.0,measure,1,1,1049.5549221974456,195.4710460267961
2,0.523,7,10000.0,2400.0,measure,1,1,1071.8852594573896,195.4709878191352
2,0.524,7,10000.0,2400.0,measure,2,1,1093.659426600272,101.49461741093546
2,0.525,7,10000.0,2400.0,measure,2,1,1115.1029417912166,105.2536244969815
2,0.526,7,10000.0,2400.0,measure,2,1,1136.8841699817601,109.01267523877323
2,0.527,7,10000.0,2400.0,measure,2,1,1158.311659904965,116.53082037810236
2,0.528,7,10000.0,2400.0,measure,2,1,1180.547363002829,120.28985656797886
2,0.529,7,10000.0,2400.0,measure,2,1,1202.6001595107741,124.04890730977058
2,0.53,7,10000.0,2400.0,measure,2,1,1224.2575281639727,131.56705244909972
2,0.531,7,10000.0,2400.0,measure,2,1,1245.6685628941548,139.08513938076794
2,0.532,7,10000.0,2400.0,measure,2,1,1268.2229091989852,146.60325541626662
2,0.533,7,10000.0,2400.0,measure,2,1,1289.9460754234274,154.1213714517653
2,0.534,7,10000.0,2400.0,measure,2,1,1312.5004210588436,161.63948748726398
2,0.535,8,10000.0,3000.0,settle,2,1,1334.609735173396,169.1576326265931
2,0.536,8,10000.0,3000.0,settle,2,1,1358.4402991303552,180.4347848519683
2,0.537,8,10000.0,3000.0,settle,2,1,1383.3227093915264,191.7119516292587
2,0.538,8,10000.0,3000.0,settle,2,1,1408.261612386388,202.98914751037955
2,0.539,8,10000.0,3000.0,settle,2,1,1432.7902776268224,214.26629973575473
2,0.54,8,10000.0,3000.0,settle,2,1,1456.6490181139118,225.54351016879082
2,0.541,8,10000.0,3000.0,settle,2,1,1481.55839886472,236.82064784225076
2,0.542,8,10000.0,3000.0,settle,2,1,1505.055661562463,244.33874932583421
2,0.543,8,10000.0,3000.0,settle,2,1,1528.017676404514,218.0253795813769
2,0.544,8,10000.0,3000.0,settle,2,1,1545.3540015174713,210.507248993963
2,0.545,8,10000.0,3000.0,settle,2,1,1558.406743391423,187.95292999129742
2,0.546,8,10000.0,3000.0,settle,2,1,1571.9096540756848,176.67569045443088
2,0.547,8,10000.0,3000.0,settle,2,1,1592.2566930789294,157.8804658493027
2,0.548,8,10000.0,3000.0,settle,2,1,1633.8360670488328,124.04890730977058
2,0.549,8,10000.0,3000.0,settle,1,1,1025.5751061902565,210.50730720162392
2,0.55,8,10000.0,3000.0,measure,2,1,1049.2570752194495,109.01268979068846
2,0.551,8,10000.0,3000.0,measure,2,1,1073.7299358126998,120.28985656797886
2,0.552,8,10000.0,3000.0,measure,2,1,1099.5572599219076,124.04895096551627
2,0.553,8,10000.0,3000.0,measure,2,1,1123.4489504888813,131.56700879335403
2,0.554,8,10000.0,3000.0,measure,2,1,1147.6969014077474,139.08515393268317
2,0.555,8,10000.0,3000.0,measure,2,1,1172.7630801033229,154.1213714517653
2,0.556,8,10000.0,3000.0,measure,2,1,1198.0455686163125,157.88042219355702
2,0.557,8,10000.0,3000.0,measure,2,1,1221.8400578572541,169.15764717850834
2,0.558,8,10000.0,3000.0,measure,2,1,1246.5713596295402,180.43475574813783
2,0.559,8,10000.0,3000.0,measure,2,1,1272.6035383821,187.95294454321265
2,0.56,8,10000.0,3000.0,measure,2,1,1296.2129489166957,199.23005311284214
2,0.561,8,10000.0,3000.0,measure,2,1,1321.110836196023,214.26629973575473
2,0.562,8,10000.0,3000.0,measure,2,1,1346.889173399414,221.7844594269991
2,0.563,8,10000.0,3000.0,measure,2,1,1371.0714400997745,236.82063329033554
2,0.564,8,10000.0,3000.0,measure,2,1,1395.6045255657625,248.09787282720208
2,0.565,8,10000.0,3000.0,measure,2,1,1419.4880250294732,263.13406124245375
2,0.566,8,10000.0,3000.0,measure,2,1,1443.3657162867132,233.0615825485438
2,0.567,8,10000.0,3000.0,measure,2,1,1467.4009085487721,221.7844594269991
2,0.568,8,10000.0,3000.0,measure,2,1,1491.2520866626157,218.02535047754645
2,0.569,8,10000.0,3000.0,measure,2,1,1514.2383093869737,214.26632883958519
2,0.57,8,10000.0,3000.0,measure,2,1,1533.593029359027,218.0253795813769
2,0.571,8,10000.0,3000.0,measure,2,1,1545.8793845027685,199.23006766475737
2,0.572,8,10000.0,3000.0,measure,2,2,1558.0597060357427,187.95294454321265
2,0.573,8,10000.0,3000.0,measure,3,2,1574.32106204467,127.80795805156231
2,0.574,8,10000.0,3000.0,measure,3,2,1592.3089021170097,105.25365360081196
2,0.575,8,10000.0,3000.0,measure,3,2,1633.5788685338277,37.59059472940862
2,0.576,8,10000.0,3000.0,measure,2,1,1126.7578533630337,135.32605953514576
2,0.577,8,10000.0,3000.0,measure,2,1,1150.9224070323398,142.84423377830535
2,0.578,8,10000.0,3000.0,measure,2,1,1175.817207672433,154.1213714517653
2,0.579,8,10000.0,3000.0,measure,2,1,1201.6645182624995,161.6395020391792
2,0.58,8,10000.0,3000.0,measure,2,1,1225.3358620828842,169.1576326265931
2,0.581,8,10000.0,3000.0,measure,2,1,1250.297319198565,184.19380648992956
2,0.582,8,10000.0,3000.0,measure,2,1,1275.5460280337857,191.71199528500438
2,0.583,8,10000.0,3000.0,measure,2,1,1300.1429928875457,202.98910385463387
2,0.584,8,10000.0,3000.0,measure,2,1,1324.3431475262366,214.26629973575473
2,0.585,8,10000.0,3000.0,measure,2,1,1350.238814337586,225.54351016879082
2,0.586,8,10000.0,3000.0,measure,2,1,1375.122763089497,236.82063329033554
2,0.587,8,10000.0,3000.0,measure,2,1,1398.8666113653069,251.8569235689938
2,0.588,8,10000.0,3000.0,measure,2,1,1422.719139226188,263.13406124245375
2,0.589,8,10000.0,3000.0,measure,2,1,1446.2211453492807,240.57971313595772
2,0.59,8,10000.0,3000.0,measure,2,1,1471.1314889912805,225.54351016879082
2,0.591,8,10000.0,3000.0,measure,2,1,1493.685835157521,221.78440121933818
2,0.592,8,10000.0,3000.0,measure,2,1,1517.8726107271593,225.54348106496036
2,0.593,8,10000.0,3000.0,measure,2,1,1533.4512154977215,218.0253795813769
2,0.594,8,10000.0,3000.0,measure,2,1,1545.4896890800342,199.23006766475737
2,0.595,8,10000.0,3000.0,measure,2,2,1558.6169070697256,191.71199528500438
2,0.596,8,10000.0,3000.0,measure,3,2,1574.121455122544,127.80795805156231
2,0.597,8,10000.0,3000.0,measure,3,2,1592.9962033150744,105.25365360081196
2,0.598,8,10000.0,3000.0,measure,3,2,1633.8360670488328,37.59059472940862
2,0.599,8,10000.0,3000.0,measure,2,1,1126.372550271667,135.32605953514576
2,0.6,8,10000.0,3000.0,measure,2,1,1150.076488768141,142.84423377830535
3,0.0,0,16000.0,3000.0,settle,0,0,,
3,0.001,0,16000.0,3000.0,settle,0,0,,
3,0.002,0,16000.0,3000.0,settle,0,0,,
3,0.003,0,16000.0,3000.0,settle,0,0,,
3,0.004,0,16000.0,3000.0,settle,0,0,,
3,0.005,0,16000.0,3000.0,settle,0,0,,
3,0.006,0,16000.0,3000.0,settle,0,0,,
3,0.007,0,16000.0,3000.0,settle,0,0,,
3,0.008,0,16000.0,3000.0,settle,0,0,,
3,0.009,0,16000.0,3000.0,settle,1,0,658.7142963647185,15.036261174827814
3,0.01,0,16000.0,3000.0,settle,1,0,665.3147633187473,30.072464141994715
3,0.011,0,16000.0,3000.0,settle,1,0,672.4714319436596,45.10872531682253
3,0.012,0,16000.0,3000.0,settle,1,0,680.6885029354523,60.14492828398943
3,0.013,0,16000.0,3000.0,settle,1,0,689.5155801903456,82.6992909424007
3,0.014,0,16000.0,3000.0,settle,1,0,699.9040085459186,97.73552301339805
3,0.015,0,16000.0,3000.0,settle,1,0,713.1890535155046,127.80798715539277
3,0.016,0,16000.0,3000.0,settle,1,0,727.4311990724838,150.36232070997357
3,0.017,0,16000.0,3000.0,settle,1,0,744.9023767279599,180.4347848519683
3,0.018,0,16000.0,3000.0,settle,1,0,763.6091533689051,210.507248993963
3,0.019,0,16000.0,3000.0,settle,1,0,784.7104215408873,240.57971313595772
3,0.02,0,16000.0,3000.0,settle,1,0,815.8853870917355,233.0615825485438
3,0.021,0,16000.0,3000.0,settle,1,0,858.1275908675576,195.4709878191352
3,0.022,0,16000.0,3000.0,settle,1,0,894.3647258470694,180.4347848519683
3,0.023,0,16000.0,3000.0,settle,1,0,929.809993861635,172.91668336838484
3,0.024,0,16000.0,3000.0,settle,1,0,964.2161561622111,172.91662516072392
3,0.025,0,16000.0,3000.0,settle,1,0,997.9202520098316,172.91668336838484
3,0.026,0,16000.0,3000.0,settle,1,1,1032.3330775801358,165.39852367714047
3,0.027,0,16000.0,3000.0,settle,1,1,1066.3690900503746,172.91668336838484
3,0.028,0,16000.0,3000.0,settle,1,1,1099.6397441803392,165.39852367714047
3,0.029,0,16000.0,3000.0,settle,2,1,1134.2636435873087,90.21740697789937
3,0.03,0,16000.0,3000.0,measure,2,1,1168.1143997438166,93.97644316777587
3,0.031,0,16000.0,3000.0,measure,2,1,1202.5861847879632,105.25363904889673
3,0.032,0,16000.0,3000.0,measure,2,1,1237.2725184170783,109.01270434260368
3,0.033,0,16000.0,3000.0,measure,2,1,1272.5564040672245,116.53076217044145
3,0.034,0,16000.0,3000.0,measure,2,1,1305.918038600463,127.80798715539277
3,0.035,0,16000.0,3000.0,measure,2,1,1340.2194450794593,135.32605953514576
3,0.036,0,16000.0,3000.0,measure,2,1,1375.5028422123619,150.3623352618888
3,0.037,0,16000.0,3000.0,measure,2,1,1410.189181611217,161.63948748726398
3,0.038,0,16000.0,3000.0,measure,2,1,1445.473070899342,176.6757486620918
3,0.039,0,16000.0,3000.0,measure,2,1,1479.7317549395798,191.71196618117392
3,0.04,0,16000.0,3000.0,measure,2,1,1513.5784151165615,202.9891184065491
3,0.041,0,16000.0,3000.0,measure,2,1,1547.3755408277616,191.71196618117392
3,0.042,0,16000.0,3000.0,measure,2,1,1567.4441988857193,165.3985382290557
3,0.043,0,16000.0,3000.0,measure,2,1,1590.6418509900482,142.84419012255967
3,0.044,0,16000.0,3000.0,measure,2,1,1626.8191474308776,109.01270434260368
3,0.045,0,16000.0,3000.0,measure,1,0,979.842902224559,165.39855278097093
3,0.046,0,16000.0,3000.0,measure,1,1,1014.0998170258667,172.91665426455438
3,0.047,0,16000.0,3000.0,measure,1,1,1048.6899525526796,172.91668336838484
3,0.048,0,16000.0,3000.0,measure,1,1,1084.5670061971343,165.39852367714047
3,0.049,0,16000.0,3000.0,measure,2,1,1118.1522046674859,90.21740697789937
3,0.05,0,16000.0,3000.0,measure,2,1,1152.2665587439076,93.97641406394541
3,0.051,0,16000.0,3000.0,measure,2,1,1187.0805574289989,105.25363904889673
3,0.052,0,16000.0,3000.0,measure,2,1,1221.059264415609,109.01264613494277
3,0.053,0,16000.0,3000.0,measure,2,1,1256.3822142812035,120.28988567180932
3,0.054,0,16000.0,3000.0,measure,2,1,1290.6532181907055,131.5670378971845
3,0.055,0,16000.0,3000.0,measure,2,1,1325.1832143313632,139.0851684845984
3,0.056,0,16000.0,3000.0,measure,2,1,1359.9527933093536,154.12140055559576
3,0.057,0,16000.0,3000.0,measure,2,1,1394.2662500471215,165.39855278097093
3,0.058,0,16000.0,3000.0,measure,2,1,1430.2075543358626,176.6757486620918
3,0.059,0,16000.0,3000.0,measure,2,1,1463.985528950805,195.47100237105042
3,0.06,0,16000.0,3000.0,measure,2,1,1498.0998821556568,206.7482128040865
3,0.061,0,16000.0,3000.0,measure,2,1,1531.744077696172,187.95290088746697
3,0.062,0,16000.0,3000.0,measure,2,1,1559.5757992467977,172.91669792030007
3,0.063,0,16000.0,3000.0,measure,2,1,1580.9099034716685,146.6032408643514
3,0.064,0,16000.0,3000.0,measure,2,1,1607.1025154315957,124.04889275785536
3,0.065,0,16000.0,3000.0,measure,1,0,987.6754682876967,165.3985818848014
3,0.066,0,16000.0,3000.0,measure,1,1,1021.831515407195,172.91662516072392
3,0.067,0,16000.0,3000.0,measure,1,1,1057.043415394763,172.91668336838484
3,0.068,0,16000.0,3000.0,measure,1,1,1092.0851206157538,165.39846546947956
3,0.069,0,16000.0,3000.0,measure,2,1,1125.4832696233113,93.97647227160633
3,0.07,0,16000.0,3000.0,measure,2,1,1159.7846714721527,93.97641406394541
3,0.071,0,16000.0,3000.0,measure,2,1,1194.5986741259483,105.25363904889673
3,0.072,0,16000.0,3000.0,measure,2,1,1228.0751912565397,112.77172598056495
3,0.073,0,16000.0,3000.0,measure,2,1,1263.9003305263839,120.28985656797886
3,0.074,0,16000.0,3000.0,measure,2,1,1298.3999219035138,135.32610319089144
3,0.075,0,16000.0,3000.0,measure,2,1,1332.7013306975873,142.84419012255967
3,0.076,0,16000.0,3000.0,measure,2,1,1367.51533070558,157.88045129738748
3,0.077,0,16000.0,3000.0,measure,2,1,1402.0303189516364,165.39852367714047
3,0.078,0,16000.0,3000.0,measure,2,1,1437.9549538716674,180.43481395579875
3,0.079,0,16000.0,3000.0,measure,2,1,1471.7651151427576,199.23009676858783
3,0.08,1,10000.0,2400.0,settle,2,1,1505.6179991833314,206.7482128040865
3,0.081,1,10000.0,2400.0,settle,2,1,1526.3183468259635,180.43475574813783
3,0.082,1,10000.0,2400.0,settle,2,1,1548.635427805163,176.67573411017656
3,0.083,1,10000.0,2400.0,settle,2,1,1560.8078065015688,161.6395020391792
3,0.084,1,10000.0,2400.0,settle,2,1,1573.2078118162462,150.36229160614312
3,0.085,1,10000.0,2400.0,settle,2,1,1588.0006023993094,135.32611774280667
3,0.086,1,10000.0,2400.0,settle,2,1,1620.5122771983345,109.01268979068846
3,0.087,1,10000.0,2400.0,settle,1,0,974.9528956446093,165.39852367714047
3,0.088,1,10000.0,2400.0,settle,1,0,996.7748204647779,165.3985818848014
3,0.089,1,10000.0,2400.0,settle,1,1,1018.9908642298012,165.39852367714047
3,0.09,1,10000.0,2400.0,settle,1,1,1040.052456106126,165.39855278097093
3,0.091,1,10000.0,2400.0,settle,1,1,1061.632251366973,165.3985818848014
3,0.092,1,10000.0,2400.0,settle,2,1,1082.620581461691,82.69927639048547
3,0.093,1,10000.0,2400.0,settle,2,1,1105.0235123422017,86.45834168419242
3,0.094,1,10000.0,2400.0,settle,2,1,1127.0975593889002,90.2174215298146
3,0.095,1,10000.0,2400.0,measure,2,1,1148.6586717410974,101.49455920327455
3,0.096,1,10000.0,2400.0,measure,2,1,1170.747038137093,105.2536244969815
3,0.097,1,10000.0,2400.0,measure,2,1,1191.6642049247437,112.77175508439541
3,0.098,1,10000.0,2400.0,measure,2,1,1213.3568762147795,116.53076217044145
3,0.099,1,10000.0,2400.0,measure,2,1,1234.9049402159992,124.04893641360104
3,0.1,1,10000.0,2400.0,measure,2,1,1256.2710824609871,131.56705244909972
3,0.101,1,10000.0,2400.0,measure,2,1,1278.091582364969,135.32605953514576
3,0.102,1,10000.0,2400.0,measure,2,1,1300.2550590486414,142.84423377830535
3,0.103,1,10000.0,2400.0,measure,2,1,1322.5685631136173,150.36234981380403
3,0.104,1,10000.0,2400.0,measure,2,1,1344.1296714701573,161.63945838343352
3,0.105,1,10000.0,2400.0,measure,2,1,1366.2180443024822,172.91668336838484
3,0.106,1,10000.0,2400.0,measure,2,1,1387.8484205633868,180.43481395579875
3,0.107,1,10000.0,2400.0,measure,2,1,1409.4634907555649,191.7119516292587
3,0.108,1,10000.0,2400.0,measure,2,1,1431.0375612861553,199.23009676858783
3,0.109,1,10000.0,2400.0,measure,2,1,1452.1093606204863,210.507248993963
3,0.11,1,10000.0,2400.0,measure,2,1,1473.4111835297217,206.74818370025605
3,0.111,1,10000.0,2400.0,measure,2,1,1494.582393206656,191.71196618117392
3,0.112,1,10000.0,2400.0,measure,2,1,1514.7171196013946,187.95288633555174
3,0.113,1,10000.0,2400.0,measure,2,1,1535.1640328366548,184.19383559376
3,0.114,1,10000.0,2400.0,measure,2,1,1554.86165824572,184.1938792495057
3,0.115,1,10000.0,2400.0,measure,2,1,1565.8310170747563,169.15758897084743
3,0.116,1,10000.0,2400.0,measure,2,1,1578.763069979516,157.88042219355702
3,0.117,1,10000.0,2400.0,measure,2,1,1597.7843377186218,146.6032990720123
3,0.118,1,10000.0,2400.0,measure,1,1,1005.1166847562284,195.4709878191352
3,0.119,1,10000.0,2400.0,measure,1,1,1027.00057247407,195.47101692296565
3,0.12,1,10000.0,2400.0,measure,1,1,1049.330911213611,195.4710460267961
3,0.121,1,10000.0,2400.0,measure,1,1,1071.475688892771,195.4709878191352
3,0.122,1,10000.0,2400.0,measure,2,1,1092.548593719122,97.73555211722851
3,0.123,1,10000.0,2400.0,measure,2,1,1114.5470222954657,105.2536244969815
3,0.124,1,10000.0,2400.0,measure,2,1,1135.757312143301,109.01267523877323
3,0.125,1,10000.0,2400.0,measure,2,1,1157.9930180838953,112.77175508439541
3,0.126,1,10000.0,2400.0,measure,2,1,1180.0458127271795,116.53080582618713
3,0.127,1,10000.0,2400.0,measure,2,1,1201.9311353259793,120.28985656797886
3,0.128,1,10000.0,2400.0,measure,2,1,1223.1142174208626,131.56705244909972
3,0.129,1,10000.0,2400.0,measure,2,1,1245.6685628941548,139.08513938076794
3,0.13,1,10000.0,2400.0,measure,2,1,1267.3917284151892,142.84419012255967
3,0.131,1,10000.0,2400.0,measure,2,1,1289.9460754234274,150.36232070997357
3,0.132,1,10000.0,2400.0,measure,2,1,1311.596119468856,157.88042219355702
3,0.133,1,10000.0,2400.0,measure,2,1,1333.330536671689,165.3985818848014
3,0.134,1,10000.0,2400.0,measure,2,1,1355.1267219777658,176.67571955826133
3,0.135,1,10000.0,2400.0,measure,2,1,1377.6810681623108,184.19383559376
3,0.136,1,10000.0,2400.0,measure,2,1,1399.3843098913476,195.47107513062656
3,0.137,1,10000.0,2400.0,measure,2,1,1421.28676543291,202.9891184065491
3,0.138,1,10000.0,2400.0,measure,2,1,1443.6814130195194,214.26629973575473
3,0.139,1,10000.0,2400.0,measure,2,1,1465.6258660996202,221.7844594269991
3,0.14,1,10000.0,2400.0,measure,2,1,1486.705798537662,233.0615825485438
3,0.141,1,10000.0,2400.0,measure,2,1,1507.9714371581158,210.50723444204777
3,0.142,1,10000.0,2400.0,measure,2,1,1528.403422811867,199.2300822166726
3,0.143,1,10000.0,2400.0,measure,2,1,1544.511431954258,195.47100237105042
3,0.144,1,10000.0,2400.0,measure,2,1,1555.235936705555,184.1938792495057
3,0.145,2,10000.0,3600.0,settle,2,1,1567.1813882709969,172.91665426455438
3,0.146,2,10000.0,3600.0,settle,2,1,1586.4436709149766,157.88045129738748
3,0.147,2,10000.0,3600.0,settle,2,1,1616.5641657272843,131.5670378971845
3,0.148,2,10000.0,3600.0,settle,1,1,1018.9293510527075,195.4709878191352
3,0.149,2,10000.0,3600.0,settle,2,1,1046.1037951622616,101.494588307105
3,0.15,2,10000.0,3600.0,settle,2,1,1072.647709801424,112.77172598056495
3,0.151,2,10000.0,3600.0,settle,2,1,1100.2114307838187,120.28988567180932
3,0.152,2,10000.0,3600.0,settle,2,1,1127.3480856662834,135.326074087061
3,0.153,2,10000.0,3600.0,settle,2,1,1154.0854035030234,139.0851684845984
3,0.154,2,10000.0,3600.0,settle,2,1,1182.2002392782538,150.36232070997357
3,0.155,2,10000.0,3600.0,settle,2,1,1209.1238190085312,165.39856733288616
3,0.156,2,10000.0,3600.0,settle,2,1,1236.1426825201102,176.67571955826133
3,0.157,2,10000.0,3600.0,settle,2,1,1264.7320177594975,187.95288633555174
3,0.158,2,10000.0,3600.0,settle,2,1,1291.3681758458124,206.74816914834082
3,0.159,2,10000.0,3600.0,settle,2,1,1318.6407898918283,214.26629973575473
3,0.16,2,10000.0,3600.0,measure,2,1,1347.515234888038,229.30256091058254
3,0.161,2,10000.0,3600.0,measure,2,1,1373.6252075828172,244.33876387774944
3,0.162,2,10000.0,3600.0,measure,2,1,1400.9055816893315,255.616003414616
3,0.163,2,10000.0,3600.0,measure,2,1,1428.2865007737441,274.4111989159137
3,0.164,2,10000.0,3600.0,measure,2,1,1453.966878258806,263.1340903462842
3,0.165,2,10000.0,3600.0,measure,2,1,1480.207054606888,240.57968403212726
3,0.166,2,10000.0,3600.0,measure,2,1,1506.5936903712975,229.3025463586673
3,0.167,2,10000.0,3600.0,measure,2,1,1535.1835460205189,229.30250270292163
3,0.168,2,10000.0,3600.0,measure,2,2,1550.1379366365395,218.0253795813769
3,0.169,2,10000.0,3600.0,measure,2,2,1564.3071474253454,202.9891184065491
3,0.17,2,10000.0,3600.0,measure,3,2,1582.0570233119452,120.28985656797886
3,0.171,2,10000.0,3600.0,measure,3,2,1608.825201401487,75.18113125115633
3,0.172,2,10000.0,3600.0,measure,2,1,1120.4866594643324,154.12140055559576
3,0.173,2,10000.0,3600.0,measure,2,1,1148.8012885741834,161.6395020391792
3,0.174,2,10000.0,3600.0,measure,2,1,1175.794499938058,176.67571955826133
3,0.175,2,10000.0,3600.0,measure,2,1,1203.567762346434,187.95288633555174
3,0.176,2,10000.0,3600.0,measure,2,1,1231.5005606723773,195.47101692296565
3,0.177,2,10000.0,3600.0,measure,2,1,1259.7445241524206,214.26629973575473
3,0.178,2,10000.0,3600.0,measure,2,1,1287.019366788192,229.30253180675209
3,0.179,2,10000.0,3600.0,measure,2,1,1314.629599727717,236.820662394166
3,0.18,2,10000.0,3600.0,measure,2,1,1343.88782568982,251.85689446516335
3,0.181,2,10000.0,3600.0,measure,2,1,1370.5133563428712,266.8931701919064
3,0.182,2,10000.0,3600.0,measure,2,1,1397.5313292887013,278.1702933134511
3,0.183,2,10000.0,3600.0,measure,2,1,1426.254327415718,293.2065399363637
3,0.184,2,10000.0,3600.0,measure,2,1,1452.3441137557695,308.24277200736105
3,0.185,2,10000.0,3600.0,measure,2,1,1479.5983824108412,319.51992423273623
3,0.186,2,10000.0,3600.0,measure,2,1,1507.6809562314713,338.31523614935577
3,0.187,2,10000.0,3600.0,measure,2,1,1523.0175762522672,338.31523614935577
3,0.188,2,10000.0,3600.0,measure,2,1,1538.3282366490737,338.31523614935577
3,0.189,2,10000.0,3600.0,measure,1,1,1554.2614903097274,165.3985818848014
3,0.19,2,10000.0,3600.0,measure,1,1,1570.7249665512188,142.8441610187292
3,0.191,2,10000.0,3600.0,measure,1,1,1591.9755656236352,105.25365360081196
3,0.192,2,10000.0,3600.0,measure,3,2,1631.8312361060332,195.4710460267961
3,0.193,2,10000.0,3600.0,measure,2,1,1138.2328112067394,225.5434956168756
3,0.194,2,10000.0,3600.0,measure,2,1,1166.8081718951498,218.02535047754645
3,0.195,2,10000.0,3600.0,measure,2,1,1194.639212435562,218.02539413329214
3,0.196,2,10000.0,3600.0,measure,2,1,1223.6726248195612,225.5434519611299
3,0.197,2,10000.0,3600.0,measure,2,1,1249.956149742635,236.82067694608122
3,0.198,2,10000.0,3600.0,measure,2,1,1277.5305414273269,244.338734773919
3,0.199,2,10000.0,3600.0,measure,2,1,1306.5849107194836,255.61597431078553
3,0.2,2,10000.0,3600.0,measure,2,1,1332.443398252948,270.652148174122
3,0.201,2,10000.0,3600.0,measure,2,1,1359.8831902022678,281.9293877109885
3,0.202,2,10000.0,3600.0,measure,2,1,1388.2344986004118,296.96560523007065
3,0.203,2,10000.0,3600.0,measure,2,1,1414.2328357935,312.0018227491528
3,0.204,2,10000.0,3600.0,measure,2,1,1441.9109980608366,319.51998244039714
3,0.205,2,10000.0,3600.0,measure,2,1,1469.0247726233931,338.3152070455253
3,0.206,2,10000.0,3600.0,measure,2,1,1495.377412558026,349.5924174785614
3,0.207,2,10000.0,3600.0,measure,2,1,1509.987383049469,353.35143911652267
3,0.208,2,10000.0,3600.0,measure,2,1,1524.7363671375738,353.3514973241836
3,0.209,2,10000.0,3600.0,measure,1,1,1539.3931602118098,195.4709878191352
3,0.21,3,10000.0,3000.0,settle,1,1,1554.7171223633845,165.3985818848014
3,0.211,3,10000.0,3000.0,settle,1,1,1571.6380972025167,135.32605953514576
3,0.212,3,10000.0,3000.0,settle,1,1,1591.8985864728838,105.25365360081196
3,0.213,3,10000.0,3000.0,settle,1,1,1632.9947531977225,30.072464141994715
3,0.214,3,10000.0,3000.0,settle,0,0,,
3,0.215,3,10000.0,3000.0,settle,0,0,,
3,0.216,3,10000.0,3000.0,settle,0,0,,
3,0.217,3,10000.0,3000.0,settle,2,1,1238.3402951087512,270.65217727795243
3,0.218,3,10000.0,3000.0,settle,2,1,1264.986190105193,251.85689446516335
3,0.219,3,10000.0,3000.0,settle,2,1,1290.635292397588,248.0978291714564
3,0.22,3,10000.0,3000.0,settle,2,1,1317.6253240089864,251.8569235689938
3,0.221,3,10000.0,3000.0,settle,2,1,1341.4852037385572,251.8568653613329
3,0.222,3,10000.0,3000.0,settle,2,1,1365.5356121872946,259.3750396044925
3,0.223,3,10000.0,3000.0,settle,2,1,1391.311867361381,266.89309743233025
3,0.224,3,10000.0,3000.0,settle,2,1,1414.7894818311224,274.4112425716594
3,0.225,3,10000.0,3000.0,measure,2,1,1438.4362831014798,244.3387929815799
3,0.226,3,10000.0,3000.0,measure,2,1,1461.4185335526822,233.0615825485438
3,0.227,3,10000.0,3000.0,measure,2,1,1484.7379120945834,229.30256091058254
3,0.228,3,10000.0,3000.0,measure,2,1,1503.997652123138,225.54348106496036
3,0.229,3,10000.0,3000.0,measure,2,1,1515.3744949012964,210.507248993963
3,0.23,3,10000.0,3000.0,measure,2,1,1529.4441727060332,195.4710460267961
3,0.231,3,10000.0,3000.0,measure,2,2,1539.8210696256888,184.19383559376
3,0.232,3,10000.0,3000.0,measure,3,2,1554.3137434060159,165.3985818848014
3,0.233,3,10000.0,3000.0,measure,3,2,1569.6782462545632,135.32605953514576
3,0.234,3,10000.0,3000.0,measure,3,2,1585.9148529616286,112.77175508439541
3,0.235,3,10000.0,3000.0,measure,3,2,1617.10824093981,60.14492828398943
3,0.236,3,10000.0,3000.0,measure,2,1,1137.8712919635254,127.80798715539277
3,0.237,3,10000.0,3000.0,measure,2,1,1162.8951351110804,139.08513938076794
3,0.238,3,10000.0,3000.0,measure,2,1,1187.017415518511,150.36232070997357
3,0.239,3,10000.0,3000.0,measure,2,1,1213.1403663042415,154.12135689985007
3,0.24,3,10000.0,3000.0,measure,2,1,1237.0214505924139,165.39855278097093
3,0.241,3,10000.0,3000.0,measure,2,1,1261.7706916458212,180.4347848519683
3,0.242,3,10000.0,3000.0,measure,2,1,1287.2412611240857,187.9529154393822
3,0.243,3,10000.0,3000.0,measure,2,1,1311.398553602908,199.2300822166726
3,0.244,3,10000.0,3000.0,measure,2,1,1335.6078078803152,210.507248993963
3,0.245,3,10000.0,3000.0,measure,2,1,1360.6885167738803,229.30253180675209
3,0.246,3,10000.0,3000.0,measure,2,1,1386.1445021566306,236.820662394166
3,0.247,3,10000.0,3000.0,measure,2,1,1408.6988501161375,229.3025463586673
3,0.248,3,10000.0,3000.0,measure,2,1,1431.6884101708868,210.50723444204777
3,0.249,3,10000.0,3000.0,measure,2,1,1454.9723578593096,206.7482128040865
3,0.25,3,10000.0,3000.0,measure,2,1,1478.4520115846624,202.98913295846432
3,0.251,3,10000.0,3000.0,measure,2,1,1501.8385774069923,199.23005311284214
3,0.252,3,10000.0,3000.0,measure,2,1,1525.3667744392906,202.98917661421
3,0.253,3,10000.0,3000.0,measure,2,1,1547.07145801687,199.23006766475737
3,0.254,3,10000.0,3000.0,measure,2,2,1559.1476321050493,187.95294454321265
3,0.255,3,10000.0,3000.0,measure,3,2,1575.6942344548768,127.80795805156231
3,0.256,3,10000.0,3000.0,measure,3,2,1595.7543250839533,97.73555211722851
3,0.257,3,10000.0,3000.0,measure,3,2,1642.4818895757198,37.59059472940862
3,0.258,3,10000.0,3000.0,measure,2,1,1129.9551308586697,139.08511027693748
3,0.259,3,10000.0,3000.0,measure,2,1,1155.750309272036,142.84423377830535
3,0.26,3,10000.0,3000.0,measure,2,1,1179.9145654993995,150.36229160614312
3,0.261,3,10000.0,3000.0,measure,2,1,1204.0532997076346,161.6395020391792
3,0.262,3,10000.0,3000.0,measure,2,1,1229.6898378745504,169.15760352276266
3,0.263,3,10000.0,3000.0,measure,2,1,1254.616853944266,180.43475574813783
3,0.264,3,10000.0,3000.0,measure,2,1,1278.5767586940754,191.71199528500438
3,0.265,3,10000.0,3000.0,measure,2,1,1303.588954584771,206.7481545964256
3,0.266,3,10000.0,3000.0,measure,2,1,1329.0947393801519,214.26632883958519
3,0.267,3,10000.0,3000.0,measure,2,1,1353.1438278793328,225.54351016879082
3,0.268,3,10000.0,3000.0,measure,2,1,1377.6104398337857,236.82063329033554
3,0.269,3,10000.0,3000.0,measure,2,1,1403.0763826213886,248.09785827528685
3,0.27,3,10000.0,3000.0,measure,2,1,1427.5335205104393,263.1340321386233
3,0.271,3,10000.0,3000.0,measure,2,1,1450.505308897522,236.820662394166
3,0.272,3,10000.0,3000.0,measure,2,1,1474.0477740339873,229.30256091058254
3,0.273,3,10000.0,3000.0,measure,2,1,1497.4514458905203,221.78440121933818
3,0.274,3,10000.0,3000.0,measure,2,1,1522.851649604848,221.78443032316864
3,0.275,4,13000.0,3000.0,settle,2,1,1535.4630565089503,214.26629973575473
3,0.276,4,13000.0,3000.0,settle,2,1,1551.7017564633136,199.23006766475737
3,0.277,4,13000.0,3000.0,settle,2,2,1568.8310913362434,180.4347848519683
3,0.278,4,13000.0,3000.0,settle,3,2,1590.6702887676433,112.77175508439541
3,0.279,4,13000.0,3000.0,settle,3,2,1625.3121367127108,45.10872531682253
3,0.28,4,13000.0,3000.0,settle,2,1,1123.986610936219,135.32605953514576
3,0.281,4,13000.0,3000.0,settle,2,1,1153.7888824150214,142.84421922639012
3,0.282,4,13000.0,3000.0,settle,2,1,1183.8613453593273,150.36229160614312
3,0.283,4,13000.0,3000.0,settle,2,1,1213.7099927926179,161.63951659109443
3,0.284,4,13000.0,3000.0,settle,2,1,1243.7824558589066,169.1575744189322
3,0.285,4,13000.0,3000.0,settle,2,1,1273.8549167737824,184.19386469759047
3,0.286,4,13000.0,3000.0,settle,2,1,1303.927379840071,195.4709878191352
3,0.287,4,13000.0,3000.0,settle,2,1,1333.9998409939926,206.7482128040865
3,0.288,4,13000.0,3000.0,settle,2,1,1364.0723074069226,221.7844157712534
3,0.289,4,13000.0,3000.0,settle,2,1,1394.144769277982,233.06161165237427
3,0.29,4,13000.0,3000.0,measure,2,1,1423.0895887055888,248.09781461954117
3,0.291,4,13000.0,3000.0,measure,2,1,1451.9146557345434,229.3025463586673
3,0.292,4,13000.0,3000.0,measure,2,1,1480.1926759010325,210.507248993963
3,0.293,4,13000.0,3000.0,measure,2,1,1509.6046386530072,206.7482128040865
3,0.294,4,13000.0,3000.0,measure,2,1,1531.6971973835723,202.98913295846432
3,0.295,4,13000.0,3000.0,measure,2,1,1547.2454115144867,184.19383559376
3,0.296,4,13000.0,3000.0,measure,2,2,1563.213603698056,169.15760352276266
3,0.297,4,13000.0,3000.0,measure,2,2,1583.4471415318162,157.88045129738748
3,0.298,4,13000.0,3000.0,measure,3,2,1612.602190550369,67.66302976757288
3,0.299,4,13000.0,3000.0,measure,2,1,1096.153059671172,101.49460285902023
3,0.3,4,13000.0,3000.0,measure,2,1,1125.7132652371645,109.01267523877323
3,0.301,4,13000.0,3000.0,measure,2,1,1155.7857285189475,116.53080582618713
3,0.302,4,13000.0,3000.0,measure,2,1,1185.8581895068326,127.80797260347754
3,0.303,4,13000.0,3000.0,measure,2,1,1215.475231309947,135.32608863897622
3,0.304,4,13000.0,3000.0,measure,2,1,1244.8372933642006,146.60326996818185
3,0.305,4,13000.0,3000.0,measure,2,1,1274.6956496266648,154.1213714517653
3,0.306,4,13000.0,3000.0,measure,2,1,1304.768109403085,165.39855278097093
3,0.307,4,13000.0,3000.0,measure,2,1,1334.8405744181946,180.43481395579875
3,0.308,4,13000.0,3000.0,measure,2,1,1364.2276394026119,195.47101692296565
3,0.309,4,13000.0,3000.0,measure,2,1,1393.1186274408667,210.50727809779346
3,0.31,4,13000.0,3000.0,measure,2,1,1423.1910915828614,221.7844157712534
3,0.311,4,13000.0,3000.0,measure,2,1,1451.9180097213482,233.06159710045904
3,0.312,4,13000.0,3000.0,measure,2,1,1480.344865116172,202.9891184065491
3,0.313,4,13000.0,3000.0,measure,2,1,1508.1843915534444,195.47100237105042
3,0.314,4,13000.0,3000.0,measure,2,1,1537.7005013454725,191.71196618117392
3,0.315,4,13000.0,3000.0,measure,2,1,1555.36286571684,176.67573411017656
3,0.316,4,13000.0,3000.0,measure,2,1,1570.7276544129722,161.6395020391792
3,0.317,4,13000.0,3000.0,measure,2,2,1592.5401131194433,150.36232070997357
3,0.318,4,13000.0,3000.0,measure,2,2,1633.3097987808287,109.01270434260368
3,0.319,4,13000.0,3000.0,measure,2,1,1072.8593047616291,97.73550846148282
3,0.32,4,13000.0,3000.0,measure,2,1,1101.9930991046874,101.49457375518978
3,0.321,4,13000.0,3000.0,measure,2,1,1131.851455429569,109.01267523877323
3,0.322,4,13000.0,3000.0,measure,2,1,1161.706811246785,116.53080582618713
3,0.323,4,13000.0,3000.0,measure,2,1,1190.3595568718522,131.56702334526926
3,0.324,4,13000.0,3000.0,measure,2,1,1220.2019665487073,139.0851684845984
3,0.325,4,13000.0,3000.0,measure,2,1,1249.3439679757905,146.60326996818185
3,0.326,4,13000.0,3000.0,measure,2,1,1279.1898110191578,154.1213714517653
3,0.327,4,13000.0,3000.0,measure,2,1,1308.8353176566736,169.15760352276266
3,0.328,4,13000.0,3000.0,measure,2,1,1338.6681139939417,180.43481395579875
3,0.329,4,13000.0,3000.0,measure,2,1,1368.0521291543,191.71196618117392
3,0.33,4,13000.0,3000.0,measure,2,1,1398.124593583032,206.74822735600173
3,0.331,4,13000.0,3000.0,measure,2,1,1427.493391333726,218.02536502946168
3,0.332,4,13000.0,3000.0,measure,2,1,1456.5103567489814,233.0616262042895
3,0.333,4,13000.0,3000.0,measure,2,1,1485.2028942550533,199.23006766475737
3,0.334,4,13000.0,3000.0,measure,2,1,1512.8972402667227,195.47100237105042
3,0.335,4,13000.0,3000.0,measure,2,1,1541.253780545313,195.47101692296565
3,0.336,4,13000.0,3000.0,measure,2,1,1557.9210930896668,176.67573411017656
3,0.337,4,13000.0,3000.0,measure,2,1,1574.574743177806,165.39855278097093
3,0.338,4,13000.0,3000.0,measure,2,2,1596.3228647973772,146.60326996818185
3,0.339,4,13000.0,3000.0,measure,1,1,1043.879819701375,187.95294454321265
3,0.34,5,16000.0,2400.0,settle,2,1,1073.6663967049133,97.73550846148282
3,0.341,5,16000.0,2400.0,settle,2,1,1104.9736359413587,105.2536244969815
3,0.342,5,16000.0,2400.0,settle,2,1,1137.013895218663,112.77172598056495
3,0.343,5,16000.0,2400.0,settle,2,1,1169.16010301793,116.53080582618713
3,0.344,5,16000.0,2400.0,settle,2,1,1200.894421147724,124.04890730977058
3,0.345,5,16000.0,2400.0,settle,2,1,1232.299045947047,127.80797260347754
3,0.346,5,16000.0,2400.0,settle,2,1,1264.5248457341008,139.08513938076794
3,0.347,5,16000.0,2400.0,settle,2,1,1296.9680642709136,146.60326996818185
3,0.348,5,16000.0,2400.0,settle,2,1,1328.7023837870822,154.1213714517653
3,0.349,5,16000.0,2400.0,settle,2,1,1361.1080567123086,165.39855278097093
3,0.35,5,16000.0,2400.0,settle,2,1,1393.4908115470985,176.6757486620918
3,0.351,5,16000.0,2400.0,settle,2,1,1426.4378923202494,184.19383559376
3,0.352,5,16000.0,2400.0,settle,2,1,1457.3251280883153,199.23009676858783
3,0.353,5,16000.0,2400.0,settle,2,1,1488.9160291007329,199.23006766475737
3,0.354,5,16000.0,2400.0,settle,2,1,1520.1407869886837,184.19389380142093
3,0.355,5,16000.0,2400.0,measure,2,1,1547.0596394312292,172.9166688164696
3,0.356,5,16000.0,2400.0,measure,2,1,1564.5177028011203,154.1213714517653
3,0.357,5,16000.0,2400.0,measure,2,1,1584.0598550009115,139.0851684845984
3,0.358,5,16000.0,2400.0,measure,2,1,1613.8844915571376,109.01267523877323
3,0.359,5,16000.0,2400.0,measure,1,0,998.5920166661405,157.88048040121794
3,0.36,5,16000.0,2400.0,measure,1,1,1031.4553952516371,150.36229160614312
3,0.361,5,16000.0,2400.0,measure,1,1,1063.08734062116,150.3623789176345
3,0.362,5,16000.0,2400.0,measure,1,1,1094.1248331662446,150.36226250231266
3,0.363,5,16000.0,2400.0,measure,1,1,1125.629320149384,150.3623789176345
3,0.364,5,16000.0,2400.0,measure,1,1,1158.4521338236505,150.36226250231266
3,0.365,5,16000.0,2400.0,measure,1,1,1188.956948849685,150.3623789176345
3,0.366,5,16000.0,2400.0,measure,2,1,1220.7914717430808,75.18113125115633
3,0.367,5,16000.0,2400.0,measure,2,1,1252.1209068190929,82.69932004623115
3,0.368,5,16000.0,2400.0,measure,2,1,1283.3791878955785,86.45831258036196
3,0.369,5,16000.0,2400.0,measure,2,1,1316.0703458244172,90.2174215298146
3,0.37,5,16000.0,2400.0,measure,2,1,1346.8373717871098,97.7354939095676
3,0.371,5,16000.0,2400.0,measure,2,1,1378.6719044029994,101.49460285902023
3,0.372,5,16000.0,2400.0,measure,2,1,1410.4584989596217,109.012660686858
3,0.373,5,16000.0,2400.0,measure,2,1,1442.4428986267576,120.28988567180932
3,0.374,5,16000.0,2400.0,measure,2,1,1474.4327087940362,124.04892186168581
3,0.375,5,16000.0,2400.0,measure,2,1,1506.1241312008292,131.5670378971845
3,0.376,5,16000.0,2400.0,measure,2,1,1537.9800664497511,142.84421922639012
3,0.377,5,16000.0,2400.0,measure,2,1,1566.7559335639269,146.6032408643514
3,0.378,5,16000.0,2400.0,measure,2,1,1586.457846106035,146.60326996818185
3,0.379,5,16000.0,2400.0,measure,2,1,1615.56217579111,131.5670378971845
3,0.38,5,16000.0,2400.0,measure,1,0,782.6632186644384,233.06161165237427
3,0.381,5,16000.0,2400.0,measure,1,0,818.4824572383127,187.9529154393822
3,0.382,5,16000.0,2400.0,measure,1,0,855.4378798649421,165.3985818848014
3,0.383,5,16000.0,2400.0,measure,1,0,888.5975420472105,157.88045129738748
3,0.384,5,16000.0,2400.0,measure,1,0,920.5681861136051,165.39855278097093
3,0.385,5,16000.0,2400.0,measure,1,0,952.3603552381045,157.88042219355702
3,0.386,5,16000.0,2400.0,measure,1,0,984.1897124516577,157.88042219355702
3,0.387,5,16000.0,2400.0,measure,1,1,1014.9003668717693,157.88042219355702
3,0.388,5,16000.0,2400.0,measure,1,1,1046.5565925498108,157.88042219355702
3,0.389,5,16000.0,2400.0,measure,1,1,1078.2391450659086,150.36232070997357
3,0.39,5,16000.0,2400.0,measure,1,1,1109.1999192835717,157.88048040121794
3,0.391,5,16000.0,2400.0,measure,1,1,1140.2350749604675,157.88042219355702
3,0.392,5,16000.0,2400.0,measure,1,1,1171.4926781204238,157.88042219355702
3,0.393,5,16000.0,2400.0,measure,1,1,1203.4490544598063,157.88042219355702
3,0.394,5,16000.0,2400.0,measure,1,1,1234.8958994978323,157.88042219355702
3,0.395,5,16000.0,2400.0,measure,2,1,1267.0244134404334,78.94018199294806
3,0.396,5,16000.0,2400.0,measure,2,1,1297.8939442133876,86.45837078802288
3,0.397,5,16000.0,2400.0,measure,2,1,1329.8612001363372,90.21739242598414
3,0.398,5,16000.0,2400.0,measure,2,1,1361.3294768302862,93.97647227160633
3,0.399,5,16000.0,2400.0,measure,2,1,1394.0254992877062,97.7354939095676
3,0.4,5,16000.0,2400.0,measure,2,1,1425.4817135886035,105.25365360081196
3,0.401,5,16000.0,2400.0,measure,2,1,1456.4085119296003,112.77171142864972
3,0.402,5,16000.0,2400.0,measure,2,1,1488.8203267822616,120.28988567180932
3,0.403,5,16000.0,2400.0,measure,2,1,1520.8930245654756,127.80794349964708
3,0.404,5,16000.0,2400.0,measure,2,1,1553.0163021041797,139.0851684845984
3,0.405,6,13000.0,3600.0,settle,2,1,1573.856518836692,135.32608863897622
3,0.406,6,13000.0,3600.0,settle,2,1,1599.6379650527647,127.808001707308
3,0.407,6,13000.0,3600.0,settle,2,1,1643.7349064896505,97.73550846148282
3,0.408,6,13000.0,3600.0,settle,1,0,767.793928789949,218.0253795813769
3,0.409,6,13000.0,3600.0,settle,1,0,786.4590964954431,248.09784372337162
3,0.41,6,13000.0,3600.0,settle,1,0,808.9326362538293,270.65217727795243
3,0.411,6,13000.0,3600.0,settle,1,0,838.3582790153964,263.1340466905385
3,0.412,6,13000.0,3600.0,settle,1,0,879.2079437616984,218.02535047754645
3,0.413,6,13000.0,3600.0,settle,1,0,913.7825536770506,210.50727809779346
3,0.414,6,13000.0,3600.0,settle,1,0,946.8148404985299,202.98908930271864
3,0.415,6,13000.0,3600.0,settle,1,0,979.6346649368929,195.4710460267961
3,0.416,6,13000.0,3600.0,settle,1,1,1011.9272852022634,195.4709878191352
3,0.417,6,13000.0,3600.0,settle,2,1,1044.1283071379398,93.97647227160633
3,0.418,6,13000.0,3600.0,settle,2,1,1076.1019851861308,109.01267523877323
3,0.419,6,13000.0,3600.0,settle,2,1,1108.1664712231568,116.5307912742719
3,0.42,6,13000.0,3600.0,measure,2,1,1140.721358002766,124.04890730977058
3,0.421,6,13000.0,3600.0,measure,2,1,1172.4906828443425,139.08513938076794
3,0.422,6,13000.0,3600.0,measure,2,1,1204.940342568677,150.36232070997357
3,0.423,6,13000.0,3600.0,measure,2,1,1237.4822575193343,165.39855278097093
3,0.424,6,13000.0,3600.0,measure,2,1,1270.2261840650174,176.6757486620918
3,0.425,6,13000.0,3600.0,measure,2,1,1302.519228566465,191.7119516292587
3,0.426,6,13000.0,3600.0,measure,2,1,1335.4493577669307,206.7482128040865
3,0.427,6,13000.0,3600.0,measure,2,1,1367.9616883788528,221.7844157712534
3,0.428,6,13000.0,3600.0,measure,2,1,1399.7894142462064,236.82070604991168
3,0.429,6,13000.0,3600.0,measure,2,1,1431.9474590067043,255.61594520695508
3,0.43,6,13000.0,3600.0,measure,2,1,1462.6675249231093,218.0253795813769
3,0.431,6,13000.0,3600.0,measure,2,1,1494.6286634583034,206.74819825217128
3,0.432,6,13000.0,3600.0,measure,2,1,1525.8421266006062,206.74818370025605
3,0.433,6,13000.0,3600.0,measure,2,1,1549.408445264832,199.23006766475737
3,0.434,6,13000.0,3600.0,measure,2,2,1567.1614999451708,176.6757050063461
3,0.435,6,13000.0,3600.0,measure,3,2,1587.7432404399924,112.77175508439541
3,0.436,6,13000.0,3600.0,measure,3,2,1622.7468307382271,52.62682680040598
3,0.437,6,13000.0,3600.0,measure,2,1,1122.1421564547632,127.80795805156231
3,0.438,6,13000.0,3600.0,measure,2,1,1154.6057334251618,139.08518303651363
3,0.439,6,13000.0,3600.0,measure,2,1,1187.9019995541435,150.36229160614312
3,0.44,6,13000.0,3600.0,measure,2,1,1220.1591742805529,165.3985818848014
3,0.441,6,13000.0,3600.0,measure,2,1,1252.5334363979684,176.6757050063461
3,0.442,6,13000.0,3600.0,measure,2,1,1285.6375024781719,191.71196618117392
3,0.443,6,13000.0,3600.0,measure,2,1,1318.3481828360993,206.74816914834082
3,0.444,6,13000.0,3600.0,measure,2,1,1350.9478908758363,221.7844594269991
3,0.445,6,13000.0,3600.0,measure,2,1,1383.4553992758129,240.57971313595772
3,0.446,6,13000.0,3600.0,measure,2,1,1416.0836946062957,255.61594520695508
3,0.447,6,13000.0,3600.0,measure,2,1,1447.2183171108727,248.09781461954117
3,0.448,6,13000.0,3600.0,measure,2,1,1478.7558637998407,221.78444487508386
3,0.449,6,13000.0,3600.0,measure,2,1,1510.6809532476796,214.26632883958519
3,0.45,6,13000.0,3600.0,measure,2,1,1536.3747532117284,210.507248993963
3,0.451,6,13000.0,3600.0,measure,2,2,1555.3086356865526,187.95290088746697
3,0.452,6,13000.0,3600.0,measure,2,2,1572.9393094564632,176.67571955826133
3,0.453,6,13000.0,3600.0,measure,3,2,1596.3672448776033,97.73555211722851
3,0.454,6,13000.0,3600.0,measure,2,1,1106.6842345283937,124.04892186168581
3,0.455,6,13000.0,3600.0,measure,2,1,1138.9651007881168,135.32605953514576
3,0.456,6,13000.0,3600.0,measure,2,1,1171.7277386427513,150.36232070997357
3,0.457,6,13000.0,3600.0,measure,2,1,1204.3136114551478,157.88045129738748
3,0.458,6,13000.0,3600.0,measure,2,1,1236.8902228303923,172.91665426455438
3,0.459,6,13000.0,3600.0,measure,2,1,1270.384930442221,184.1938792495057
3,0.46,6,13000.0,3600.0,measure,2,1,1302.3445860067927,199.23005311284214
3,0.461,6,13000.0,3600.0,measure,2,1,1335.7705920062197,218.02539413329214
3,0.462,6,13000.0,3600.0,measure,2,1,1368.3367751340952,233.0615825485438
3,0.463,6,13000.0,3600.0,measure,2,1,1400.4677917303827,248.09787282720208
3,0.464,6,13000.0,3600.0,measure,2,1,1433.0028218504538,263.1340466905385
3,0.465,6,13000.0,3600.0,measure,2,1,1463.7706831288747,233.06159710045904
3,0.466,6,13000.0,3600.0,measure,2,1,1496.1447465785704,218.02535047754645
3,0.467,6,13000.0,3600.0,measure,2,1,1526.7661017514106,218.02536502946168
3,0.468,6,13000.0,3600.0,measure,2,1,1545.43263163311,202.9891184065491
3,0.469,6,13000.0,3600.0,measure,2,2,1563.6205284895336,184.19386469759047
3,0.47,7,13000.0,2400.0,settle,3,2,1583.6427316045094,120.28985656797886
3,0.471,7,13000.0,2400.0,settle,3,2,1609.9660308100283,75.18113125115633
3,0.472,7,13000.0,2400.0,settle,2,1,1114.7629112728234,124.04889275785536
3,0.473,7,13000.0,2400.0,settle,2,1,1141.2411840865389,131.5670378971845
3,0.474,7,13000.0,2400.0,settle,2,1,1169.037566201021,135.32608863897622
3,0.475,7,13000.0,2400.0,settle,2,1,1195.68273286939,142.84419012255967
3,0.476,7,13000.0,2400.0,settle,2,1,1222.8418498542078,146.6032990720123
3,0.477,7,13000.0,2400.0,settle,2,1,1250.0825969375144,154.12135689985007
3,0.478,7,13000.0,2400.0,settle,2,1,1277.3865012518086,161.63953114300966
3,0.479,7,13000.0,2400.0,settle,2,1,1304.8987322603098,172.91665426455438
3,0.48,7,13000.0,2400.0,settle,2,1,1331.5398879410773,184.1938792495057
3,0.481,7,13000.0,2400.0,settle,2,1,1359.8508418848119,187.95288633555174
3,0.482,7,13000.0,2400.0,settle,2,1,1386.8741967438996,202.98914751037955
3,0.483,7,13000.0,2400.0,settle,2,1,1413.2125378703538,214.26631428766996
3,0.484,7,13000.0,2400.0,settle,2,1,1440.8672052037612,229.30251725483686
3,0.485,7,13000.0,2400.0,measure,2,1,1465.9386343068325,206.74822735600173
3,0.486,7,13000.0,2400.0,measure,2,1,1492.6636356170077,199.23003856092691
3,0.487,7,13000.0,2400.0,measure,2,1,1518.5654452091107,195.4710460267961
3,0.488,7,13000.0,2400.0,measure,2,1,1538.0479022510406,187.95285723172128
3,0.489,7,13000.0,2400.0,measure,2,1,1551.5582424334505,172.91668336838484
3,0.49,7,13000.0,2400.0,measure,2,1,1566.9189447180543,154.12134234793484
3,0.491,7,13000.0,2400.0,measure,2,1,1587.4976946019942,142.84421922639012
3,0.492,7,13000.0,2400.0,measure,2,2,1616.9079625215686,116.53077672235668
3,0.493,7,13000.0,2400.0,measure,1,1,1051.0636898766154,172.91668336838484
3,0.494,7,13000.0,2400.0,measure,1,1,1078.2379187499057,165.3985818848014
3,0.495,7,13000.0,2400.0,measure,1,1,1104.0435625415153,172.91668336838484
3,0.496,7,13000.0,2400.0,measure,1,1,1131.1046295485444,165.3985818848014
3,0.497,7,13000.0,2400.0,measure,2,1,1156.9611313019607,90.21734877023846
3,0.498,7,13000.0,2400.0,measure,2,1,1183.7314364104147,90.2174215298146
3,0.499,7,13000.0,2400.0,measure,2,1,1210.643367344284,101.49454465135932
3,0.5,7,13000.0,2400.0,measure,2,1,1236.3582423075168,101.494588307105
3,0.501,7,13000.0,2400.0,measure,2,1,1264.4030415287166,112.77175508439541
3,0.502,7,13000.0,2400.0,measure,2,1,1289.9403896398883,116.53080582618713
3,0.503,7,13000.0,2400.0,measure,2,1,1317.674485367856,124.04893641360104
3,0.504,7,13000.0,2400.0,measure,2,1,1343.0791073555515,131.56700879335403
3,0.505,7,13000.0,2400.0,measure,2,1,1371.2031951096528,135.32611774280667
3,0.506,7,13000.0,2400.0,measure,2,1,1397.09602111385,146.6032408643514
3,0.507,7,13000.0,2400.0,measure,2,1,1424.0712384045785,150.36234981380403
3,0.508,7,13000.0,2400.0,measure,2,1,1450.9553035517058,165.39856733288616
3,0.509,7,13000.0,2400.0,measure,2,1,1477.1562178652744,172.91668336838484
3,0.51,7,13000.0,2400.0,measure,2,1,1505.6273870548787,187.9529154393822
3,0.511,7,13000.0,2400.0,measure,2,1,1531.2324033680657,199.23009676858783
3,0.512,7,13000.0,2400.0,measure,2,1,1554.4649149666018,206.7482128040865
3,0.513,7,13000.0,2400.0,measure,2,1,1568.1344437764428,172.91663971263915
3,0.514,7,13000.0,2400.0,measure,2,1,1586.860566699909,150.36232070997357
3,0.515,7,13000.0,2400.0,measure,2,1,1616.295901624391,120.28985656797886
3,0.516,7,13000.0,2400.0,measure,1,0,918.0607304913567,172.91668336838484
3,0.517,7,13000.0,2400.0,measure,1,0,945.4898885451257,172.91668336838484
3,0.518,7,13000.0,2400.0,measure,1,0,971.713915842629,172.91662516072392
3,0.519,7,13000.0,2400.0,measure,1,0,997.7407943450897,172.91668336838484
3,0.52,7,13000.0,2400.0,measure,1,1,1024.9730815606501,165.39852367714047
3,0.521,7,13000.0,2400.0,measure,1,1,1049.9433597451216,172.91668336838484
3,0.522,7,13000.0,2400.0,measure,1,1,1077.996686540751,165.3985818848014
3,0.523,7,13000.0,2400.0,measure,1,1,1103.0308922368795,172.91668336838484
3,0.524,7,13000.0,2400.0,measure,1,1,1130.6234978191142,165.3985818848014
3,0.525,7,13000.0,2400.0,measure,2,1,1156.3033919765837,90.21734877023846
3,0.526,7,13000.0,2400.0,measure,2,1,1183.2503045702147,90.2174215298146
3,0.527,7,13000.0,2400.0,measure,2,1,1209.1431295898715,97.7354939095676
3,0.528,7,13000.0,2400.0,measure,2,1,1235.8771103511874,101.494588307105
3,0.529,7,13000.0,2400.0,measure,2,1,1262.3550209045077,109.01270434260368
3,0.53,7,13000.0,2400.0,measure,2,1,1289.2033170181176,112.77172598056495
3,0.531,7,13000.0,2400.0,measure,2,1,1316.76934329798,124.04893641360104
3,0.532,7,13000.0,2400.0,measure,2,1,1342.0496119781294,124.04887820594013
3,0.533,7,13000.0,2400.0,measure,2,1,1371.2031951096528,131.56705244909972
3,0.534,7,13000.0,2400.0,measure,2,1,1396.1078215117736,142.84419012255967
3,0.535,8,16000.0,3600.0,settle,2,1,1423.8300060646402,150.36234981380403
3,0.536,8,16000.0,3600.0,settle,2,1,1460.991182764783,165.39852367714047
3,0.537,8,16000.0,3600.0,settle,2,1,1496.8026343566578,184.19386469759047
3,0.538,8,16000.0,3600.0,settle,2,1,1533.4691980966877,202.98914751037955
3,0.539,8,16000.0,3600.0,settle,2,1,1563.2885318917383,210.507248993963
3,0.54,8,16000.0,3600.0,settle,2,1,1585.7219765546606,180.4347848519683
3,0.541,8,16000.0,3600.0,settle,2,1,1615.8462709946825,135.32605953514576
3,0.542,8,16000.0,3600.0,settle,1,0,934.313920338471,195.47101692296565
3,0.543,8,16000.0,3600.0,settle,1,0,971.9222815327097,195.4710460267961
3,0.544,8,16000.0,3600.0,settle,1,1,1008.8589320777176,187.95288633555174
3,0.545,8,16000.0,3600.0,settle,1,1,1046.6808383800806,187.95294454321265
3,0.546,8,16000.0,3600.0,settle,2,1,1083.839251852332,101.49457375518978
3,0.547,8,16000.0,3600.0,settle,2,1,1121.2290722546395,112.77174053248018
3,0.548,8,16000.0,3600.0,settle,2,1,1158.6043807582405,120.28985656797886
3,0.549,8,16000.0,3600.0,settle,2,1,1195.9250771607726,131.5670378971845
3,0.55,8,16000.0,3600.0,measure,2,1,1233.515652636878,146.60326996818185
3,0.551,8,16000.0,3600.0,measure,2,1,1271.3761125595715,161.6395020391792
3,0.552,8,16000.0,3600.0,measure,2,1,1309.1819585901912,176.67573411017656
3,0.553,8,16000.0,3600.0,measure,2,1,1347.7058541725785,187.9529154393822
3,0.554,8,16000.0,3600.0,measure,2,1,1385.5483293528523,202.98914751037955
3,0.555,8,16000.0,3600.0,measure,2,1,1423.325900025522,221.78443032316864
3,0.556,8,16000.0,3600.0,measure,2,1,1458.7892476134957,221.78443032316864
3,0.557,8,16000.0,3600.0,measure,2,1,1495.802486492203,195.47100237105042
3,0.558,8,16000.0,3600.0,measure,2,1,1531.7814600444874,191.71196618117392
3,0.559,8,16000.0,3600.0,measure,2,1,1557.1145059861103,176.67571955826133
3,0.56,8,16000.0,3600.0,measure,2,2,1579.8081329028885,157.88042219355702
3,0.561,8,16000.0,3600.0,measure,2,2,1609.0262681245804,131.5670378971845
3,0.562,8,16000.0,3600.0,measure,2,1,1083.963986050773,101.49457375518978
3,0.563,8,16000.0,3600.0,measure,2,1,1121.3946513894348,109.01267523877323
3,0.564,8,16000.0,3600.0,measure,2,1,1159.0204100264116,120.28985656797886
3,0.565,8,16000.0,3600.0,measure,2,1,1196.6459857559157,131.5670378971845
3,0.566,8,16000.0,3600.0,measure,2,1,1234.4735357501288,142.84421922639012
3,0.567,8,16000.0,3600.0,measure,2,1,1272.0641152131868,157.88042219355702
3,0.568,8,16000.0,3600.0,measure,2,1,1309.8734164962768,172.91668336838484
3,0.569,8,16000.0,3600.0,measure,2,1,1347.463997804748,187.9529154393822
3,0.57,8,16000.0,3600.0,measure,2,1,1385.0545779068427,206.74819825217128
3,0.571,8,16000.0,3600.0,measure,2,1,1422.6451568025614,221.78443032316864
3,0.572,8,16000.0,3600.0,measure,2,1,1459.5442804972374,225.5434956168756
3,0.573,8,16000.0,3600.0,measure,2,1,1495.1075304848835,199.23005311284214
3,0.574,8,16000.0,3600.0,measure,2,1,1531.7684435704602,191.71196618117392
3,0.575,8,16000.0,3600.0,measure,2,1,1558.134313753574,180.43479940388352
3,0.576,8,16000.0,3600.0,measure,2,2,1579.4017985271776,157.88042219355702
3,0.577,8,16000.0,3600.0,measure,2,2,1609.2834663332294,131.5670378971845
3,0.578,8,16000.0,3600.0,measure,2,1,1083.73165772392,101.49457375518978
3,0.579,8,16000.0,3600.0,measure,2,1,1120.9584973096503,109.01267523877323
3,0.58,8,16000.0,3600.0,measure,2,1,1158.5851034256987,120.28985656797886
3,0.581,8,16000.0,3600.0,measure,2,1,1195.9615609515697,131.5670378971845
3,0.582,8,16000.0,3600.0,measure,2,1,1233.7855335014563,146.60326996818185
3,0.583,8,16000.0,3600.0,measure,2,1,1271.3761125595715,157.88043674547225
3,0.584,8,16000.0,3600.0,measure,2,1,1309.1819585901912,176.67573411017656
3,0.585,8,16000.0,3600.0,measure,2,1,1347.463997804748,187.9529154393822
3,0.586,8,16000.0,3600.0,measure,2,1,1385.4901997022062,206.74819825217128
3,0.587,8,16000.0,3600.0,measure,2,1,1423.0807786795417,221.78443032316864
3,0.588,8,16000.0,3600.0,measure,2,1,1458.8634058243917,225.5434956168756
3,0.589,8,16000.0,3600.0,measure,2,1,1495.592396583427,195.47100237105042
3,0.59,8,16000.0,3600.0,measure,2,1,1531.824014569057,191.71196618117392
3,0.591,8,16000.0,3600.0,measure,2,1,1557.3947779752266,176.67571955826133
3,0.592,8,16000.0,3600.0,measure,2,2,1579.8309146162323,157.88042219355702
3,0.593,8,16000.0,3600.0,measure,2,2,1608.012031592464,131.5670378971845
3,0.594,8,16000.0,3600.0,measure,2,1,1082.8256283182268,101.49457375518978
3,0.595,8,16000.0,3600.0,measure,2,1,1120.0495471118245,109.01267523877323
3,0.596,8,16000.0,3600.0,measure,2,1,1157.8326018543823,120.28985656797886
3,0.597,8,16000.0,3600.0,measure,2,1,1195.4608501638381,131.5670378971845
3,0.598,8,16000.0,3600.0,measure,2,1,1233.2829456214251,146.60326996818185
3,0.599,8,16000.0,3600.0,measure,2,1,1270.8735241985803,157.88043674547225
3,0.6,8,16000.0,3600.0,measure,2,1,1308.464099798361,176.67573411017656
4,0.0,0,10000.0,2400.0,settle,0,0,,
4,0.001,0,10000.0,2400.0,settle,0,0,,
4,0.002,0,10000.0,2400.0,settle,0,0,,
4,0.003,0,10000.0,2400.0,settle,0,0,,
4,0.004,0,10000.0,2400.0,settle,0,0,,
4,0.005,0,10000.0,2400.0,settle,0,0,,
4,0.006,0,10000.0,2400.0,settle,0,0,,
4,0.007,0,10000.0,2400.0,settle,0,0,,
4,0.008,0,10000.0,2400.0,settle,0,0,,
4,0.009,0,10000.0,2400.0,settle,0,0,,
4,0.01,0,10000.0,2400.0,settle,0,0,,
4,0.011,0,10000.0,2400.0,settle,0,0,,
4,0.012,0,10000.0,2400.0,settle,1,0,656.1050628079101,7.518130587413907
4,0.013,0,10000.0,2400.0,settle,1,0,660.0602532473757,15.036261174827814
4,0.014,0,10000.0,2400.0,settle,1,0,663.7418953591565,22.554362658411264
4,0.015,0,10000.0,2400.0,settle,1,0,668.8858677456476,37.59059472940862
4,0.016,0,10000.0,2400.0,settle,1,0,673.8654008987903,45.10872531682253
4,0.017,0,10000.0,2400.0,settle,1,0,680.4637677851133,60.14492828398943
4,0.018,0,10000.0,2400.0,settle,1,0,687.1187807827104,75.18118945881724
4,0.019,0,10000.0,2400.0,settle,1,0,693.0440823392322,90.21739242598414
4,0.02,0,10000.0,2400.0,settle,1,0,701.3235838947755,105.25365360081196
4,0.021,0,10000.0,2400.0,settle,1,0,709.3878773636842,120.28985656797886
4,0.022,0,10000.0,2400.0,settle,1,0,717.8178815764145,135.32611774280667
4,0.023,0,10000.0,2400.0,settle,1,0,727.8829942304527,150.36232070997357
4,0.024,0,10000.0,2400.0,settle,1,0,738.652960600732,172.91668336838484
4,0.025,0,10000.0,2400.0,settle,1,0,750.3049718626938,187.9529154393822
4,0.026,0,10000.0,2400.0,settle,1,0,763.3962777617853,210.507248993963
4,0.027,0,10000.0,2400.0,settle,1,0,776.2533416619539,233.06161165237427
4,0.028,0,10000.0,2400.0,settle,1,0,790.6907122383968,248.09784372337162
4,0.029,0,10000.0,2400.0,settle,1,0,805.8384742421018,270.65217727795243
4,0.03,0,10000.0,2400.0,measure,1,0,831.6443403939131,233.06161165237427
4,0.031,0,10000.0,2400.0,measure,1,0,857.2234190069139,218.0253795813769
4,0.032,0,10000.0,2400.0,measure,1,0,881.5031566350712,202.9891184065491
4,0.033,0,10000.0,2400.0,measure,1,0,903.3702864424787,202.98914751037955
4,0.034,0,10000.0,2400.0,measure,1,0,925.0076738317993,202.98914751037955
4,0.035,0,10000.0,2400.0,measure,1,0,946.7945114888786,202.98908930271864
4,0.036,0,10000.0,2400.0,measure,1,0,968.08585680485,202.98917661421
4,0.037,0,10000.0,2400.0,measure,1,0,989.3959493019199,195.4710460267961
4,0.038,0,10000.0,2400.0,measure,1,1,1011.2587655062143,195.4709878191352
4,0.039,0,10000.0,2400.0,measure,1,1,1033.5144960722955,195.4710460267961
4,0.04,0,10000.0,2400.0,measure,1,1,1055.268305747261,195.47101692296565
4,0.041,0,10000.0,2400.0,measure,1,1,1076.5230620909535,195.4709878191352
4,0.042,0,10000.0,2400.0,measure,1,1,1098.6596841215735,195.4710460267961
4,0.043,0,10000.0,2400.0,measure,2,1,1119.2157386640738,105.25360994506627
4,0.044,0,10000.0,2400.0,measure,2,1,1140.4671802226917,105.2536244969815
4,0.045,0,10000.0,2400.0,measure,2,1,1162.3637103628664,109.01270434260368
4,0.046,0,10000.0,2400.0,measure,2,1,1184.2474256677142,116.5307912742719
4,0.047,0,10000.0,2400.0,measure,2,1,1206.2646753625784,120.28985656797886
4,0.048,0,10000.0,2400.0,measure,2,1,1228.6183440537993,127.80795805156231
4,0.049,0,10000.0,2400.0,measure,2,1,1250.2635217293405,135.32608863897622
4,0.05,0,10000.0,2400.0,measure,2,1,1271.9940687660917,139.0851684845984
4,0.051,0,10000.0,2400.0,measure,2,1,1294.5484150279785,146.60325541626662
4,0.052,0,10000.0,2400.0,measure,2,1,1316.1920826502533,154.1213714517653
4,0.053,0,10000.0,2400.0,measure,2,1,1337.537166106796,165.39859643671662
4,0.054,0,10000.0,2400.0,measure,2,1,1359.134019332727,169.15760352276266
4,0.055,0,10000.0,2400.0,measure,2,1,1380.8584695890825,180.4347848519683
4,0.056,0,10000.0,2400.0,measure,2,1,1402.717814308521,187.95294454321265
4,0.057,0,10000.0,2400.0,measure,2,1,1425.2721621404526,199.23006766475737
4,0.058,0,10000.0,2400.0,measure,2,1,1447.3814755009198,206.74818370025605
4,0.059,0,10000.0,2400.0,measure,2,1,1469.398729854843,218.0253795813769
4,0.06,0,10000.0,2400.0,measure,2,1,1491.7523973773039,229.30253180675209
4,0.061,0,10000.0,2400.0,measure,2,1,1512.5737778029181,225.5434956168756
4,0.062,0,10000.0,2400.0,measure,2,1,1533.6469346415206,210.507248993963
4,0.063,0,10000.0,2400.0,measure,2,1,1546.9936359137216,195.47101692296565
4,0.064,0,10000.0,2400.0,measure,2,1,1558.6572847548564,180.4347848519683
4,0.065,0,10000.0,2400.0,measure,2,1,1570.481463568285,169.15760352276266
4,0.066,0,10000.0,2400.0,measure,2,1,1582.4152675728935,157.88042219355702
4,0.067,0,10000.0,2400.0,measure,2,1,1604.1684111069815,139.0851248288527
4,0.068,0,10000.0,2400.0,measure,1,0,990.2543732759489,195.4710460267961
4,0.069,0,10000.0,2400.0,measure,1,1,1012.0772272990886,195.4709878191352
4,0.07,0,10000.0,2400.0,measure,1,1,1034.294677907074,195.4710460267961
4,0.071,0,10000.0,2400.0,measure,1,1,1056.0688458787818,195.47101692296565
4,0.072,0,10000.0,2400.0,measure,2,1,1077.1035739929628,97.7354939095676
4,0.073,0,10000.0,2400.0,measure,2,1,1099.2935923037721,101.494588307105
4,0.074,0,10000.0,2400.0,measure,2,1,1120.562137977271,105.2536244969815
4,0.075,0,10000.0,2400.0,measure,2,1,1142.455235961379,109.01267523877323
4,0.076,0,10000.0,2400.0,measure,2,1,1164.2223135346458,116.53082037810236
4,0.077,0,10000.0,2400.0,measure,2,1,1185.5236395993936,124.04890730977058
4,0.078,0,10000.0,2400.0,measure,2,1,1207.6604258659697,127.80795805156231
4,0.079,0,10000.0,2400.0,measure,2,1,1229.8011520815978,135.32608863897622
4,0.08,1,10000.0,3000.0,settle,2,1,1252.355497717014,142.84419012255967
4,0.081,1,10000.0,3000.0,settle,2,1,1276.0226051686398,150.36234981380403
4,0.082,1,10000.0,3000.0,settle,2,1,1300.6234340454366,157.88042219355702
4,0.083,1,10000.0,3000.0,settle,2,1,1325.303657837561,169.15760352276266
4,0.084,1,10000.0,3000.0,settle,2,1,1350.0910028837236,180.43481395579875
4,0.085,1,10000.0,3000.0,settle,2,1,1374.4073443203454,191.7119516292587
4,0.086,1,10000.0,3000.0,settle,2,1,1399.2298530719256,202.98917661421
4,0.087,1,10000.0,3000.0,settle,2,1,1423.9921118404134,214.26629973575473
4,0.088,1,10000.0,3000.0,settle,2,1,1448.2991796690849,225.54348106496036
4,0.089,1,10000.0,3000.0,settle,2,1,1473.5401037670495,236.82064784225076
4,0.09,1,10000.0,3000.0,settle,2,1,1497.3325942607844,248.09781461954117
4,0.091,1,10000.0,3000.0,settle,2,1,1520.0918948631997,221.7844594269991
4,0.092,1,10000.0,3000.0,settle,2,1,1541.0253822308364,214.26629973575473
4,0.093,1,10000.0,3000.0,settle,2,1,1553.8655707244704,195.4710460267961
4,0.094,1,10000.0,3000.0,settle,2,1,1565.5523242768218,184.19380648992956
4,0.095,1,10000.0,3000.0,measure,2,1,1581.1787565817704,169.1576326265931
4,0.096,1,10000.0,3000.0,measure,2,1,1607.6589613426272,146.6032408643514
4,0.097,1,10000.0,3000.0,measure,1,1,1023.9273188523205,218.02540868520737
4,0.098,1,10000.0,3000.0,measure,2,1,1048.494862355964,112.77174053248018
4,0.099,1,10000.0,3000.0,measure,2,1,1072.9806484213393,120.28985656797886
4,0.1,1,10000.0,3000.0,measure,2,1,1098.0489351142362,127.808001707308
4,0.101,1,10000.0,3000.0,measure,2,1,1122.8876952002993,135.32605953514576
4,0.102,1,10000.0,3000.0,measure,2,1,1146.873092536229,142.84423377830535
4,0.103,1,10000.0,3000.0,measure,2,1,1172.1110440970278,150.36232070997357
4,0.104,1,10000.0,3000.0,measure,2,1,1196.708364160692,161.63947293534875
4,0.105,1,10000.0,3000.0,measure,2,1,1221.0674928204019,165.3985818848014
4,0.106,1,10000.0,3000.0,measure,2,1,1245.8298924646267,180.43475574813783
4,0.107,1,10000.0,3000.0,measure,2,1,1271.1406535735086,191.71199528500438
4,0.108,1,10000.0,3000.0,measure,2,1,1296.248648345391,199.23005311284214
4,0.109,1,10000.0,3000.0,measure,2,1,1320.4347174890322,214.26629973575473
4,0.11,1,10000.0,3000.0,measure,2,1,1345.9427474201618,225.54351016879082
4,0.111,1,10000.0,3000.0,measure,2,1,1371.3247568678182,233.0615825485438
4,0.112,1,10000.0,3000.0,measure,2,1,1394.9709093661877,248.09785827528685
4,0.113,1,10000.0,3000.0,measure,2,1,1419.3968588038338,263.13406124245375
4,0.114,1,10000.0,3000.0,measure,2,1,1443.53373470949,236.82063329033554
4,0.115,1,10000.0,3000.0,measure,2,1,1466.9117615597338,225.54351016879082
4,0.116,1,10000.0,3000.0,measure,2,1,1490.3674585847343,221.78440121933818
4,0.117,1,10000.0,3000.0,measure,2,1,1514.2740087306247,218.0253795813769
4,0.118,1,10000.0,3000.0,measure,2,1,1532.2190763721323,218.0253795813769
4,0.119,1,10000.0,3000.0,measure,2,1,1546.443676075529,199.23006766475737
4,0.12,1,10000.0,3000.0,measure,2,2,1558.3150308062513,191.71199528500438
4,0.121,1,10000.0,3000.0,measure,3,2,1572.4456074008126,135.32605953514576
4,0.122,1,10000.0,3000.0,measure,3,2,1594.3400184463324,105.25365360081196
4,0.123,1,10000.0,3000.0,measure,3,2,1636.5748098386184,37.59059472940862
4,0.124,1,10000.0,3000.0,measure,2,1,1125.1571993246519,135.32605953514576
4,0.125,1,10000.0,3000.0,measure,2,1,1149.4226748168114,142.84423377830535
4,0.126,1,10000.0,3000.0,measure,2,1,1173.7586856421935,150.36232070997357
4,0.127,1,10000.0,3000.0,measure,2,1,1198.8263565019959,165.39855278097093
4,0.128,1,10000.0,3000.0,measure,2,1,1224.2188681992368,169.1576326265931
4,0.129,1,10000.0,3000.0,measure,2,1,1247.8902069522599,180.43475574813783
4,0.13,1,10000.0,3000.0,measure,2,1,1272.851665782894,195.4710460267961
4,0.131,1,10000.0,3000.0,measure,2,1,1298.7542443877835,202.98910385463387
4,0.132,1,10000.0,3000.0,measure,2,1,1322.899557673276,214.26629973575473
4,0.133,1,10000.0,3000.0,measure,2,1,1348.032824067734,229.30256091058254
4,0.134,1,10000.0,3000.0,measure,2,1,1373.1194230938277,236.82063329033554
4,0.135,1,10000.0,3000.0,measure,2,1,1397.6771115567844,248.09785827528685
4,0.136,1,10000.0,3000.0,measure,2,1,1420.9793904835049,263.13406124245375
4,0.137,1,10000.0,3000.0,measure,2,1,1444.4421736698132,236.82063329033554
4,0.138,1,10000.0,3000.0,measure,2,1,1467.82783470547,229.30256091058254
4,0.139,1,10000.0,3000.0,measure,2,1,1492.7064182574738,221.78440121933818
4,0.14,1,10000.0,3000.0,measure,2,1,1516.3028341097136,221.78443032316864
4,0.141,1,10000.0,3000.0,measure,2,1,1533.1537562904398,218.0253795813769
4,0.142,1,10000.0,3000.0,measure,2,1,1545.6966963907955,199.23006766475737
4,0.143,1,10000.0,3000.0,measure,2,2,1557.500793990728,191.71199528500438
4,0.144,1,10000.0,3000.0,measure,3,2,1572.2164126719892,135.32605953514576
4,0.145,2,10000.0,3600.0,settle,3,2,1592.142051541722,105.25365360081196
4,0.146,2,10000.0,3600.0,settle,3,2,1636.3734321203083,37.59059472940862
4,0.147,2,10000.0,3600.0,settle,2,1,1129.2498435354628,142.8441610187292
4,0.148,2,10000.0,3600.0,settle,2,1,1156.4450124894415,146.6032990720123
4,0.149,2,10000.0,3600.0,settle,2,1,1184.8224401512723,161.63945838343352
4,0.15,2,10000.0,3600.0,settle,2,1,1211.3264958059904,172.91668336838484
4,0.151,2,10000.0,3600.0,settle,2,1,1239.1442846706952,180.43475574813783
4,0.152,2,10000.0,3600.0,settle,2,1,1266.9135349275766,199.23009676858783
4,0.153,2,10000.0,3600.0,settle,2,1,1294.2464949507112,210.507248993963
4,0.154,2,10000.0,3600.0,settle,2,1,1321.843551319816,221.78443032316864
4,0.155,2,10000.0,3600.0,settle,2,1,1349.8548796633258,236.82067694608122
4,0.156,2,10000.0,3600.0,settle,2,1,1376.839176259873,251.85687991324812
4,0.157,2,10000.0,3600.0,settle,2,1,1404.5428302358405,263.1340903462842
4,0.158,2,10000.0,3600.0,settle,2,1,1431.2228217022493,278.1702496577054
4,0.159,2,10000.0,3600.0,settle,2,1,1458.0705726022777,289.44751829840243
4,0.16,2,10000.0,3600.0,measure,2,1,1486.8631207333933,304.4836630579084
4,0.161,2,10000.0,3600.0,measure,2,1,1512.8801670505113,319.5199533365667
4,0.162,2,10000.0,3600.0,measure,2,1,1533.5901827690589,327.03805482015014
4,0.163,2,10000.0,3600.0,measure,2,1,1547.136586302949,327.03805482015014
4,0.164,2,10000.0,3600.0,measure,1,1,1563.3260934717125,150.36232070997357
4,0.165,2,10000.0,3600.0,measure,1,1,1582.830566959926,120.28985656797886
4,0.166,2,10000.0,3600.0,measure,1,1,1607.898549668284,75.18113125115633
4,0.167,2,10000.0,3600.0,measure,0,0,,
4,0.168,2,10000.0,3600.0,measure,2,1,1131.5006077186101,236.820662394166
4,0.169,2,10000.0,3600.0,measure,2,1,1162.3692924423508,221.78438666742295
4,0.17,2,10000.0,3600.0,measure,2,1,1189.9509739744226,221.78444487508386
4,0.171,2,10000.0,3600.0,measure,2,1,1218.2222906165478,229.30250270292163
4,0.172,2,10000.0,3600.0,measure,2,1,1246.4399857722387,233.0616262042895
4,0.173,2,10000.0,3600.0,measure,2,1,1272.9168813660835,244.338734773919
4,0.174,2,10000.0,3600.0,measure,2,1,1300.5624947000867,255.61597431078553
4,0.175,2,10000.0,3600.0,measure,2,1,1329.1392589186669,263.1340321386233
4,0.176,2,10000.0,3600.0,measure,2,1,1354.9977433007614,281.9293731590733
4,0.177,2,10000.0,3600.0,measure,2,1,1382.3562601312594,289.447489194572
4,0.178,2,10000.0,3600.0,measure,2,1,1410.5778350125229,308.2427429035306
4,0.179,2,10000.0,3600.0,measure,2,1,1436.6062236979415,319.5199533365667
4,0.18,2,10000.0,3600.0,measure,2,1,1464.4653444062728,330.7970764581114
4,0.181,2,10000.0,3600.0,measure,2,1,1491.4839722339107,349.59238837473094
4,0.182,2,10000.0,3600.0,measure,2,1,1507.8993438915334,349.59238837473094
4,0.183,2,10000.0,3600.0,measure,2,1,1522.6598916967027,349.5924174785614
4,0.184,2,10000.0,3600.0,measure,1,1,1538.1462800203988,195.4709878191352
4,0.185,2,10000.0,3600.0,measure,1,1,1552.9126040549907,172.91668336838484
4,0.186,2,10000.0,3600.0,measure,1,1,1569.3343126169239,142.8441610187292
4,0.187,2,10000.0,3600.0,measure,1,1,1592.139989286783,105.25365360081196
4,0.188,2,10000.0,3600.0,measure,1,1,1633.710765634619,30.072464141994715
4,0.189,2,10000.0,3600.0,measure,0,0,,
4,0.19,2,10000.0,3600.0,measure,0,0,,
4,0.191,2,10000.0,3600.0,measure,0,0,,
4,0.192,2,10000.0,3600.0,measure,0,0,,
4,0.193,2,10000.0,3600.0,measure,2,1,1270.2634281387022,334.55612719990313
4,0.194,2,10000.0,3600.0,measure,2,1,1304.2917661811632,293.2065399363637
4,0.195,2,10000.0,3600.0,measure,2,1,1332.557759249208,285.68838024511933
4,0.196,2,10000.0,3600.0,measure,2,1,1360.6247036717832,285.68843845278025
4,0.197,2,10000.0,3600.0,measure,2,1,1388.8955898077104,293.20652538444847
4,0.198,2,10000.0,3600.0,measure,2,1,1414.8633997887373,304.48372126556933
4,0.199,2,10000.0,3600.0,measure,2,1,1442.3390661854262,312.0018227491528
4,0.2,2,10000.0,3600.0,measure,2,1,1470.2150008004755,323.2790040783584
4,0.201,2,10000.0,3600.0,measure,2,1,1496.0745320896579,338.31523614935577
4,0.202,2,10000.0,3600.0,measure,2,1,1510.378850692111,338.31523614935577
4,0.203,2,10000.0,3600.0,measure,2,1,1525.0588247839075,338.31523614935577
4,0.204,2,10000.0,3600.0,measure,2,1,1539.9132990130477,338.31523614935577
4,0.205,2,10000.0,3600.0,measure,1,1,1555.3805525613777,165.3985818848014
4,0.206,2,10000.0,3600.0,measure,1,1,1572.475748266106,135.32605953514576
4,0.207,2,10000.0,3600.0,measure,1,1,1596.852705384103,97.73555211722851
4,0.208,2,10000.0,3600.0,measure,0,0,,
4,0.209,2,10000.0,3600.0,measure,0,0,,
4,0.21,3,16000.0,3600.0,settle,0,0,,
4,0.211,3,16000.0,3600.0,settle,0,0,,
4,0.212,3,16000.0,3600.0,settle,0,0,,
4,0.213,3,16000.0,3600.0,settle,0,0,,
4,0.214,3,16000.0,3600.0,settle,0,0,,
4,0.215,3,16000.0,3600.0,settle,2,1,1361.5404885711496,338.31523614935577
4,0.216,3,16000.0,3600.0,settle,2,1,1402.1281887743257,319.5198951289058
4,0.217,3,16000.0,3600.0,settle,2,1,1440.0331516445601,319.51992423273623
4,0.218,3,16000.0,3600.0,settle,2,1,1478.8910285362108,327.0380839239806
4,0.219,3,16000.0,3600.0,settle,2,1,1506.0683532543148,319.51992423273623
4,0.22,3,16000.0,3600.0,settle,2,1,1527.3105700841186,315.7608734909445
4,0.221,3,16000.0,3600.0,settle,2,1,1548.2324272766189,308.24277200736105
4,0.222,3,16000.0,3600.0,settle,2,1,1570.3050680836109,304.4836630579084
4,0.223,3,16000.0,3600.0,settle,1,1,1599.938194746809,97.73555211722851
4,0.224,3,16000.0,3600.0,settle,0,0,,
4,0.225,3,16000.0,3600.0,measure,0,0,,
4,0.226,3,16000.0,3600.0,measure,0,0,,
4,0.227,3,16000.0,3600.0,measure,0,0,,
4,0.228,3,16000.0,3600.0,measure,0,0,,
4,0.229,3,16000.0,3600.0,measure,0,0,,
4,0.23,3,16000.0,3600.0,measure,0,0,,
4,0.231,3,16000.0,3600.0,measure,2,1,1328.6005394656656,353.35143911652267
4,0.232,3,16000.0,3600.0,measure,2,1,1379.5708163327665,296.9655906781554
4,0.233,3,16000.0,3600.0,measure,2,1,1420.8417312839806,281.92935860715806
4,0.234,3,16000.0,3600.0,measure,2,1,1460.2690544150385,278.17030786536634
4,0.235,3,16000.0,3600.0,measure,2,1,1497.7302140755987,285.68838024511933
4,0.236,3,16000.0,3600.0,measure,2,1,1531.1283338550395,221.7844594269991
4,0.237,3,16000.0,3600.0,measure,2,1,1552.36255225685,184.19383559376
4,0.238,3,16000.0,3600.0,measure,2,1,1573.6865924660071,157.88042219355702
4,0.239,3,16000.0,3600.0,measure,2,2,1602.1039796245543,131.5670378971845
4,0.24,3,16000.0,3600.0,measure,2,1,1076.1559824459255,86.45834168419242
4,0.241,3,16000.0,3600.0,measure,2,1,1113.6097327530301,97.73552301339805
4,0.242,3,16000.0,3600.0,measure,2,1,1150.7422014811923,105.25360994506627
4,0.243,3,16000.0,3600.0,measure,2,1,1188.538886617099,120.28985656797886
4,0.244,3,16000.0,3600.0,measure,2,1,1227.2147098735754,131.5670378971845
4,0.245,3,16000.0,3600.0,measure,2,1,1265.2328211447827,146.60326996818185
4,0.246,3,16000.0,3600.0,measure,2,1,1303.1207506747571,161.6395020391792
4,0.247,3,16000.0,3600.0,measure,2,1,1341.746828661989,176.67573411017656
4,0.248,3,16000.0,3600.0,measure,2,1,1379.828145986216,187.9529154393822
4,0.249,3,16000.0,3600.0,measure,2,1,1417.4187235767022,206.74819825217128
4,0.25,3,16000.0,3600.0,measure,2,1,1454.7893058036523,221.78440121933818
4,0.251,3,16000.0,3600.0,measure,2,1,1489.3312487242088,202.98913295846432
4,0.252,3,16000.0,3600.0,measure,2,1,1525.868239014643,187.95285723172128
4,0.253,3,16000.0,3600.0,measure,2,1,1557.0072278038037,180.43479940388352
4,0.254,3,16000.0,3600.0,measure,2,1,1578.6110148108708,157.88045129738748
4,0.255,3,16000.0,3600.0,measure,2,2,1606.5316216554493,135.32605953514576
4,0.256,3,16000.0,3600.0,measure,2,1,1054.8028413331804,90.21739242598414
4,0.257,3,16000.0,3600.0,measure,2,1,1092.1323097742668,97.73552301339805
4,0.258,3,16000.0,3600.0,measure,2,1,1129.5608710497618,109.01268979068846
4,0.259,3,16000.0,3600.0,measure,2,1,1167.151447712117,120.28985656797886
4,0.26,3,16000.0,3600.0,measure,2,1,1204.7756188838632,131.5670378971845
4,0.261,3,16000.0,3600.0,measure,2,1,1242.3661932556702,146.60326996818185
4,0.262,3,16000.0,3600.0,measure,2,1,1279.9567712466064,157.88042219355702
4,0.263,3,16000.0,3600.0,measure,2,1,1317.827154932659,176.67573411017656
4,0.264,3,16000.0,3600.0,measure,2,1,1355.417734660093,191.71196618117392
4,0.265,3,16000.0,3600.0,measure,2,1,1393.2534370806002,210.507248993963
4,0.266,3,16000.0,3600.0,measure,2,1,1430.5988950150797,225.54348106496036
4,0.267,3,16000.0,3600.0,measure,2,1,1467.753854372727,210.507248993963
4,0.268,3,16000.0,3600.0,measure,2,1,1503.7639445450475,195.4709878191352
4,0.269,3,16000.0,3600.0,measure,2,1,1540.870149771066,191.7119516292587
4,0.27,3,16000.0,3600.0,measure,2,1,1563.9252443940436,172.91668336838484
4,0.271,3,16000.0,3600.0,measure,2,2,1586.0574573684387,150.36232070997357
4,0.272,3,16000.0,3600.0,measure,2,2,1617.9524354194684,124.04892186168581
4,0.273,3,16000.0,3600.0,measure,2,1,1092.438702021495,97.73552301339805
4,0.274,3,16000.0,3600.0,measure,2,1,1129.6223728442278,109.01268979068846
4,0.275,4,16000.0,2400.0,settle,2,1,1166.8104972589272,120.28985656797886
4,0.276,4,16000.0,2400.0,settle,2,1,1199.4199929213858,131.5670378971845
4,0.277,4,16000.0,2400.0,settle,2,1,1231.4657089012414,142.8442046744749
4,0.278,4,16000.0,2400.0,settle,2,1,1264.8709456810786,146.60326996818185
4,0.279,4,16000.0,2400.0,settle,2,1,1296.1690722755632,157.88045129738748
4,0.28,4,16000.0,2400.0,settle,2,1,1328.884149946825,172.9166688164696
4,0.281,4,16000.0,2400.0,settle,2,1,1361.4754705234905,184.19383559376
4,0.282,4,16000.0,2400.0,settle,2,1,1392.866901701417,191.71196618117392
4,0.283,4,16000.0,2400.0,settle,2,1,1424.7071203918983,202.98914751037955
4,0.284,4,16000.0,2400.0,settle,2,1,1455.7307267494862,187.95292999129742
4,0.285,4,16000.0,2400.0,settle,2,1,1487.0145487363266,180.4347848519683
4,0.286,4,16000.0,2400.0,settle,2,1,1517.7354111561801,176.67576321400702
4,0.287,4,16000.0,2400.0,settle,2,1,1546.9606125357318,169.15758897084743
4,0.288,4,16000.0,2400.0,settle,2,1,1563.9667191490032,154.1213714517653
4,0.289,4,16000.0,2400.0,settle,2,1,1584.2164828019143,135.32608863897622
4,0.29,4,16000.0,2400.0,measure,2,2,1613.3491830260027,112.77172598056495
4,0.291,4,16000.0,2400.0,measure,1,1,1055.279323870614,150.3623789176345
4,0.292,4,16000.0,2400.0,measure,1,1,1086.32926530845,150.36226250231266
4,0.293,4,16000.0,2400.0,measure,1,1,1117.3414903169032,150.3623789176345
4,0.294,4,16000.0,2400.0,measure,1,1,1149.108460770682,157.8803639858961
4,0.295,4,16000.0,2400.0,measure,1,1,1180.5209363531615,157.88048040121794
4,0.296,4,16000.0,2400.0,measure,1,1,1212.696257814671,150.36226250231266
4,0.297,4,16000.0,2400.0,measure,2,1,1243.3913352708362,78.9402547525242
4,0.298,4,16000.0,2400.0,measure,2,1,1274.8646886111092,82.69926183857024
4,0.299,4,16000.0,2400.0,measure,2,1,1306.2811296549626,90.2174215298146
4,0.3,4,16000.0,2400.0,measure,2,1,1337.7144811938535,97.73547935765237
4,0.301,4,16000.0,2400.0,measure,2,1,1370.576685865603,97.73555211722851
4,0.302,4,16000.0,2400.0,measure,2,1,1401.2717683105411,105.25359539315104
4,0.303,4,16000.0,2400.0,measure,2,1,1432.946602076965,112.77178418822587
4,0.304,4,16000.0,2400.0,measure,2,1,1465.0543427705998,124.04887820594013
4,0.305,4,16000.0,2400.0,measure,2,1,1498.1554012469453,127.80801625922322
4,0.306,4,16000.0,2400.0,measure,2,1,1529.0797386544045,135.32605953514576
4,0.307,4,16000.0,2400.0,measure,2,1,1560.4214024124362,150.36234981380403
4,0.308,4,16000.0,2400.0,measure,2,1,1580.8231243652997,142.84421922639012
4,0.309,4,16000.0,2400.0,measure,2,1,1605.128363899148,139.08513938076794
4,0.31,4,16000.0,2400.0,measure,1,0,773.1188231283516,218.0253795813769
4,0.311,4,16000.0,2400.0,measure,1,0,799.747354691275,210.507248993963
4,0.312,4,16000.0,2400.0,measure,1,0,837.5531693187294,172.91665426455438
4,0.313,4,16000.0,2400.0,measure,1,0,871.0603465415514,165.39852367714047
4,0.314,4,16000.0,2400.0,measure,1,0,903.6877715886847,165.39852367714047
4,0.315,4,16000.0,2400.0,measure,1,0,936.9311446789652,165.3985818848014
4,0.316,4,16000.0,2400.0,measure,1,0,967.5413044027141,157.88042219355702
4,0.317,4,16000.0,2400.0,measure,1,0,999.4537633646382,157.88048040121794
4,0.318,4,16000.0,2400.0,measure,1,1,1030.5831213453243,157.88042219355702
4,0.319,4,16000.0,2400.0,measure,1,1,1062.0187657336744,157.88048040121794
4,0.32,4,16000.0,2400.0,measure,1,1,1093.5784618441874,150.36226250231266
4,0.321,4,16000.0,2400.0,measure,1,1,1124.1802186007394,157.88048040121794
4,0.322,4,16000.0,2400.0,measure,1,1,1155.2183113462472,157.8803639858961
4,0.323,4,16000.0,2400.0,measure,1,1,1186.7134050863217,157.88048040121794
4,0.324,4,16000.0,2400.0,measure,1,1,1218.6710192486871,157.8803639858961
4,0.325,4,16000.0,2400.0,measure,1,1,1250.6902835623075,150.3623789176345
4,0.326,4,16000.0,2400.0,measure,2,1,1282.060640260281,82.69924728665501
4,0.327,4,16000.0,2400.0,measure,2,1,1313.1517267405486,86.45837078802288
4,0.328,4,16000.0,2400.0,measure,2,1,1345.791350326092,90.21736332215369
4,0.329,4,16000.0,2400.0,measure,2,1,1377.3307667778258,97.73553756531328
4,0.33,4,16000.0,2400.0,measure,2,1,1409.281058492783,97.7354939095676
4,0.331,4,16000.0,2400.0,measure,2,1,1440.517949010951,109.01270434260368
4,0.332,4,16000.0,2400.0,measure,2,1,1472.682478445832,112.77174053248018
4,0.333,4,16000.0,2400.0,measure,2,1,1504.3594236286904,120.28988567180932
4,0.334,4,16000.0,2400.0,measure,2,1,1537.089030197994,124.04892186168581
4,0.335,4,16000.0,2400.0,measure,2,1,1563.9522128401534,135.32608863897622
4,0.336,4,16000.0,2400.0,measure,2,1,1583.910943754476,131.5670378971845
4,0.337,4,16000.0,2400.0,measure,2,1,1611.898928438026,120.28985656797886
4,0.338,4,16000.0,2400.0,measure,1,0,756.9590111223745,195.4710460267961
4,0.339,4,16000.0,2400.0,measure,1,0,773.41993880326,218.0253795813769
4,0.34,5,16000.0,3000.0,settle,1,0,802.0473000969761,202.9891184065491
4,0.341,5,16000.0,3000.0,settle,1,0,842.3844366420878,180.4347848519683
4,0.342,5,16000.0,3000.0,settle,1,0,878.236485609355,165.39855278097093
4,0.343,5,16000.0,3000.0,settle,1,0,913.7879238629127,165.39852367714047
4,0.344,5,16000.0,3000.0,settle,1,0,948.0708781694079,157.88045129738748
4,0.345,5,16000.0,3000.0,settle,1,0,982.3175090217986,157.88042219355702
4,0.346,5,16000.0,3000.0,settle,1,1,1016.3416580182407,157.88042219355702
4,0.347,5,16000.0,3000.0,settle,1,1,1050.2572936303,157.88048040121794
4,0.348,5,16000.0,3000.0,settle,1,1,1085.3021345827558,157.88042219355702
4,0.349,5,16000.0,3000.0,settle,2,1,1119.0531840505198,78.94024020060897
4,0.35,5,16000.0,3000.0,settle,2,1,1154.1964032721528,86.45831258036196
4,0.351,5,16000.0,3000.0,settle,2,1,1188.048452959487,93.97647227160633
4,0.352,5,16000.0,3000.0,settle,2,1,1222.3842335870581,101.49454465135932
4,0.353,5,16000.0,3000.0,settle,2,1,1256.728738202125,109.01270434260368
4,0.354,5,16000.0,3000.0,settle,2,1,1291.555995641373,120.28985656797886
4,0.355,5,16000.0,3000.0,measure,2,1,1327.1130609291783,127.80797260347754
4,0.356,5,16000.0,3000.0,measure,2,1,1360.7370222924403,139.0851684845984
4,0.357,5,16000.0,3000.0,measure,2,1,1395.3008984993553,154.12134234793484
4,0.358,5,16000.0,3000.0,measure,2,1,1430.4482275761213,165.3985818848014
4,0.359,5,16000.0,3000.0,measure,2,1,1465.5311011976178,180.43475574813783
4,0.36,5,16000.0,3000.0,measure,2,1,1500.5545229963368,195.4710460267961
4,0.361,5,16000.0,3000.0,measure,2,1,1533.514899654614,195.47101692296565
4,0.362,5,16000.0,3000.0,measure,2,1,1563.4397263796527,169.15760352276266
4,0.363,5,16000.0,3000.0,measure,2,1,1583.9953620361127,150.36232070997357
4,0.364,5,16000.0,3000.0,measure,2,1,1611.7300697972616,120.28985656797886
4,0.365,5,16000.0,3000.0,measure,1,0,966.5250405736505,172.91662516072392
4,0.366,5,16000.0,3000.0,measure,1,1,1001.8992976950362,165.3985818848014
4,0.367,5,16000.0,3000.0,measure,1,1,1035.7742143749786,172.91668336838484
4,0.368,5,16000.0,3000.0,measure,1,1,1070.1305086345033,165.3985818848014
4,0.369,5,16000.0,3000.0,measure,2,1,1104.7858052371992,86.45834168419242
4,0.37,5,16000.0,3000.0,measure,2,1,1138.4147090009517,90.2174215298146
4,0.371,5,16000.0,3000.0,measure,2,1,1173.6396092905393,97.73552301339805
4,0.372,5,16000.0,3000.0,measure,2,1,1207.3414768370935,105.2536244969815
4,0.373,5,16000.0,3000.0,measure,2,1,1242.4839402559553,116.53082037810236
4,0.374,5,16000.0,3000.0,measure,2,1,1276.311079541651,127.80792894773185
4,0.375,5,16000.0,3000.0,measure,2,1,1310.7744632938884,135.32611774280667
4,0.376,5,16000.0,3000.0,measure,2,1,1346.122946855894,146.60325541626662
4,0.377,5,16000.0,3000.0,measure,2,1,1380.207035690546,157.88045129738748
4,0.378,5,16000.0,3000.0,measure,2,1,1415.4006024579178,172.91668336838484
4,0.379,5,16000.0,3000.0,measure,2,1,1450.1701897153487,191.71196618117392
4,0.38,5,16000.0,3000.0,measure,2,1,1484.23627817205,199.23009676858783
4,0.381,5,16000.0,3000.0,measure,2,1,1518.1116821135572,195.4709878191352
4,0.382,5,16000.0,3000.0,measure,2,1,1550.8876250499081,180.4347848519683
4,0.383,5,16000.0,3000.0,measure,2,1,1572.2051184638985,154.12135689985007
4,0.384,5,16000.0,3000.0,measure,2,1,1594.2657017149031,135.32611774280667
4,0.385,5,16000.0,3000.0,measure,2,1,1641.542126890272,90.21736332215369
4,0.386,5,16000.0,3000.0,measure,1,1,1007.4360322753571,172.91668336838484
4,0.387,5,16000.0,3000.0,measure,1,1,1041.844226578674,172.9167124722153
4,0.388,5,16000.0,3000.0,measure,1,1,1077.0488897885098,165.3985818848014
4,0.389,5,16000.0,3000.0,measure,2,1,1111.3440837520598,90.21740697789937
4,0.39,5,16000.0,3000.0,measure,2,1,1144.9338318832831,93.97644316777587
4,0.391,5,16000.0,3000.0,measure,2,1,1179.7964690980152,105.25363904889673
4,0.392,5,16000.0,3000.0,measure,2,1,1214.376443385845,109.01264613494277
4,0.393,5,16000.0,3000.0,measure,2,1,1249.5636630670301,116.53082037810236
4,0.394,5,16000.0,3000.0,measure,2,1,1283.4119747680409,127.80795805156231
4,0.395,5,16000.0,3000.0,measure,2,1,1317.6650973036885,135.32611774280667
4,0.396,5,16000.0,3000.0,measure,2,1,1352.4790976424067,150.3623352618888
4,0.397,5,16000.0,3000.0,measure,2,1,1387.1321615580964,161.63951659109443
4,0.398,5,16000.0,3000.0,measure,2,1,1422.9187191548672,172.91668336838484
4,0.399,5,16000.0,3000.0,measure,2,1,1456.5153036197773,191.71193707734346
4,0.4,5,16000.0,3000.0,measure,2,1,1490.8022845583168,202.98914751037955
4,0.401,5,16000.0,3000.0,measure,2,1,1524.225963350839,191.71193707734346
4,0.402,5,16000.0,3000.0,measure,2,1,1554.9199719377864,176.6757486620918
4,0.403,5,16000.0,3000.0,measure,2,1,1577.4091129472963,150.36229160614312
4,0.404,5,16000.0,3000.0,measure,2,1,1599.5944532650437,131.5670378971845
4,0.405,6,13000.0,2400.0,settle,1,0,979.4685578138784,165.39855278097093
4,0.406,6,13000.0,2400.0,settle,1,1,1006.7070434368882,172.91668336838484
4,0.407,6,13000.0,2400.0,settle,1,1,1034.0698112155553,165.39852367714047
4,0.408,6,13000.0,2400.0,settle,1,1,1060.9296963405634,165.3985818848014
4,0.409,6,13000.0,2400.0,settle,1,1,1087.4945730237023,165.39852367714047
4,0.41,6,13000.0,2400.0,settle,1,1,1113.8294557375566,165.3985818848014
4,0.411,6,13000.0,2400.0,settle,2,1,1140.825374366817,86.45835623610765
4,0.412,6,13000.0,2400.0,settle,2,1,1167.1221555609789,90.21739242598414
4,0.413,6,13000.0,2400.0,settle,2,1,1194.1327429457294,93.97647227160633
4,0.414,6,13000.0,2400.0,settle,2,1,1220.257209542279,101.49453009944409
4,0.415,6,13000.0,2400.0,settle,2,1,1247.6933753892217,101.49460285902023
4,0.416,6,13000.0,2400.0,settle,2,1,1274.1259666500798,112.7716968767345
4,0.417,6,13000.0,2400.0,settle,2,1,1300.320180530963,112.77176963631064
4,0.418,6,13000.0,2400.0,settle,2,1,1327.7034922793973,124.04893641360104
4,0.419,6,13000.0,2400.0,settle,2,1,1353.4689855067372,131.56705244909972
4,0.42,6,13000.0,2400.0,measure,2,1,1380.3303035357121,139.0851684845984
4,0.421,6,13000.0,2400.0,measure,2,1,1406.6117920714762,150.36232070997357
4,0.422,6,13000.0,2400.0,measure,2,1,1433.7893513876986,157.88045129738748
4,0.423,6,13000.0,2400.0,measure,2,1,1460.3286715490478,169.1575744189322
4,0.424,6,13000.0,2400.0,measure,2,1,1488.2730827720966,172.91669792030007
4,0.425,6,13000.0,2400.0,measure,2,1,1514.8650502949154,187.95288633555174
4,0.426,6,13000.0,2400.0,measure,2,1,1541.42188698301,199.23009676858783
4,0.427,6,13000.0,2400.0,measure,2,1,1561.1529675776444,187.9529154393822
4,0.428,6,13000.0,2400.0,measure,2,1,1577.000433566614,157.88043674547225
4,0.429,6,13000.0,2400.0,measure,2,1,1596.8121371037369,139.0851684845984
4,0.43,6,13000.0,2400.0,measure,1,0,906.2945332694227,180.43472664430737
4,0.431,6,13000.0,2400.0,measure,1,0,933.016807555468,172.91668336838484
4,0.432,6,13000.0,2400.0,measure,1,0,959.3509825992331,172.91662516072392
4,0.433,6,13000.0,2400.0,measure,1,0,986.01367172898,172.9167124722153
4,0.434,6,13000.0,2400.0,measure,1,1,1011.9207977065041,172.91665426455438
4,0.435,6,13000.0,2400.0,measure,1,1,1039.394586169494,165.39855278097093
4,0.436,6,13000.0,2400.0,measure,1,1,1065.2009620578892,172.91668336838484
4,0.437,6,13000.0,2400.0,measure,1,1,1092.7405460582424,165.39846546947956
4,0.438,6,13000.0,2400.0,measure,1,1,1118.0985088194425,172.91668336838484
4,0.439,6,13000.0,2400.0,measure,2,1,1145.659731183615,82.69926183857024
4,0.44,6,13000.0,2400.0,measure,2,1,1170.725317560962,93.97647227160633
4,0.441,6,13000.0,2400.0,measure,2,1,1198.2865382580915,93.97647227160633
4,0.442,6,13000.0,2400.0,measure,2,1,1224.3911012774333,101.49454465135932
4,0.443,6,13000.0,2400.0,measure,2,1,1251.1545763198812,105.25365360081196
4,0.444,6,13000.0,2400.0,measure,2,1,1277.166005311704,112.7716968767345
4,0.445,6,13000.0,2400.0,measure,2,1,1304.021281401179,116.53082037810236
4,0.446,6,13000.0,2400.0,measure,2,1,1331.9878227456095,124.04893641360104
4,0.447,6,13000.0,2400.0,measure,2,1,1357.603433878979,131.5670378971845
4,0.448,6,13000.0,2400.0,measure,2,1,1386.2394294442815,135.32611774280667
4,0.449,6,13000.0,2400.0,measure,2,1,1411.1440505276728,150.3623352618888
4,0.45,6,13000.0,2400.0,measure,2,1,1438.8662407226448,154.12140055559576
4,0.451,6,13000.0,2400.0,measure,2,1,1464.970808592625,169.15760352276266
4,0.452,6,13000.0,2400.0,measure,2,1,1491.9741834946058,172.91668336838484
4,0.453,6,13000.0,2400.0,measure,2,1,1520.1219698822458,187.95288633555174
4,0.454,6,13000.0,2400.0,measure,2,1,1546.1729407965765,199.23009676858783
4,0.455,6,13000.0,2400.0,measure,2,1,1561.8047231390815,202.98914751037955
4,0.456,6,13000.0,2400.0,measure,2,1,1578.682799130505,165.3985382290557
4,0.457,6,13000.0,2400.0,measure,2,1,1601.8101123932627,139.08515393268317
4,0.458,6,13000.0,2400.0,measure,1,0,895.8993740893599,172.91665426455438
4,0.459,6,13000.0,2400.0,measure,1,0,924.0410934347649,172.9167124722153
4,0.46,6,13000.0,2400.0,measure,1,0,949.0747257512164,172.91668336838484
4,0.461,6,13000.0,2400.0,measure,1,0,975.8238281866089,172.91668336838484
4,0.462,6,13000.0,2400.0,measure,1,1,1002.5569361439774,165.3985818848014
4,0.463,6,13000.0,2400.0,measure,1,1,1028.533485290253,172.91662516072392
4,0.464,6,13000.0,2400.0,measure,1,1,1055.2253994002028,165.3985818848014
4,0.465,6,13000.0,2400.0,measure,1,1,1080.7415602654116,172.91668336838484
4,0.466,6,13000.0,2400.0,measure,1,1,1108.2362157240923,165.3985818848014
4,0.467,6,13000.0,2400.0,measure,1,1,1133.7214324479273,172.91668336838484
4,0.468,6,13000.0,2400.0,measure,2,1,1161.1770895098784,86.45829802844673
4,0.469,6,13000.0,2400.0,measure,2,1,1187.6771811160495,93.97647227160633
4,0.47,7,13000.0,3000.0,settle,2,1,1213.8038999092307,93.97641406394541
4,0.471,7,13000.0,3000.0,settle,2,1,1243.6364593572523,101.494588307105
4,0.472,7,13000.0,3000.0,settle,2,1,1272.4119706789431,112.77172598056495
4,0.473,7,13000.0,3000.0,settle,2,1,1301.828834024092,124.04893641360104
4,0.474,7,13000.0,3000.0,settle,2,1,1330.931977269652,131.5670378971845
4,0.475,7,13000.0,3000.0,settle,2,1,1360.6764547588243,142.84421922639012
4,0.476,7,13000.0,3000.0,settle,2,1,1389.9712474718083,150.3623352618888
4,0.477,7,13000.0,3000.0,settle,2,1,1418.6844101196023,161.6395020391792
4,0.478,7,13000.0,3000.0,settle,2,1,1448.7568777604183,176.67573411017656
4,0.479,7,13000.0,3000.0,settle,2,1,1478.3363470540846,187.9529154393822
4,0.48,7,13000.0,3000.0,settle,2,1,1507.969399633473,202.98914751037955
4,0.481,7,13000.0,3000.0,settle,2,1,1538.0418604265337,214.26632883958519
4,0.482,7,13000.0,3000.0,settle,2,1,1559.1801946776775,202.98916206229478
4,0.483,7,13000.0,3000.0,settle,2,1,1577.0936324341071,169.15760352276266
4,0.484,7,13000.0,3000.0,settle,2,1,1597.2339664585888,146.60326996818185
4,0.485,7,13000.0,3000.0,measure,1,0,933.1940449698023,195.47101692296565
4,0.486,7,13000.0,3000.0,measure,1,0,962.7623248979044,187.95285723172128
4,0.487,7,13000.0,3000.0,measure,1,0,992.5742615630971,187.9529154393822
4,0.488,7,13000.0,3000.0,measure,1,1,1021.865138376021,187.95285723172128
4,0.489,7,13000.0,3000.0,measure,1,1,1051.1158435015013,187.9529154393822
4,0.49,7,13000.0,3000.0,measure,2,1,1080.8229388922084,97.73550846148282
4,0.491,7,13000.0,3000.0,measure,2,1,1109.7242562239296,105.2536244969815
4,0.492,7,13000.0,3000.0,measure,2,1,1139.5836786652665,112.77174053248018
4,0.493,7,13000.0,3000.0,measure,2,1,1169.656139323511,120.28985656797886
4,0.494,7,13000.0,3000.0,measure,2,1,1199.5144953834824,127.80797260347754
4,0.495,7,13000.0,3000.0,measure,2,1,1228.6877594450211,142.84419012255967
4,0.496,7,13000.0,3000.0,measure,2,1,1257.7925437005551,150.36232070997357
4,0.497,7,13000.0,3000.0,measure,2,1,1287.865004384669,161.63948748726398
4,0.498,7,13000.0,3000.0,measure,2,1,1317.7085509753704,172.91665426455438
4,0.499,7,13000.0,3000.0,measure,2,1,1347.29837142161,187.9529154393822
4,0.5,7,13000.0,3000.0,measure,2,1,1377.1147172123488,195.47101692296565
4,0.501,7,13000.0,3000.0,measure,2,1,1406.8093145119367,210.50727809779346
4,0.502,7,13000.0,3000.0,measure,2,1,1436.4036223113462,221.78443032316864
4,0.503,7,13000.0,3000.0,measure,2,1,1464.9585255207128,218.02539413329214
4,0.504,7,13000.0,3000.0,measure,2,1,1493.2295558835488,202.98913295846432
4,0.505,7,13000.0,3000.0,measure,2,1,1522.2864750838235,191.71196618117392
4,0.506,7,13000.0,3000.0,measure,2,1,1547.396200667059,187.9529154393822
4,0.507,7,13000.0,3000.0,measure,2,1,1562.6311685670826,169.15760352276266
4,0.508,7,13000.0,3000.0,measure,2,1,1580.851666754248,157.88045129738748
4,0.509,7,13000.0,3000.0,measure,2,2,1605.0387205848215,135.32604498323053
4,0.51,7,13000.0,3000.0,measure,1,1,1051.4930045134445,187.9529154393822
4,0.511,7,13000.0,3000.0,measure,2,1,1081.3267527634434,97.73550846148282
4,0.512,7,13000.0,3000.0,measure,2,1,1110.6770338830102,105.2536244969815
4,0.513,7,13000.0,3000.0,measure,2,1,1140.7494974515305,112.77174053248018
4,0.514,7,13000.0,3000.0,measure,2,1,1169.656139323511,120.28985656797886
4,0.515,7,13000.0,3000.0,measure,2,1,1199.5144953834824,127.80797260347754
4,0.516,7,13000.0,3000.0,measure,2,1,1229.5869554509409,139.08513938076794
4,0.517,7,13000.0,3000.0,measure,2,1,1258.9740198886684,150.36232070997357
4,0.518,7,13000.0,3000.0,measure,2,1,1288.0950564144193,161.63948748726398
4,0.519,7,13000.0,3000.0,measure,2,1,1317.93746708588,176.67571955826133
4,0.52,7,13000.0,3000.0,measure,2,1,1348.0099320923448,187.9529154393822
4,0.521,7,13000.0,3000.0,measure,2,1,1376.9253168577031,195.47101692296565
4,0.522,7,13000.0,3000.0,measure,2,1,1406.9977817183108,210.50727809779346
4,0.523,7,13000.0,3000.0,measure,2,1,1436.4036223113462,221.78443032316864
4,0.524,7,13000.0,3000.0,measure,2,1,1465.107651579952,218.02539413329214
4,0.525,7,13000.0,3000.0,measure,2,1,1493.1481590480614,199.23006766475737
4,0.526,7,13000.0,3000.0,measure,2,1,1522.7934758877382,191.71196618117392
4,0.527,7,13000.0,3000.0,measure,2,1,1547.396200667059,184.19386469759047
4,0.528,7,13000.0,3000.0,measure,2,1,1563.1024643724395,172.91665426455438
4,0.529,7,13000.0,3000.0,measure,2,1,1581.1817305980296,157.88045129738748
4,0.53,7,13000.0,3000.0,measure,2,2,1605.5240187480456,135.32604498323053
4,0.531,7,13000.0,3000.0,measure,1,1,1052.1050862735137,187.9529154393822
4,0.532,7,13000.0,3000.0,measure,2,1,1081.9914586505492,97.73550846148282
4,0.533,7,13000.0,3000.0,measure,2,1,1111.8978188649096,105.2536244969815
4,0.534,7,13000.0,3000.0,measure,2,1,1141.5481624589358,112.77174053248018
4,0.535,8,13000.0,3600.0,settle,2,1,1170.6738185087045,120.28985656797886
4,0.536,8,13000.0,3600.0,settle,2,1,1202.1152064043247,131.5670378971845
4,0.537,8,13000.0,3600.0,settle,2,1,1234.7493947334126,146.60325541626662
4,0.538,8,13000.0,3600.0,settle,2,1,1267.1130932260648,154.1213714517653
4,0.539,8,13000.0,3600.0,settle,2,1,1298.8482898009229,169.15760352276266
4,0.54,8,13000.0,3600.0,settle,2,1,1331.9985038403586,184.19386469759047
4,0.541,8,13000.0,3600.0,settle,2,1,1364.5659606404283,195.47101692296565
4,0.542,8,13000.0,3600.0,settle,2,1,1396.365428464992,210.50727809779346
4,0.543,8,13000.0,3600.0,settle,2,1,1428.7711008167435,229.30253180675209
4,0.544,8,13000.0,3600.0,settle,2,1,1461.1538565869785,248.09787282720208
4,0.545,8,13000.0,3600.0,settle,2,1,1492.0356118977625,225.5434519611299
4,0.546,8,13000.0,3600.0,settle,2,1,1523.7179808410826,206.74822735600173
4,0.547,8,13000.0,3600.0,settle,2,1,1548.0028273094144,195.47101692296565
4,0.548,8,13000.0,3600.0,settle,2,1,1566.7716715985011,176.67571955826133
4,0.549,8,13000.0,3600.0,settle,2,2,1587.9651574670074,165.3985382290557
4,0.55,8,13000.0,3600.0,measure,3,2,1620.4434853302791,52.62682680040598
4,0.551,8,13000.0,3600.0,measure,2,1,1076.4276364404066,116.53080582618713
4,0.552,8,13000.0,3600.0,measure,2,1,1108.8287241991807,124.04892186168581
4,0.553,8,13000.0,3600.0,measure,2,1,1141.6041947346198,135.32608863897622
4,0.554,8,13000.0,3600.0,measure,2,1,1173.5352302073604,146.6032408643514
4,0.555,8,13000.0,3600.0,measure,2,1,1206.2139695303308,161.6395020391792
4,0.556,8,13000.0,3600.0,measure,2,1,1239.4553662425685,169.15760352276266
4,0.557,8,13000.0,3600.0,measure,2,1,1271.2874361831282,187.95294454321265
4,0.558,8,13000.0,3600.0,measure,2,1,1304.1416569788446,202.9891184065491
4,0.559,8,13000.0,3600.0,measure,2,1,1337.7642854013377,218.02540868520737
4,0.56,8,13000.0,3600.0,measure,2,1,1369.4406148149735,233.0615825485438
4,0.561,8,13000.0,3600.0,measure,2,1,1401.877164440085,248.09787282720208
4,0.562,8,13000.0,3600.0,measure,2,1,1433.925324364385,255.61591610312462
4,0.563,8,13000.0,3600.0,measure,2,1,1465.067769718839,221.7844594269991
4,0.564,8,13000.0,3600.0,measure,2,1,1496.1447465785704,218.02533592563123
4,0.565,8,13000.0,3600.0,measure,2,1,1527.2519723878484,218.0253795813769
4,0.566,8,13000.0,3600.0,measure,2,1,1546.4321900519717,199.23006766475737
4,0.567,8,13000.0,3600.0,measure,2,2,1564.4070614052255,180.43481395579875
4,0.568,8,13000.0,3600.0,measure,3,2,1585.769137106937,112.77175508439541
4,0.569,8,13000.0,3600.0,measure,3,2,1616.631129470009,60.14492828398943
4,0.57,8,13000.0,3600.0,measure,2,1,1128.7991655990481,131.56700879335403
4,0.571,8,13000.0,3600.0,measure,2,1,1160.2837816769209,142.84424833022058
4,0.572,8,13000.0,3600.0,measure,2,1,1193.5016536921428,157.8804076416418
4,0.573,8,13000.0,3600.0,measure,2,1,1226.4300090273057,165.39855278097093
4,0.574,8,13000.0,3600.0,measure,2,1,1258.5870527590698,180.43475574813783
4,0.575,8,13000.0,3600.0,measure,2,1,1292.4764067405363,199.23006766475737
4,0.576,8,13000.0,3600.0,measure,2,1,1324.8989306182873,210.507248993963
4,0.577,8,13000.0,3600.0,measure,2,1,1357.6672910794355,225.54348106496036
4,0.578,8,13000.0,3600.0,measure,2,1,1390.891121824033,240.57974223978817
4,0.579,8,13000.0,3600.0,measure,2,1,1422.4172912716606,259.3749813968316
4,0.58,8,13000.0,3600.0,measure,2,1,1453.374883312152,236.820662394166
4,0.581,8,13000.0,3600.0,measure,2,1,1484.9988801870495,221.78440121933818
4,0.582,8,13000.0,3600.0,measure,2,1,1516.8502056775126,218.0253795813769
4,0.583,8,13000.0,3600.0,measure,2,1,1540.327831994238,206.74818370025605
4,0.584,8,13000.0,3600.0,measure,2,2,1557.4347167155286,187.95288633555174
4,0.585,8,13000.0,3600.0,measure,2,2,1577.8395092118963,172.91665426455438
4,0.586,8,13000.0,3600.0,measure,3,2,1604.5154009286005,82.69923273473978
4,0.587,8,13000.0,3600.0,measure,2,1,1114.202350053299,127.80795805156231
4,0.588,8,13000.0,3600.0,measure,2,1,1145.8358032961655,135.32608863897622
4,0.589,8,13000.0,3600.0,measure,2,1,1178.7388891115884,150.36229160614312
4,0.59,8,13000.0,3600.0,measure,2,1,1211.8317279354649,161.63953114300966
4,0.591,8,13000.0,3600.0,measure,2,1,1244.1858893014312,172.91665426455438
4,0.592,8,13000.0,3600.0,measure,2,1,1277.2267481634851,191.71199528500438
4,0.593,8,13000.0,3600.0,measure,2,1,1309.645549122301,202.9891184065491
4,0.594,8,13000.0,3600.0,measure,2,1,1343.03761881524,221.7844594269991
4,0.595,8,13000.0,3600.0,measure,2,1,1375.8548900105916,233.0615825485438
4,0.596,8,13000.0,3600.0,measure,2,1,1407.5982103766833,251.8569235689938
4,0.597,8,13000.0,3600.0,measure,2,1,1439.2542082172383,259.37496684491634
4,0.598,8,13000.0,3600.0,measure,2,1,1470.5934036519027,225.54351016879082
4,0.599,8,13000.0,3600.0,measure,2,1,1502.3133374840086,221.7844157712534
4,0.6,8,13000.0,3600.0,measure,2,1,1531.3482653497026,214.26629973575473
5,0.0,0,10000.0,3000.0,settle,0,0,,
5,0.001,0,10000.0,3000.0,settle,0,0,,
5,0.002,0,10000.0,3000.0,settle,0,0,,
5,0.003,0,10000.0,3000.0,settle,0,0,,
5,0.004,0,10000.0,3000.0,settle,0,0,,
5,0.005,0,10000.0,3000.0,settle,0,0,,
5,0.006,0,10000.0,3000.0,settle,0,0,,
5,0.007,0,10000.0,3000.0,settle,0,0,,
5,0.008,0,10000.0,3000.0,settle,1,0,653.849623631686,0.0
5,0.009,0,10000.0,3000.0,settle,1,0,659.4882215722464,15.036261174827814
5,0.01,0,10000.0,3000.0,settle,1,0,664.8645510214792,30.072464141994715
5,0.011,0,10000.0,3000.0,settle,1,0,672.0456564663976,45.10872531682253
5,0.012,0,10000.0,3000.0,settle,1,0,679.7871374874376,60.14492828398943
5,0.013,0,10000.0,3000.0,settle,1,0,687.5672490533555,75.18118945881724
5,0.014,0,10000.0,3000.0,settle,1,0,696.7712453016164,97.73552301339805
5,0.015,0,10000.0,3000.0,settle,1,0,706.3253323755803,112.77175508439541
5,0.016,0,10000.0,3000.0,settle,1,0,717.9400236355448,135.32611774280667
5,0.017,0,10000.0,3000.0,settle,1,0,729.4989591839659,157.88045129738748
5,0.018,0,10000.0,3000.0,settle,1,0,742.8459351909032,180.4347848519683
5,0.019,0,10000.0,3000.0,settle,1,0,756.3674438679404,202.98914751037955
5,0.02,0,10000.0,3000.0,settle,1,0,771.7777829079679,225.54351016879082
5,0.021,0,10000.0,3000.0,settle,1,0,788.4329729797655,248.09784372337162
5,0.022,0,10000.0,3000.0,settle,1,0,805.9482053240694,278.17030786536634
5,0.023,0,10000.0,3000.0,settle,1,0,824.3140459131617,300.72464141994715
5,0.024,0,10000.0,3000.0,settle,1,0,849.9146019338036,270.65217727795243
5,0.025,0,10000.0,3000.0,settle,1,0,880.2858942848009,240.5796549282968
5,0.026,0,10000.0,3000.0,settle,1,0,906.2884706189411,233.06161165237427
5,0.027,0,10000.0,3000.0,settle,1,0,931.3661818547795,225.5434519611299
5,0.028,0,10000.0,3000.0,settle,1,0,956.7534420147584,225.54351016879082
5,0.029,0,10000.0,3000.0,settle,1,0,981.0194462542568,225.54348106496036
5,0.03,0,10000.0,3000.0,measure,1,1,1006.3622923989295,218.025321373716
5,0.031,0,10000.0,3000.0,measure,1,1,1029.6306567420195,218.02540868520737
5,0.032,0,10000.0,3000.0,measure,2,1,1053.704901600794,112.77172598056495
5,0.033,0,10000.0,3000.0,measure,2,1,1078.6075946871051,120.28988567180932
5,0.034,0,10000.0,3000.0,measure,2,1,1104.0393781461157,124.04893641360104
5,0.035,0,10000.0,3000.0,measure,2,1,1127.3973608868685,131.56700879335403
5,0.036,0,10000.0,3000.0,measure,2,1,1151.7454485294961,142.84421922639012
5,0.037,0,10000.0,3000.0,measure,2,1,1177.138587821244,150.36232070997357
5,0.038,0,10000.0,3000.0,measure,2,1,1201.774877085975,154.1213714517653
5,0.039,0,10000.0,3000.0,measure,2,1,1224.9618381364019,165.3985818848014
5,0.04,0,10000.0,3000.0,measure,2,1,1249.656416650033,176.67569045443088
5,0.041,0,10000.0,3000.0,measure,2,1,1275.6604740085702,184.19386469759047
5,0.042,0,10000.0,3000.0,measure,2,1,1299.9416068234782,195.4709878191352
5,0.043,0,10000.0,3000.0,measure,2,1,1324.1523171018343,206.74819825217128
5,0.044,0,10000.0,3000.0,measure,2,1,1349.0948604423716,221.78444487508386
5,0.045,0,10000.0,3000.0,measure,2,1,1374.6915384168917,229.30250270292163
5,0.046,0,10000.0,3000.0,measure,2,1,1398.0807195981786,244.3387929815799
5,0.047,0,10000.0,3000.0,measure,2,1,1422.573082350396,259.3749959487468
5,0.048,0,10000.0,3000.0,measure,2,1,1446.3778415292097,255.61597431078553
5,0.049,0,10000.0,3000.0,measure,2,1,1471.1314889912805,229.3025463586673
5,0.05,0,10000.0,3000.0,measure,2,1,1493.685835157521,225.54346651304513
5,0.051,0,10000.0,3000.0,measure,2,1,1517.6530795546705,225.5434956168756
5,0.052,0,10000.0,3000.0,measure,2,1,1533.451512017671,218.02536502946168
5,0.053,0,10000.0,3000.0,measure,2,1,1546.5679890880524,199.2300822166726
5,0.054,0,10000.0,3000.0,measure,2,2,1558.9780378433175,191.71196618117392
5,0.055,0,10000.0,3000.0,measure,2,2,1573.1875478281236,172.91668336838484
5,0.056,0,10000.0,3000.0,measure,3,2,1594.7259659223048,97.73555211722851
5,0.057,0,10000.0,3000.0,measure,3,2,1636.5748098386184,30.072464141994715
5,0.058,0,10000.0,3000.0,measure,2,1,1111.336321087,131.5670378971845
5,0.059,0,10000.0,3000.0,measure,2,1,1135.165038947557,139.08511027693748
5,0.06,0,10000.0,3000.0,measure,2,1,1159.4390317269074,150.36234981380403
5,0.061,0,10000.0,3000.0,measure,2,1,1186.1384880083663,154.12134234793484
5,0.062,0,10000.0,3000.0,measure,2,1,1209.7242182459343,165.3985818848014
5,0.063,0,10000.0,3000.0,measure,2,1,1234.1257654293781,172.9166688164696
5,0.064,0,10000.0,3000.0,measure,2,1,1260.232180112922,184.19383559376
5,0.065,0,10000.0,3000.0,measure,2,1,1284.6893189263712,195.4710460267961
5,0.066,0,10000.0,3000.0,measure,2,1,1309.116087698688,206.74816914834082
5,0.067,0,10000.0,3000.0,measure,2,1,1334.8259810821983,218.02539413329214
5,0.068,0,10000.0,3000.0,measure,2,1,1359.6553093401155,229.30253180675209
5,0.069,0,10000.0,3000.0,measure,2,1,1383.3888064255007,244.33876387774944
5,0.07,0,10000.0,3000.0,measure,2,1,1408.1777523517235,259.37502505257726
5,0.071,0,10000.0,3000.0,measure,2,1,1431.8879461892152,255.61591610312462
5,0.072,0,10000.0,3000.0,measure,2,1,1456.0952547374957,229.3025463586673
5,0.073,0,10000.0,3000.0,measure,2,1,1479.9451659080944,225.5434956168756
5,0.074,0,10000.0,3000.0,measure,2,1,1502.9307346106007,221.7844157712534
5,0.075,0,10000.0,3000.0,measure,2,1,1525.3715295139182,225.5434956168756
5,0.076,0,10000.0,3000.0,measure,2,1,1538.50652693867,206.74818370025605
5,0.077,0,10000.0,3000.0,measure,2,2,1549.465689486084,199.23006766475737
5,0.078,0,10000.0,3000.0,measure,2,2,1564.390013802521,180.4347848519683
5,0.079,0,10000.0,3000.0,measure,3,2,1580.3563736519345,120.28985656797886
5,0.08,1,13000.0,3000.0,settle,3,2,1604.816124890931,82.69923273473978
5,0.081,1,13000.0,3000.0,settle,2,1,1116.1982424822752,135.32608863897622
5,0.082,1,13000.0,3000.0,settle,2,1,1145.5780066314537,146.60328452009708
5,0.083,1,13000.0,3000.0,settle,2,1,1174.9705007489138,157.88042219355702
5,0.084,1,13000.0,3000.0,settle,2,1,1204.8290659559275,165.3985818848014
5,0.085,1,13000.0,3000.0,settle,2,1,1234.4878978446882,176.67571955826133
5,0.086,1,13000.0,3000.0,settle,2,1,1264.5603564430962,191.71198073308915
5,0.087,1,13000.0,3000.0,settle,2,1,1294.4117537218585,202.9891184065491
5,0.088,1,13000.0,3000.0,settle,2,1,1324.48421233172,218.0253795813769
5,0.089,1,13000.0,3000.0,settle,2,1,1354.5566796005726,229.30256091058254
5,0.09,1,13000.0,3000.0,settle,2,1,1384.4554879001735,244.3387929815799
5,0.091,1,13000.0,3000.0,settle,2,1,1413.0252849532017,240.57974223978817
5,0.092,1,13000.0,3000.0,settle,2,1,1442.0376997055414,214.26629973575473
5,0.093,1,13000.0,3000.0,settle,2,1,1471.4370091223454,214.26629973575473
5,0.094,1,13000.0,3000.0,settle,2,1,1499.3664040470246,206.74819825217128
5,0.095,1,13000.0,3000.0,measure,2,1,1526.095973087447,206.74819825217128
5,0.096,1,13000.0,3000.0,measure,2,1,1542.1061995123118,195.47101692296565
5,0.097,1,13000.0,3000.0,measure,2,2,1558.5295886351503,172.9166688164696
5,0.098,1,13000.0,3000.0,measure,2,2,1576.6733062143128,157.88043674547225
5,0.099,1,13000.0,3000.0,measure,3,2,1598.8889410378292,90.21739242598414
5,0.1,1,13000.0,3000.0,measure,2,1,1114.8990296501793,109.01267523877323
5,0.101,1,13000.0,3000.0,measure,2,1,1144.934458236022,116.5307912742719
5,0.102,1,13000.0,3000.0,measure,2,1,1175.0748927341158,127.80795805156231
5,0.103,1,13000.0,3000.0,measure,2,1,1204.5193065120325,135.32608863897622
5,0.104,1,13000.0,3000.0,measure,2,1,1234.4029719493917,142.84419012255967
5,0.105,1,13000.0,3000.0,measure,2,1,1263.9651136367302,150.36232070997357
5,0.106,1,13000.0,3000.0,measure,2,1,1293.5897039806507,161.6395020391792
5,0.107,1,13000.0,3000.0,measure,2,1,1323.4237513873331,172.9166688164696
5,0.108,1,13000.0,3000.0,measure,2,1,1353.0898315223342,187.95290088746697
5,0.109,1,13000.0,3000.0,measure,2,1,1382.79439000217,199.23006766475737
5,0.11,1,13000.0,3000.0,measure,2,1,1412.5911292931962,214.26629973575473
5,0.111,1,13000.0,3000.0,measure,2,1,1441.474124247878,225.54348106496036
5,0.112,1,13000.0,3000.0,measure,2,1,1470.3807702922074,214.26629973575473
5,0.113,1,13000.0,3000.0,measure,2,1,1498.3722519378482,202.9891184065491
5,0.114,1,13000.0,3000.0,measure,2,1,1527.0991710799155,191.71196618117392
5,0.115,1,13000.0,3000.0,measure,2,1,1548.610726946636,184.19385014567524
5,0.116,1,13000.0,3000.0,measure,2,1,1565.061574331098,172.9166688164696
5,0.117,1,13000.0,3000.0,measure,2,1,1584.676775917392,157.88043674547225
5,0.118,1,13000.0,3000.0,measure,2,2,1612.458236715091,127.80795805156231
5,0.119,1,13000.0,3000.0,measure,1,1,1059.1579726804969,187.95288633555174
5,0.12,1,13000.0,3000.0,measure,2,1,1089.1226319575526,101.49460285902023
5,0.121,1,13000.0,3000.0,measure,2,1,1118.612586131233,105.2536244969815
5,0.122,1,13000.0,3000.0,measure,2,1,1148.1194727677905,112.77174053248018
5,0.123,1,13000.0,3000.0,measure,2,1,1177.2563839122763,124.04890730977058
5,0.124,1,13000.0,3000.0,measure,2,1,1207.2467180131528,131.5670378971845
5,0.125,1,13000.0,3000.0,measure,2,1,1237.1050706133246,139.08513938076794
5,0.126,1,13000.0,3000.0,measure,2,1,1266.72569900955,154.1213714517653
5,0.127,1,13000.0,3000.0,measure,2,1,1295.6131714749758,165.39855278097093
5,0.128,1,13000.0,3000.0,measure,2,1,1325.4555832654569,176.67571955826133
5,0.129,1,13000.0,3000.0,measure,2,1,1355.10837833576,191.7119516292587
5,0.13,1,13000.0,3000.0,measure,2,1,1384.4434330009935,199.23006766475737
5,0.131,1,13000.0,3000.0,measure,2,1,1414.515897574156,214.26629973575473
5,0.132,1,13000.0,3000.0,measure,2,1,1443.6973253104054,225.54348106496036
5,0.133,1,13000.0,3000.0,measure,2,1,1472.289838738904,210.507248993963
5,0.134,1,13000.0,3000.0,measure,2,1,1500.535362796274,195.47101692296565
5,0.135,1,13000.0,3000.0,measure,2,1,1529.6261932668517,195.47101692296565
5,0.136,1,13000.0,3000.0,measure,2,1,1550.960770035647,180.43479940388352
5,0.137,1,13000.0,3000.0,measure,2,1,1566.0758626870531,169.15758897084743
5,0.138,1,13000.0,3000.0,measure,2,1,1586.4246728438172,154.12138600368053
5,0.139,1,13000.0,3000.0,measure,2,2,1616.168475221293,124.04890730977058
5,0.14,1,13000.0,3000.0,measure,1,1,1059.623202597169,187.95288633555174
5,0.141,1,13000.0,3000.0,measure,2,1,1089.5095749742047,101.49460285902023
5,0.142,1,13000.0,3000.0,measure,2,1,1119.4159345770324,109.01267523877323
5,0.143,1,13000.0,3000.0,measure,2,1,1148.90283678987,116.53080582618713
5,0.144,1,13000.0,3000.0,measure,2,1,1178.1919337556758,124.04890730977058
5,0.145,2,10000.0,3600.0,settle,2,1,1207.3288471855,131.5670378971845
5,0.146,2,10000.0,3600.0,settle,2,1,1234.0811178962022,139.08513938076794
5,0.147,2,10000.0,3600.0,settle,2,1,1262.3355712447994,150.36232070997357
5,0.148,2,10000.0,3600.0,settle,2,1,1289.3094319411389,161.6395020391792
5,0.149,2,10000.0,3600.0,settle,2,1,1316.3019819231356,172.9166688164696
5,0.15,2,10000.0,3600.0,settle,2,1,1343.165722325509,184.19386469759047
5,0.151,2,10000.0,3600.0,settle,2,1,1371.7921139323153,195.47101692296565
5,0.152,2,10000.0,3600.0,settle,2,1,1398.8130422779311,210.50727809779346
5,0.153,2,10000.0,3600.0,settle,2,1,1425.4359240128333,221.78443032316864
5,0.154,2,10000.0,3600.0,settle,2,1,1452.8406696699135,236.820662394166
5,0.155,2,10000.0,3600.0,settle,2,1,1480.1589224066502,251.85689446516335
5,0.156,2,10000.0,3600.0,settle,2,1,1507.418927794788,263.1340466905385
5,0.157,2,10000.0,3600.0,settle,2,1,1531.6131069531614,240.57971313595772
5,0.158,2,10000.0,3600.0,settle,2,1,1550.7499704245422,218.02535047754645
5,0.159,2,10000.0,3600.0,settle,2,1,1565.5408653932927,199.23006766475737
5,0.16,2,10000.0,3600.0,measure,2,1,1585.1707051460369,187.95288633555174
5,0.161,2,10000.0,3600.0,measure,2,2,1611.384220705549,157.88045129738748
5,0.162,2,10000.0,3600.0,measure,2,1,1041.0746925579099,124.04892186168581
5,0.163,2,10000.0,3600.0,measure,2,1,1069.1554157007763,135.32611774280667
5,0.164,2,10000.0,3600.0,measure,2,1,1095.8194818239965,146.60326996818185
5,0.165,2,10000.0,3600.0,measure,2,1,1123.4588856467183,150.36229160614312
5,0.166,2,10000.0,3600.0,measure,2,1,1151.9037039073235,161.6395020391792
5,0.167,2,10000.0,3600.0,measure,2,1,1178.0340846258212,176.67573411017656
5,0.168,2,10000.0,3600.0,measure,2,1,1206.1430822413797,184.19385014567524
5,0.169,2,10000.0,3600.0,measure,2,1,1234.518503377821,195.47101692296565
5,0.17,2,10000.0,3600.0,measure,2,1,1260.9551288973798,214.26629973575473
5,0.171,2,10000.0,3600.0,measure,2,1,1288.722145191502,221.78443032316864
5,0.172,2,10000.0,3600.0,measure,2,1,1317.4392974926768,236.820662394166
5,0.173,2,10000.0,3600.0,measure,2,1,1344.5571395192876,255.61594520695508
5,0.174,2,10000.0,3600.0,measure,2,1,1371.8578628960245,266.8931265361607
5,0.175,2,10000.0,3600.0,measure,2,1,1400.1385733119655,278.17030786536634
5,0.176,2,10000.0,3600.0,measure,2,1,1426.2482180112154,296.9655906781554
5,0.177,2,10000.0,3600.0,measure,2,1,1453.7435060596345,304.48372126556933
5,0.178,2,10000.0,3600.0,measure,2,1,1481.7502360597675,319.51992423273623
5,0.179,2,10000.0,3600.0,measure,2,1,1508.4841822561127,342.0742868911475
5,0.18,2,10000.0,3600.0,measure,2,1,1524.9096138858401,342.0742868911475
5,0.181,2,10000.0,3600.0,measure,2,1,1539.4014629540227,342.0742868911475
5,0.182,2,10000.0,3600.0,measure,1,1,1555.342295788783,165.3985818848014
5,0.183,2,10000.0,3600.0,measure,1,1,1573.5551551420322,135.32605953514576
5,0.184,2,10000.0,3600.0,measure,1,1,1596.4065744940724,97.73555211722851
5,0.185,2,10000.0,3600.0,measure,2,1,1111.1384505837161,278.17030786536634
5,0.186,2,10000.0,3600.0,measure,2,1,1144.9820731015031,233.06161165237427
5,0.187,2,10000.0,3600.0,measure,2,1,1172.9797015318243,225.5434956168756
5,0.188,2,10000.0,3600.0,measure,2,1,1201.9430023443326,221.78443032316864
5,0.189,2,10000.0,3600.0,measure,2,1,1229.6711200110192,233.0615825485438
5,0.19,2,10000.0,3600.0,measure,2,1,1256.8572567056722,240.57974223978817
5,0.191,2,10000.0,3600.0,measure,2,1,1284.6207530304152,248.09780006762594
5,0.192,2,10000.0,3600.0,measure,2,1,1312.787594803982,263.134075794369
5,0.193,2,10000.0,3600.0,measure,2,1,1339.3445336001612,274.4111989159137
5,0.194,2,10000.0,3600.0,measure,2,1,1367.0920980133353,281.9293877109885
5,0.195,2,10000.0,3600.0,measure,2,1,1394.069314776886,300.72464141994715
5,0.196,2,10000.0,3600.0,measure,2,1,1420.98295622464,312.0018227491528
5,0.197,2,10000.0,3600.0,measure,2,1,1449.4291145597722,323.2790040783584
5,0.198,2,10000.0,3600.0,measure,2,1,1475.4996232655853,338.31523614935577
5,0.199,2,10000.0,3600.0,measure,2,1,1497.0616745571851,349.59244658239186
5,0.2,2,10000.0,3600.0,measure,2,1,1512.456282917446,349.59238837473094
5,0.201,2,10000.0,3600.0,measure,2,1,1528.2525497228921,353.3514973241836
5,0.202,2,10000.0,3600.0,measure,1,1,1542.0134644306843,187.95288633555174
5,0.203,2,10000.0,3600.0,measure,1,1,1557.9813928828419,157.88048040121794
5,0.204,2,10000.0,3600.0,measure,1,1,1577.5347120155307,127.80795805156231
5,0.205,2,10000.0,3600.0,measure,1,1,1604.3257850131629,82.69923273473978
5,0.206,2,10000.0,3600.0,measure,0,0,,
5,0.207,2,10000.0,3600.0,measure,0,0,,
5,0.208,2,10000.0,3600.0,measure,0,0,,
5,0.209,2,10000.0,3600.0,measure,0,0,,
5,0.21,3,13000.0,2400.0,settle,0,0,,
5,0.211,3,13000.0,2400.0,settle,2,1,1288.8136908925762,300.7246123161167
5,0.212,3,13000.0,2400.0,settle,2,1,1317.1852542684016,255.6159597588703
5,0.213,3,13000.0,2400.0,settle,2,1,1344.6742694824934,221.78438666742295
5,0.214,3,13000.0,2400.0,settle,2,1,1370.8296990863835,221.78443032316864
5,0.215,3,13000.0,2400.0,settle,2,1,1397.19434026718,214.26624152809381
5,0.216,3,13000.0,2400.0,settle,2,1,1423.0181630386394,218.0253795813769
5,0.217,3,13000.0,2400.0,settle,2,1,1449.4291145597722,214.2662851838395
5,0.218,3,13000.0,2400.0,settle,2,2,1474.4000132248057,214.26631428766996
5,0.219,3,13000.0,2400.0,settle,2,2,1497.783210167351,210.50726354587823
5,0.22,3,13000.0,2400.0,settle,2,2,1511.6955784973331,195.4710460267961
5,0.221,3,13000.0,2400.0,settle,2,2,1526.5761869383996,180.4347848519683
5,0.222,3,13000.0,2400.0,settle,2,2,1542.0235960895347,165.3985818848014
5,0.223,3,13000.0,2400.0,settle,3,2,1555.8250511231104,142.8441610187292
5,0.224,3,13000.0,2400.0,settle,3,2,1572.8575906351857,135.32605953514576
5,0.225,3,13000.0,2400.0,measure,3,2,1595.8806222496444,97.73555211722851
5,0.226,3,13000.0,2400.0,measure,2,1,1238.7841156062982,93.97647227160633
5,0.227,3,13000.0,2400.0,measure,2,1,1264.7216157832495,97.7354939095676
5,0.228,3,13000.0,2400.0,measure,2,1,1292.6413614622536,105.25360994506627
5,0.229,3,13000.0,2400.0,measure,2,1,1318.5556398223566,116.53083493001759
5,0.23,3,13000.0,2400.0,measure,2,1,1345.8648197729117,120.28984201606363
5,0.231,3,13000.0,2400.0,measure,2,1,1373.2754975404703,127.80801625922322
5,0.232,3,13000.0,2400.0,measure,2,1,1399.1852264802153,135.326074087061
5,0.233,3,13000.0,2400.0,measure,2,1,1427.599335409945,146.6032990720123
5,0.234,3,13000.0,2400.0,measure,2,1,1453.2759636579076,157.88042219355702
5,0.235,3,13000.0,2400.0,measure,2,1,1480.6205387700534,165.39856733288616
5,0.236,3,13000.0,2400.0,measure,2,1,1507.5292127185335,180.4347848519683
5,0.237,3,13000.0,2400.0,measure,2,1,1533.817719214824,187.95288633555174
5,0.238,3,13000.0,2400.0,measure,2,1,1561.7516394672903,191.71196618117392
5,0.239,3,13000.0,2400.0,measure,2,1,1577.408410763989,157.88043674547225
5,0.24,3,13000.0,2400.0,measure,2,1,1596.6323536589578,139.0851684845984
5,0.241,3,13000.0,2400.0,measure,1,0,899.3716223014928,180.43475574813783
5,0.242,3,13000.0,2400.0,measure,1,0,925.880134875317,172.9167124722153
5,0.243,3,13000.0,2400.0,measure,1,0,952.7773668946044,172.91665426455438
5,0.244,3,13000.0,2400.0,measure,1,0,980.1233063930579,165.39855278097093
5,0.245,3,13000.0,2400.0,measure,1,1,1005.017057411742,172.91668336838484
5,0.246,3,13000.0,2400.0,measure,1,1,1032.6710504471966,165.39852367714047
5,0.247,3,13000.0,2400.0,measure,1,1,1057.461476469708,172.91668336838484
5,0.248,3,13000.0,2400.0,measure,1,1,1085.5148028996255,165.39852367714047
5,0.249,3,13000.0,2400.0,measure,1,1,1110.2916811353543,172.91668336838484
5,0.25,3,13000.0,2400.0,measure,1,1,1138.1416148247404,165.3985818848014
5,0.251,3,13000.0,2400.0,measure,2,1,1163.3075875088866,90.21737787406892
5,0.252,3,13000.0,2400.0,measure,2,1,1190.7684215758409,90.2174215298146
5,0.253,3,13000.0,2400.0,measure,2,1,1216.4483150576539,97.73546480573714
5,0.254,3,13000.0,2400.0,measure,2,1,1243.395227033438,101.494588307105
5,0.255,3,13000.0,2400.0,measure,2,1,1269.288052036881,109.01267523877323
5,0.256,3,13000.0,2400.0,measure,2,1,1296.2632651964507,112.77175508439541
5,0.257,3,13000.0,2400.0,measure,2,1,1323.6719964576575,124.04893641360104
5,0.258,3,13000.0,2400.0,measure,2,1,1349.5677260733728,124.04890730977058
5,0.259,3,13000.0,2400.0,measure,2,1,1378.4658083791048,131.56705244909972
5,0.26,3,13000.0,2400.0,measure,2,1,1403.113420949214,146.6032408643514
5,0.261,3,13000.0,2400.0,measure,2,1,1431.3481233936423,150.36234981380403
5,0.262,3,13000.0,2400.0,measure,2,1,1457.0280213647798,161.63947293534875
5,0.263,3,13000.0,2400.0,measure,2,1,1483.9749343486296,169.1576326265931
5,0.264,3,13000.0,2400.0,measure,2,1,1511.062267797292,184.19386469759047
5,0.265,3,13000.0,2400.0,measure,2,1,1538.0382187309474,195.47103147488087
5,0.266,3,13000.0,2400.0,measure,2,1,1559.098051249469,199.23009676858783
5,0.267,3,13000.0,2400.0,measure,2,1,1573.919234289907,176.6757050063461
5,0.268,3,13000.0,2400.0,measure,2,1,1594.6165464508038,150.3623352618888
5,0.269,3,13000.0,2400.0,measure,2,1,1636.3734321203083,105.25359539315104
5,0.27,3,13000.0,2400.0,measure,1,0,909.3395795760281,172.91662516072392
5,0.271,3,13000.0,2400.0,measure,1,0,935.2770977055943,180.4347848519683
5,0.272,3,13000.0,2400.0,measure,1,0,962.3375505686018,172.91662516072392
5,0.273,3,13000.0,2400.0,measure,1,0,988.5937527643466,165.3985818848014
5,0.274,3,13000.0,2400.0,measure,1,1,1014.9833575564412,172.91665426455438
5,0.275,4,10000.0,2400.0,settle,1,1,1040.8872334242835,165.39855278097093
5,0.276,4,10000.0,2400.0,settle,1,1,1062.743516685312,165.3985818848014
5,0.277,4,10000.0,2400.0,settle,1,1,1084.5922498137354,172.91668336838484
5,0.278,4,10000.0,2400.0,settle,1,1,1106.7031504194472,172.91668336838484
5,0.279,4,10000.0,2400.0,settle,1,1,1127.3045490493294,172.91668336838484
5,0.28,4,10000.0,2400.0,settle,2,1,1149.0304556998526,90.21737787406892
5,0.281,4,10000.0,2400.0,settle,2,1,1170.5435807327867,93.97647227160633
5,0.282,4,10000.0,2400.0,settle,2,1,1191.8726017009158,93.97647227160633
5,0.283,4,10000.0,2400.0,settle,2,1,1213.5131439600573,101.49453009944409
5,0.284,4,10000.0,2400.0,settle,2,1,1235.9725620334457,105.25365360081196
5,0.285,4,10000.0,2400.0,settle,2,1,1258.4314607213148,112.77175508439541
5,0.286,4,10000.0,2400.0,settle,2,1,1280.0839053502737,120.28981291223317
5,0.287,4,10000.0,2400.0,settle,2,1,1301.4638652773601,127.80798715539277
5,0.288,4,10000.0,2400.0,settle,2,1,1322.5901770216137,135.32610319089144
5,0.289,4,10000.0,2400.0,settle,2,1,1344.9363886396666,142.84419012255967
5,0.29,4,10000.0,2400.0,measure,2,1,1366.1754976731008,150.3623352618888
5,0.291,4,10000.0,2400.0,measure,2,1,1387.4976266529563,154.12140055559576
5,0.292,4,10000.0,2400.0,measure,2,1,1409.8979537864088,161.63948748726398
5,0.293,4,10000.0,2400.0,measure,2,1,1432.0159414757536,172.91668336838484
5,0.294,4,10000.0,2400.0,measure,2,1,1454.0928496994613,180.4347848519683
5,0.295,4,10000.0,2400.0,measure,2,1,1476.4568176663793,191.71198073308915
5,0.296,4,10000.0,2400.0,measure,2,1,1499.0111690066342,202.98914751037955
5,0.297,4,10000.0,2400.0,measure,2,1,1520.199520205519,214.26629973575473
5,0.298,4,10000.0,2400.0,measure,2,1,1540.198119792017,214.26631428766996
5,0.299,4,10000.0,2400.0,measure,2,1,1555.7416198134888,191.71196618117392
5,0.3,4,10000.0,2400.0,measure,2,1,1567.0228160642348,176.6757050063461
5,0.301,4,10000.0,2400.0,measure,2,1,1582.5768932700157,161.63947293534875
5,0.302,4,10000.0,2400.0,measure,2,1,1606.272183696036,139.08513938076794
5,0.303,4,10000.0,2400.0,measure,1,0,944.3964522259469,195.4709878191352
5,0.304,4,10000.0,2400.0,measure,1,0,966.4263662553446,195.47101692296565
5,0.305,4,10000.0,2400.0,measure,1,0,988.8117087533819,195.4710460267961
5,0.306,4,10000.0,2400.0,measure,1,1,1009.8137696142624,195.4709878191352
5,0.307,4,10000.0,2400.0,measure,1,1,1031.786398352477,195.4710460267961
5,0.308,4,10000.0,2400.0,measure,1,1,1052.739394279862,195.47101692296565
5,0.309,4,10000.0,2400.0,measure,1,1,1074.7921917115173,187.95288633555174
5,0.31,4,10000.0,2400.0,measure,2,1,1096.440224307982,97.73553756531328
5,0.311,4,10000.0,2400.0,measure,2,1,1117.669181696929,105.2536244969815
5,0.312,4,10000.0,2400.0,measure,2,1,1139.7723142106095,112.77172598056495
5,0.313,4,10000.0,2400.0,measure,2,1,1162.138113527963,116.53082037810236
5,0.314,4,10000.0,2400.0,measure,2,1,1183.6013277270445,120.28985656797886
5,0.315,4,10000.0,2400.0,measure,2,1,1204.9293148289512,127.80795805156231
5,0.316,4,10000.0,2400.0,measure,2,1,1227.3187556892703,135.32608863897622
5,0.317,4,10000.0,2400.0,measure,2,1,1248.8649676699217,139.08513938076794
5,0.318,4,10000.0,2400.0,measure,2,1,1270.6581158352335,146.60328452009708
5,0.319,4,10000.0,2400.0,measure,2,1,1292.709197248254,150.36232070997357
5,0.32,4,10000.0,2400.0,measure,2,1,1315.2635435750194,157.88043674547225
5,0.321,4,10000.0,2400.0,measure,2,1,1337.7090242731635,165.3985818848014
5,0.322,4,10000.0,2400.0,measure,2,1,1358.8978265608218,180.4347848519683
5,0.323,4,10000.0,2400.0,measure,2,1,1380.9946459895443,187.95288633555174
5,0.324,4,10000.0,2400.0,measure,2,1,1403.5489950661681,199.23012587241828
5,0.325,4,10000.0,2400.0,measure,2,1,1425.2721621404526,206.74818370025605
5,0.326,4,10000.0,2400.0,measure,2,1,1447.8265088741264,218.02535047754645
5,0.327,4,10000.0,2400.0,measure,2,1,1469.9358261352133,229.30256091058254
5,0.328,4,10000.0,2400.0,measure,2,1,1490.244475395879,221.7844157712534
5,0.329,4,10000.0,2400.0,measure,2,1,1510.842907148899,202.9891184065491
5,0.33,4,10000.0,2400.0,measure,2,1,1532.0303272255408,206.74819825217128
5,0.331,4,10000.0,2400.0,measure,2,1,1546.1170793130213,191.71193707734346
5,0.332,4,10000.0,2400.0,measure,2,1,1556.5767221582623,180.43481395579875
5,0.333,4,10000.0,2400.0,measure,2,1,1570.3362800477064,165.39852367714047
5,0.334,4,10000.0,2400.0,measure,2,1,1588.898623422802,154.12138600368053
5,0.335,4,10000.0,2400.0,measure,2,1,1616.5712316121376,127.80798715539277
5,0.336,4,10000.0,2400.0,measure,1,1,1013.2084741123929,195.4709878191352
5,0.337,4,10000.0,2400.0,measure,1,1,1035.2167111430492,195.4710460267961
5,0.338,4,10000.0,2400.0,measure,1,1,1057.0730386801663,195.47101692296565
5,0.339,4,10000.0,2400.0,measure,2,1,1079.4033749437592,97.7354939095676
5,0.34,5,16000.0,3000.0,settle,2,1,1101.3800221597842,101.494588307105
5,0.341,5,16000.0,3000.0,settle,2,1,1135.2233565467766,112.77172598056495
5,0.342,5,16000.0,3000.0,settle,2,1,1168.2052505771003,124.04890730977058
5,0.343,5,16000.0,3000.0,settle,2,1,1203.6251030455696,135.32608863897622
5,0.344,5,16000.0,3000.0,settle,2,1,1237.2100810583015,146.6032408643514
5,0.345,5,16000.0,3000.0,settle,2,1,1272.1166859372072,154.12140055559576
5,0.346,5,16000.0,3000.0,settle,2,1,1307.4547461862837,172.91665426455438
5,0.347,5,16000.0,3000.0,settle,2,1,1342.1846055609376,184.19389380142093
5,0.348,5,16000.0,3000.0,settle,2,1,1378.235985970938,195.47101692296565
5,0.349,5,16000.0,3000.0,settle,2,1,1412.6548251180454,214.26632883958519
5,0.35,5,16000.0,3000.0,settle,2,1,1447.2197007206785,229.30256091058254
5,0.351,5,16000.0,3000.0,settle,2,1,1480.80742057023,199.23006766475737
5,0.352,5,16000.0,3000.0,settle,2,1,1514.3766812438707,195.4710460267961
5,0.353,5,16000.0,3000.0,settle,2,1,1543.2762953433212,180.4347848519683
5,0.354,5,16000.0,3000.0,settle,2,1,1562.1654691285123,165.39856733288616
5,0.355,5,16000.0,3000.0,measure,2,1,1583.7021834629388,146.60326996818185
5,0.356,5,16000.0,3000.0,measure,2,2,1612.9843329134233,120.2898274641484
5,0.357,5,16000.0,3000.0,measure,1,1,1066.0468556498713,172.91668336838484
5,0.358,5,16000.0,3000.0,measure,2,1,1100.2029699573234,82.69926183857024
5,0.359,5,16000.0,3000.0,measure,2,1,1135.1383174436014,93.97647227160633
5,0.36,5,16000.0,3000.0,measure,2,1,1169.4049726506807,97.7354939095676
5,0.361,5,16000.0,3000.0,measure,2,1,1204.8933676851448,105.2536244969815
5,0.362,5,16000.0,3000.0,measure,2,1,1238.9635139543343,120.28987111989409
5,0.363,5,16000.0,3000.0,measure,2,1,1273.5085114678395,124.04887820594013
5,0.364,5,16000.0,3000.0,measure,2,1,1309.4767334371977,135.32611774280667
5,0.365,5,16000.0,3000.0,measure,2,1,1343.5569030520303,150.36230615805835
5,0.366,5,16000.0,3000.0,measure,2,1,1377.810025587678,157.88045129738748
5,0.367,5,16000.0,3000.0,measure,2,1,1412.6240259263961,176.67573411017656
5,0.368,5,16000.0,3000.0,measure,2,1,1447.7797657574147,187.9529154393822
5,0.369,5,16000.0,3000.0,measure,2,1,1483.0636474388566,202.98914751037955
5,0.37,5,16000.0,3000.0,measure,2,1,1515.9694061583002,195.4709878191352
5,0.371,5,16000.0,3000.0,measure,2,1,1549.9041504416139,180.4347848519683
5,0.372,5,16000.0,3000.0,measure,2,1,1570.038452199748,161.63945838343352
5,0.373,5,16000.0,3000.0,measure,2,1,1591.199219833608,139.0851684845984
5,0.374,5,16000.0,3000.0,measure,2,1,1632.1853491599145,101.49457375518978
5,0.375,5,16000.0,3000.0,measure,1,1,1011.7931224985196,172.91665426455438
5,0.376,5,16000.0,3000.0,measure,1,1,1047.1691936652503,165.3985818848014
5,0.377,5,16000.0,3000.0,measure,1,1,1080.8701119082255,172.91668336838484
5,0.378,5,16000.0,3000.0,measure,2,1,1115.380799588324,86.45835623610765
5,0.379,5,16000.0,3000.0,measure,2,1,1150.4125621118958,97.7354939095676
5,0.38,5,16000.0,3000.0,measure,2,1,1183.7700230072105,101.494588307105
5,0.381,5,16000.0,3000.0,measure,2,1,1219.4912005881113,109.01264613494277
5,0.382,5,16000.0,3000.0,measure,2,1,1253.5261741339293,120.28987111989409
5,0.383,5,16000.0,3000.0,measure,2,1,1287.592630515891,127.80795805156231
5,0.384,5,16000.0,3000.0,measure,2,1,1322.6406652735086,142.84421922639012
5,0.385,5,16000.0,3000.0,measure,2,1,1356.814828878586,150.36234981380403
5,0.386,5,16000.0,3000.0,measure,2,1,1392.8462589815767,161.63948748726398
5,0.387,5,16000.0,3000.0,measure,2,1,1426.9625548389083,180.43479940388352
5,0.388,5,16000.0,3000.0,measure,2,1,1461.136784667197,191.71192252542824
5,0.389,5,16000.0,3000.0,measure,2,1,1496.0078714698295,210.50726354587823
5,0.39,5,16000.0,3000.0,measure,2,1,1528.7998267064704,184.19382104184479
5,0.391,5,16000.0,3000.0,measure,2,1,1559.591063359088,169.1576326265931
5,0.392,5,16000.0,3000.0,measure,2,1,1578.2452354813406,150.36229160614312
5,0.393,5,16000.0,3000.0,measure,2,1,1604.8597186576856,127.80795805156231
5,0.394,5,16000.0,3000.0,measure,1,0,986.2022140215889,172.9167124722153
5,0.395,5,16000.0,3000.0,measure,1,1,1020.7294523295037,172.91662516072392
5,0.396,5,16000.0,3000.0,measure,1,1,1055.6843953963835,165.3985818848014
5,0.397,5,16000.0,3000.0,measure,1,1,1089.9648105259985,172.91662516072392
5,0.398,5,16000.0,3000.0,measure,2,1,1123.9668314043558,86.45835623610765
5,0.399,5,16000.0,3000.0,measure,2,1,1159.3462776259653,93.97641406394541
5,0.4,5,16000.0,3000.0,measure,2,1,1193.381251802996,105.25363904889673
5,0.401,5,16000.0,3000.0,measure,2,1,1227.447708184958,112.77172598056495
5,0.402,5,16000.0,3000.0,measure,2,1,1262.2617128231054,124.04893641360104
5,0.403,5,16000.0,3000.0,measure,2,1,1296.2404159562927,131.56705244909972
5,0.404,5,16000.0,3000.0,measure,2,1,1332.2629367134402,142.84419012255967
5,0.405,6,13000.0,3600.0,settle,2,1,1366.250019287027,157.88045129738748
5,0.406,6,13000.0,3600.0,settle,2,1,1398.2723637171796,169.15760352276266
5,0.407,6,13000.0,3600.0,settle,2,1,1430.4368365132673,176.6757486620918
5,0.408,6,13000.0,3600.0,settle,2,1,1462.917839700493,191.71192252542824
5,0.409,6,13000.0,3600.0,settle,2,1,1495.323304631959,210.50726354587823
5,0.41,6,13000.0,3600.0,settle,2,1,1526.9910523490792,221.7844157712534
5,0.411,6,13000.0,3600.0,settle,2,1,1555.2945193397165,210.50726354587823
5,0.412,6,13000.0,3600.0,settle,2,1,1573.8636675599932,176.6757050063461
5,0.413,6,13000.0,3600.0,settle,2,1,1598.8189817364446,150.36234981380403
5,0.414,6,13000.0,3600.0,settle,2,1,1643.7349064896505,105.2536244969815
5,0.415,6,13000.0,3600.0,settle,1,0,994.113319460075,195.47101692296565
5,0.416,6,13000.0,3600.0,settle,1,1,1025.7774057093945,195.47101692296565
5,0.417,6,13000.0,3600.0,settle,2,1,1058.4559848327008,105.25363904889673
5,0.418,6,13000.0,3600.0,settle,2,1,1090.883366852665,116.53084948193282
5,0.419,6,13000.0,3600.0,settle,2,1,1123.6410914776297,124.04890730977058
5,0.42,6,13000.0,3600.0,measure,2,1,1156.0964615300024,131.5670378971845
5,0.421,6,13000.0,3600.0,measure,2,1,1187.7807993329611,146.60325541626662
5,0.422,6,13000.0,3600.0,measure,2,1,1220.5230881424018,161.63951659109443
5,0.423,6,13000.0,3600.0,measure,2,1,1253.0251394775582,172.91665426455438
5,0.424,6,13000.0,3600.0,measure,2,1,1285.262414870631,187.95288633555174
5,0.425,6,13000.0,3600.0,measure,2,1,1318.254003705891,202.9891184065491
5,0.426,6,13000.0,3600.0,measure,2,1,1350.7606441768385,218.0253795813769
5,0.427,6,13000.0,3600.0,measure,2,1,1382.9979203092519,233.0615825485438
5,0.428,6,13000.0,3600.0,measure,2,1,1414.756314465549,251.85687991324812
5,0.429,6,13000.0,3600.0,measure,2,1,1446.528467360983,225.5434519611299
5,0.43,6,13000.0,3600.0,measure,2,1,1477.703757276668,210.507248993963
5,0.431,6,13000.0,3600.0,measure,2,1,1509.6648956004594,202.9891184065491
5,0.432,6,13000.0,3600.0,measure,2,1,1539.253815308325,202.98913295846432
5,0.433,6,13000.0,3600.0,measure,2,2,1557.8135768587272,187.95288633555174
5,0.434,6,13000.0,3600.0,measure,2,2,1577.480117413339,172.91665426455438
5,0.435,6,13000.0,3600.0,measure,3,2,1602.71810273116,90.21739242598414
5,0.436,6,13000.0,3600.0,measure,2,1,1113.9815757009992,127.80795805156231
5,0.437,6,13000.0,3600.0,measure,2,1,1146.055415901764,135.32608863897622
5,0.438,6,13000.0,3600.0,measure,2,1,1179.4072540047075,150.36229160614312
5,0.439,6,13000.0,3600.0,measure,2,1,1211.6050056010665,161.63953114300966
5,0.44,6,13000.0,3600.0,measure,2,1,1244.3604665439946,172.91665426455438
5,0.441,6,13000.0,3600.0,measure,2,1,1277.6711009471526,191.71199528500438
5,0.442,6,13000.0,3600.0,measure,2,1,1309.8627004536545,202.9891184065491
5,0.443,6,13000.0,3600.0,measure,2,1,1342.5586225751501,218.02540868520737
5,0.444,6,13000.0,3600.0,measure,2,1,1375.8548900105916,233.0615825485438
5,0.445,6,13000.0,3600.0,measure,2,1,1407.9859091700137,251.8569235689938
5,0.446,6,13000.0,3600.0,measure,2,1,1439.064083490194,259.37496684491634
5,0.447,6,13000.0,3600.0,measure,2,1,1470.5934036519027,225.54351016879082
5,0.448,6,13000.0,3600.0,measure,2,1,1502.4839384917161,221.7844157712534
5,0.449,6,13000.0,3600.0,measure,2,1,1531.4735462345625,214.26629973575473
5,0.45,6,13000.0,3600.0,measure,2,1,1549.2831674958418,199.23006766475737
5,0.451,6,13000.0,3600.0,measure,2,2,1568.0126671213657,176.67573411017656
5,0.452,6,13000.0,3600.0,measure,3,2,1589.5174308066553,112.77175508439541
5,0.453,6,13000.0,3600.0,measure,3,2,1625.3121367127108,45.10872531682253
5,0.454,6,13000.0,3600.0,measure,2,1,1129.9915020242008,131.56700879335403
5,0.455,6,13000.0,3600.0,measure,2,1,1162.783412555615,146.6032990720123
5,0.456,6,13000.0,3600.0,measure,2,1,1195.418942024283,154.12135689985007
5,0.457,6,13000.0,3600.0,measure,2,1,1227.5245651708485,165.39855278097093
5,0.458,6,13000.0,3600.0,measure,2,1,1260.5894356458762,184.19383559376
5,0.459,6,13000.0,3600.0,measure,2,1,1294.093047985562,195.4709878191352
5,0.46,6,13000.0,3600.0,measure,2,1,1326.0315726490844,210.507248993963
5,0.461,6,13000.0,3600.0,measure,2,1,1359.4691360503534,229.30253180675209
5,0.462,6,13000.0,3600.0,measure,2,1,1392.344824212942,244.33880753349513
5,0.463,6,13000.0,3600.0,measure,2,1,1423.767084478478,259.3749813968316
5,0.464,6,13000.0,3600.0,measure,2,1,1455.143205405564,236.820662394166
5,0.465,6,13000.0,3600.0,measure,2,1,1486.325032061462,225.5434519611299
5,0.466,6,13000.0,3600.0,measure,2,1,1518.6990953289567,214.26632883958519
5,0.467,6,13000.0,3600.0,measure,2,1,1540.281299736852,206.74818370025605
5,0.468,6,13000.0,3600.0,measure,2,2,1559.1967806700834,184.19383559376
5,0.469,6,13000.0,3600.0,measure,2,2,1577.795467105572,172.91665426455438
5,0.47,7,16000.0,2400.0,settle,3,2,1605.437494890016,82.69923273473978
5,0.471,7,16000.0,2400.0,settle,2,1,1114.8175541925561,124.04889275785536
5,0.472,7,16000.0,2400.0,settle,2,1,1147.2711413305692,139.0851684845984
5,0.473,7,16000.0,2400.0,settle,2,1,1179.4747605515447,146.6032408643514
5,0.474,7,16000.0,2400.0,settle,2,1,1211.910048237959,150.36234981380403
5,0.475,7,16000.0,2400.0,settle,2,1,1243.9477087520227,157.88042219355702
5,0.476,7,16000.0,2400.0,settle,2,1,1276.769861121414,172.91669792030007
5,0.477,7,16000.0,2400.0,settle,2,1,1309.4194928350894,180.43475574813783
5,0.478,7,16000.0,2400.0,settle,2,1,1341.361550434509,191.71199528500438
5,0.479,7,16000.0,2400.0,settle,2,1,1374.2562298330784,206.74816914834082
5,0.48,7,16000.0,2400.0,settle,2,1,1406.6361046938614,218.02540868520737
5,0.481,7,16000.0,2400.0,settle,2,1,1437.4535203625271,202.98910385463387
5,0.482,7,16000.0,2400.0,settle,2,1,1468.6028302914137,191.71198073308915
5,0.483,7,16000.0,2400.0,settle,2,1,1499.7775099878108,187.9528717836365
5,0.484,7,16000.0,2400.0,settle,2,1,1530.161912261578,187.9529154393822
5,0.485,7,16000.0,2400.0,measure,2,1,1546.668138432191,169.15761807467788
5,0.486,7,16000.0,2400.0,measure,2,1,1564.7402069062346,150.36229160614312
5,0.487,7,16000.0,2400.0,measure,2,2,1586.0544755612373,135.32608863897622
5,0.488,7,16000.0,2400.0,measure,2,2,1615.798732525379,105.2536244969815
5,0.489,7,16000.0,2400.0,measure,1,1,1079.7274204378482,157.88042219355702
5,0.49,7,16000.0,2400.0,measure,1,1,1111.5178771932085,157.88048040121794
5,0.491,7,16000.0,2400.0,measure,1,1,1142.9329225349995,157.88042219355702
5,0.492,7,16000.0,2400.0,measure,1,1,1175.1056782778282,150.36232070997357
5,0.493,7,16000.0,2400.0,measure,1,1,1205.623141893206,150.36226250231266
5,0.494,7,16000.0,2400.0,measure,2,1,1237.3874107372822,78.94022564869374
5,0.495,7,16000.0,2400.0,measure,2,1,1268.8739411386905,86.45831258036196
5,0.496,7,16000.0,2400.0,measure,2,1,1300.3601675723864,93.97647227160633
5,0.497,7,16000.0,2400.0,measure,2,1,1332.756848741405,93.97642861586064
5,0.498,7,16000.0,2400.0,measure,2,1,1363.901720625984,101.49460285902023
5,0.499,7,16000.0,2400.0,measure,2,1,1395.51177235262,105.25359539315104
5,0.5,7,16000.0,2400.0,measure,2,1,1426.9389131592598,116.53083493001759
5,0.501,7,16000.0,2400.0,measure,2,1,1459.6091142257515,120.2898274641484
5,0.502,7,16000.0,2400.0,measure,2,1,1490.8665424335818,127.80801625922322
5,0.503,7,16000.0,2400.0,measure,2,1,1522.8067143269632,135.32605953514576
5,0.504,7,16000.0,2400.0,measure,2,1,1555.5462082995782,154.12140055559576
5,0.505,7,16000.0,2400.0,measure,2,1,1576.220519767711,146.60326996818185
5,0.506,7,16000.0,2400.0,measure,2,1,1601.1322495095164,142.84421922639012
5,0.507,7,16000.0,2400.0,measure,1,0,774.1889557540784,218.0253795813769
5,0.508,7,16000.0,2400.0,measure,1,0,803.0819352730492,210.507248993963
5,0.509,7,16000.0,2400.0,measure,1,0,840.7119482095974,180.4347848519683
5,0.51,7,16000.0,2400.0,measure,1,0,875.252371815105,165.39855278097093
5,0.511,7,16000.0,2400.0,measure,1,0,907.4653498828411,165.39852367714047
5,0.512,7,16000.0,2400.0,measure,1,0,939.3996756025333,157.88048040121794
5,0.513,7,16000.0,2400.0,measure,1,0,970.6681048667018,157.88042219355702
5,0.514,7,16000.0,2400.0,measure,1,1,1001.6602156961491,157.88048040121794
5,0.515,7,16000.0,2400.0,measure,1,1,1033.3641347152968,150.36229160614312
5,0.516,7,16000.0,2400.0,measure,1,1,1064.0912262649026,157.88048040121794
5,0.517,7,16000.0,2400.0,measure,1,1,1095.481300112317,157.8803639858961
5,0.518,7,16000.0,2400.0,measure,1,1,1126.1261218728928,157.88048040121794
5,0.519,7,16000.0,2400.0,measure,1,1,1158.0232345707007,157.8803639858961
5,0.52,7,16000.0,2400.0,measure,1,1,1189.613114937069,157.88048040121794
5,0.521,7,16000.0,2400.0,measure,1,1,1221.3281664083263,150.36226250231266
5,0.522,7,16000.0,2400.0,measure,1,1,1252.511039229059,157.88048040121794
5,0.523,7,16000.0,2400.0,measure,2,1,1284.4977045961475,82.69924728665501
5,0.524,7,16000.0,2400.0,measure,2,1,1316.271518500926,86.45837078802288
5,0.525,7,16000.0,2400.0,measure,2,1,1348.8936657086015,93.97641406394541
5,0.526,7,16000.0,2400.0,measure,2,1,1380.264666428358,97.73553756531328
5,0.527,7,16000.0,2400.0,measure,2,1,1411.253969375294,101.49457375518978
5,0.528,7,16000.0,2400.0,measure,2,1,1443.526863046672,109.01270434260368
5,0.529,7,16000.0,2400.0,measure,2,1,1475.784324703379,116.53080582618713
5,0.53,7,16000.0,2400.0,measure,2,1,1507.6600606468076,124.04890730977058
5,0.531,7,16000.0,2400.0,measure,2,1,1538.6952046111862,131.56706700101495
5,0.532,7,16000.0,2400.0,measure,2,1,1566.1810053733725,135.32608863897622
5,0.533,7,16000.0,2400.0,measure,2,1,1586.9619728904704,131.5670378971845
5,0.534,7,16000.0,2400.0,measure,2,1,1615.4744948905247,116.53080582618713
5,0.535,8,16000.0,3600.0,settle,1,0,757.6421446203133,195.4710460267961
5,0.536,8,16000.0,3600.0,settle,1,0,778.9759896880988,225.54351016879082
5,0.537,8,16000.0,3600.0,settle,1,0,800.8124629892678,263.134075794369
5,0.538,8,16000.0,3600.0,settle,1,0,847.6040911668309,202.98914751037955
5,0.539,8,16000.0,3600.0,settle,1,0,889.1469431747804,187.95288633555174
5,0.54,8,16000.0,3600.0,settle,1,0,926.3867592192134,172.9167124722153
5,0.541,8,16000.0,3600.0,settle,1,0,965.6640506572093,165.39852367714047
5,0.542,8,16000.0,3600.0,settle,1,1,1002.0662390496796,165.3985818848014
5,0.543,8,16000.0,3600.0,settle,1,1,1039.353493696363,165.39855278097093
5,0.544,8,16000.0,3600.0,settle,2,1,1076.5060252542125,86.45835623610765
5,0.545,8,16000.0,3600.0,settle,2,1,1114.1614133061241,97.73552301339805
5,0.546,8,16000.0,3600.0,settle,2,1,1151.041935603282,109.01264613494277
5,0.547,8,16000.0,3600.0,settle,2,1,1188.1588721998792,120.28988567180932
5,0.548,8,16000.0,3600.0,settle,2,1,1225.2697796944626,135.326074087061
5,0.549,8,16000.0,3600.0,settle,2,1,1262.8603604171287,150.3623352618888
5,0.55,8,16000.0,3600.0,measure,2,1,1300.4509327525236,165.39856733288616
5,0.551,8,16000.0,3600.0,measure,2,1,1338.0415163268617,180.43477030005306
5,0.552,8,16000.0,3600.0,measure,2,1,1375.632095539819,195.47103147488087
5,0.553,8,16000.0,3600.0,measure,2,1,1413.0065111234658,214.26632883958519
5,0.554,8,16000.0,3600.0,measure,2,1,1449.6592944355639,218.0253795813769
5,0.555,8,16000.0,3600.0,measure,2,1,1485.0954917658653,187.9529154393822
5,0.556,8,16000.0,3600.0,measure,2,1,1521.4402145440026,180.43475574813783
5,0.557,8,16000.0,3600.0,measure,2,1,1555.7721831501774,176.67573411017656
5,0.558,8,16000.0,3600.0,measure,2,1,1577.9895211934395,157.88043674547225
5,0.559,8,16000.0,3600.0,measure,2,2,1605.329862892783,135.32608863897622
5,0.56,8,16000.0,3600.0,measure,2,1,1072.3130014942897,97.73550846148282
5,0.561,8,16000.0,3600.0,measure,2,1,1110.096849024698,109.01267523877323
5,0.562,8,16000.0,3600.0,measure,2,1,1147.5007033321817,116.53080582618713
5,0.563,8,16000.0,3600.0,measure,2,1,1185.297332153414,127.80797260347754
5,0.564,8,16000.0,3600.0,measure,2,1,1222.8879098993534,142.8442046744749
5,0.565,8,16000.0,3600.0,measure,2,1,1260.4784871963905,154.1213714517653
5,0.566,8,16000.0,3600.0,measure,2,1,1298.2099988641073,169.15760352276266
5,0.567,8,16000.0,3600.0,measure,2,1,1336.0268523758589,187.95292999129742
5,0.568,8,16000.0,3600.0,measure,2,1,1373.8448696196579,202.98913295846432
5,0.569,8,16000.0,3600.0,measure,2,1,1411.6252108912636,221.78443032316864
5,0.57,8,16000.0,3600.0,measure,2,1,1448.5723204695835,236.820662394166
5,0.571,8,16000.0,3600.0,measure,2,1,1484.7850491074907,202.9891184065491
5,0.572,8,16000.0,3600.0,measure,2,1,1520.8162887912417,191.71198073308915
5,0.573,8,16000.0,3600.0,measure,2,1,1551.6870111847918,184.19383559376
5,0.574,8,16000.0,3600.0,measure,2,1,1574.2861786442488,161.63948748726398
5,0.575,8,16000.0,3600.0,measure,2,2,1600.1586809841474,139.08513938076794
5,0.576,8,16000.0,3600.0,measure,2,1,1071.5012768089562,97.73550846148282
5,0.577,8,16000.0,3600.0,measure,2,1,1108.4360809510817,109.01267523877323
5,0.578,8,16000.0,3600.0,measure,2,1,1146.0266616123984,116.53080582618713
5,0.579,8,16000.0,3600.0,measure,2,1,1183.454878925232,127.80797260347754
5,0.58,8,16000.0,3600.0,measure,2,1,1221.04545702388,139.08513938076794
5,0.581,8,16000.0,3600.0,measure,2,1,1258.636034231595,154.1213714517653
5,0.582,8,16000.0,3600.0,measure,2,1,1296.371158150809,169.15760352276266
5,0.583,8,16000.0,3600.0,measure,2,1,1333.9617393280523,184.19386469759047
5,0.584,8,16000.0,3600.0,measure,2,1,1371.8106228442211,202.98913295846432
5,0.585,8,16000.0,3600.0,measure,2,1,1409.8209977802362,221.78443032316864
5,0.586,8,16000.0,3600.0,measure,2,1,1446.5889303674162,236.820662394166
5,0.587,8,16000.0,3600.0,measure,2,1,1482.7900850865508,199.23006766475737
5,0.588,8,16000.0,3600.0,measure,2,1,1519.0083341083812,195.47106057871133
5,0.589,8,16000.0,3600.0,measure,2,1,1551.0403581690955,184.19383559376
5,0.59,8,16000.0,3600.0,measure,2,1,1572.2531326381222,161.63948748726398
5,0.591,8,16000.0,3600.0,measure,2,2,1599.6379650527647,142.84421922639012
5,0.592,8,16000.0,3600.0,measure,2,1,1070.2109794713595,97.73550846148282
5,0.593,8,16000.0,3600.0,measure,2,1,1107.6951851870972,101.49457375518978
5,0.594,8,16000.0,3600.0,measure,2,1,1145.155622461059,112.77175508439541
5,0.595,8,16000.0,3600.0,measure,2,1,1182.746197663219,124.04892186168581
5,0.596,8,16000.0,3600.0,measure,2,1,1220.3367755587924,135.32605953514576
5,0.597,8,16000.0,3600.0,measure,2,1,1257.9273530054636,150.36232070997357
5,0.598,8,16000.0,3600.0,measure,2,1,1295.5179277587213,165.39855278097093
5,0.599,8,16000.0,3600.0,measure,2,1,1333.556534118636,184.19386469759047
5,0.6,8,16000.0,3600.0,measure,2,1,1371.4077694184737,202.98913295846432
