time_s,vtk_index,droplet_in_frame,x_min_um,x_max_um,x_centroid_um,L_um,w_um,V_nL,n_cells,V1_nL,c1,V2_nL,c2,V3_nL,c3,dye_closure_err,dye_outside_frac,dye_dry_frac,core_bias_strict,asym_strict
0.0,35490,0,5020.000040531158,5940.000060945749,5458.55725571158,920.0000204145908,760.000002628658,178.68880851235812,6000,46.82962779402036,0.2620736473867171,62.94976145283151,0.35228709608009895,68.90941926550626,0.3856392565331839,6.481796526288765e-10,0.06853036928616858,0.0014406134363922846,0.0388903891865654,-0.10705721969948917
0.35471,35990,0,5180.000094696879,6100.00011511147,5619.026237251568,920.0000204145908,760.000002628658,178.34479413432942,6000,46.89043543126013,0.2629201242394674,62.6927503912695,0.35152554183358603,68.76160831179979,0.3855543339269466,2.8776063754558473e-10,0.07069312354204907,0.001428390198889607,0.04559060798200254,-0.09453521859405306
0.35971,36490,0,5339.999916031957,6259.9999364465475,5776.953715608406,920.0000204145908,760.000002628658,177.9330727684202,6000,46.997351922909765,0.264129378488713,62.3414251789161,0.3503644612491654,68.59429566659433,0.3855061602621216,2.393182835345205e-10,0.07289567048272844,0.0013700524623029829,0.04796436031768897,-0.09244992969139298
0.36471,36990,0,5499.999970197678,6419.999990612268,5935.138456616531,920.0000204145908,760.000002628658,178.1943341482572,6000,47.227973763662064,0.2650363379363595,62.273571350345975,0.34946998538424084,68.69278903424916,0.3854936766793996,1.2175879708824952e-09,0.07142536908785972,0.001301376435416235,0.040796888836726664,-0.09459668341175065
0.36971,37490,0,5660.000024363399,6580.000044777989,6094.398050488508,920.0000204145908,760.000002628658,178.28088178404593,6000,47.19143660499047,0.2647027327481704,62.37399634025872,0.3498636293251746,68.71544883879673,0.3854336379266549,3.0251384159125035e-11,0.07090973362853359,0.0013676553701394197,0.0332153849357929,-0.10204049844877822
0.39971,40490,0,3499.999991618097,4419.999895617366,3993.032809844894,919.999903999269,680.000004649628,140.48008589359378,6000,38.218191285202096,0.27205415658807575,44.21483437740429,0.31474094065471087,58.04706023098739,0.4132049027572133,2.783695410571229e-10,0.07528312394368517,0.0017169347208674933,-0.05439618134112317,-0.20635385809079662
0.41971,42490,0,4299.999913200736,5099.999951198697,4673.5635514867445,800.000037997961,760.000002628658,140.11599965057962,5400,38.612032223907256,0.2755718998558173,44.50787949918871,0.317650229882256,56.996087927483636,0.40677787026192663,2.2013475898181253e-10,0.07760838105568421,0.0015821979486705974,-0.038993592051506265,-0.16941816879057586
0.42971,43490,0,4620.000021532178,5420.000059530139,5000.2583703449145,800.000037997961,760.000002628658,139.52020336441743,5400,38.672387988955464,0.27718127594715275,44.3723656532636,0.3180354141067724,56.47544972219837,0.4047833099460748,4.769493443828504e-10,0.08237858865942807,0.0016793743079933907,-0.02456117127461932,-0.14886129820728933
0.44471,44990,0,5099.999951198697,5899.999989196658,5482.568447705347,800.000037997961,760.000002628658,138.881294064926,5400,38.55880364234701,0.27763856826046746,44.427411217744776,0.31989485349247454,55.89507920483421,0.402466578247058,2.818806612907615e-10,0.08675738737335194,0.0018881145756744465,-0.030699483192990706,-0.1387096095034463
0.44971,45490,0,5260.000005364418,6060.000043362379,5645.04003124708,800.000037997961,760.000002628658,138.9969281491317,5400,38.72070312613122,0.2785723658913329,44.383945298480135,0.3193160157529525,55.89227972452034,0.40211161835571474,8.510775664540157e-12,0.08651816589765535,0.0018410127387899695,-0.0381894968217838,-0.1286864917542218
0.45471,45990,0,5420.000059530139,6220.0000975281,5807.179724497682,800.000037997961,760.000002628658,138.91021837821427,5400,38.82182114894748,0.27947419277137947,44.25640915644459,0.3185972182114535,55.8319880728222,0.401928589017167,1.2550412890523947e-09,0.08721759887116211,0.0017399053654300679,-0.046826376134439796,-0.12227816850044382
0.45971,46490,0,5579.999880865216,6379.999918863177,5971.251909733341,800.000037997961,760.000002628658,139.04830753704752,5400,38.95294888063012,0.2801396836150029,44.39644514913753,0.31928792184190163,55.698913507279855,0.40057239454309534,8.602273715524993e-10,0.08590000499519986,0.0016545123988234032,-0.0453435707300211,-0.11416406374217264
0.46471,46990,0,5739.999935030937,6539.999973028898,6135.545495679218,800.000037997961,760.000002628658,139.32134195712425,5400,39.06947114988664,0.2804270372439433,44.627956628261785,0.32032390731633864,55.62391417897581,0.39924905543971806,7.936637524134877e-10,0.08370558088794629,0.0017933163322662949,-0.03974036712547374,-0.11369542195447813
0.48971,49490,0,3980.000037699938,4820.00014744699,4313.190972208581,840.0001097470522,760.000002628658,125.10459503271446,5400,39.96372805212798,0.3194425276040228,38.55348199074129,0.3081699915231705,46.5873849898452,0.37238748087280676,8.44582744753568e-10,0.08857315693598561,0.0020369987389117273,-0.0818652919766843,-0.08580468247381218
0.57971,58490,0,3540.000063367188,4740.000003948808,4125.515013994998,1199.9999405816197,640.000005660113,209.55733201365157,7200,77.52861746453974,0.3699637551192394,54.64522808505416,0.2607650496404216,77.38348646405768,0.3692711952403391,7.217729724575153e-11,0.060421389476467,0.001278342929969891,-0.10332633714811712,-0.059900287223631776
0.58471,58990,0,3739.9999564513564,4900.000058114529,4305.252357177798,1160.0001016631722,680.000004649628,209.34901206141183,7200,78.46556875479328,0.37480744705771846,54.11869298399816,0.25850942620222456,76.76475032262043,0.36668312674005715,5.370754030560864e-10,0.0616778581397564,0.0014050422830779305,-0.11735293699852495,-0.04176745877181631
0.58971,59490,0,3939.9999659508467,5060.00011228025,4477.289671528969,1120.000146329403,720.000003639143,209.48518389932968,7000,78.59164119391106,0.3751656309578395,54.08561724550608,0.2581834965068341,76.80792545991255,0.36665087253532647,5.580981531819055e-10,0.061153948317539515,0.001500452741149639,-0.12749631615918638,-0.025685479095621633
0.59471,59990,0,4100.000020116568,5219.999933615327,4642.892735688248,1119.9999134987593,720.000003639143,209.6347268381222,7000,78.37406901318771,0.3738601432848832,54.33011033231227,0.2591656027212773,76.93054749262221,0.3669742539938395,5.640291269512249e-10,0.06083774499484211,0.0014481930872115836,-0.13038947465557443,-0.029131334681203158
0.59971,60490,0,4260.000074282289,5379.999987781048,4806.214861810665,1119.9999134987593,720.000003639143,209.34355761738334,7000,77.96856868339587,0.37244312445429445,54.44709195203147,0.2600848699225045,76.92789698195601,0.36747200562320104,2.7125473891682598e-11,0.06246671488593636,0.0014794694806325591,-0.12662842280955752,-0.039282192555037176
0.60471,60990,0,4419.999895617366,5540.000041946769,4967.534003149991,1120.000146329403,720.000003639143,209.0057294546725,7000,77.5841630137969,0.3712059148628398,54.61192957375618,0.2612939354162537,76.80963686711941,0.3675001497209065,8.283590977847111e-10,0.06416477039254716,0.0015675628512987867,-0.12037352533529216,-0.04090548339392308
0.60971,61490,0,4579.999949783087,5699.999863281846,5125.721209233078,1119.9999134987593,760.000002628658,209.49159855348688,6800,77.64140016963627,0.37061820476687546,54.87011807559285,0.2619203751103343,76.98008030825775,0.3674614201227902,3.0427968342280614e-10,0.0615144512035088,0.0014913644688452463,-0.117001803989019,-0.04505498545377257
0.61471,61990,0,4740.000003948808,5820.0000785291195,5283.95734325662,1080.0000745803118,760.000002628658,209.4215716338644,6800,78.0028547410983,0.3724680993105721,54.459586084685746,0.2600476429424302,76.95913080808036,0.3674842577469976,3.6408848994768535e-10,0.0618282349640882,0.001475863205890871,-0.1240676684041882,-0.04159528023206355
0.61971,62490,0,4940.00012986362,5980.00013269484,5442.791279280013,1040.0000028312206,760.000002628658,209.40786763743859,6600,78.40555891864476,0.374415535591974,54.10424557319846,0.2583677785539207,76.89806314559536,0.36721668585410533,3.3824710562680673e-10,0.06204695910116775,0.0013344714584748788,-0.1297714226605496,-0.028052151206096665
0.62471,62990,0,5099.999951198697,6139.999954029918,5600.642287579882,1040.0000028312206,760.000002628658,209.38310195653966,6600,78.52683900285096,0.375039046938708,54.3194495946321,0.2594261384374124,76.53681335905661,0.3655348146238796,1.262400374293869e-10,0.06225575074971889,0.0013135550891769866,-0.13293946416202174,-0.017768162703812707
0.62971,63490,0,5260.000005364418,6300.000008195639,5758.404473557669,1040.0000028312206,760.000002628658,209.0865469977021,6600,78.44503265071828,0.37517972235478353,54.48878681307375,0.26060398239621124,76.15272753391004,0.36421629524900506,7.356649643226975e-10,0.06332984962545639,0.0012753631961734656,-0.13239712066200365,-0.005586655331353274
0.63471,63990,0,5420.000059530139,6460.00006236136,5914.751420946855,1040.0000028312206,760.000002628658,209.19372804007352,6600,78.17264965568634,0.37368543688227335,54.77191385120201,0.2618238814536055,76.24916453318517,0.36449068166412113,1.1389112500295176e-10,0.06310802950685718,0.0013092962547685035,-0.13079595089464968,-0.0030336002982570553
0.63971,64490,0,5579.999880865216,6619.999883696437,6071.187199574815,1040.0000028312206,760.000002628658,209.48559945501958,6600,78.22977946123731,0.373437504366665,54.72833314549532,0.261251051565702,76.52748684828696,0.365311444067633,7.709884121055533e-10,0.06194930047317557,0.0012877694975002268,-0.13007549910967448,-0.002365413565616703
0.68971,69490,0,3499.999991618097,4620.000021532178,4024.8661825669183,1120.000029914081,640.000005660113,195.2866808791944,7000,60.93136428799516,0.3120098309504666,60.61754148202504,0.3104028457502611,73.73777510917421,0.37758732329927236,9.393385274681245e-10,0.06381414831774232,0.0012315159917868645,-0.021665636515763365,-0.13691580172114687
0.69471,69990,0,3660.0000457838178,4780.000075697899,4199.428122180365,1120.000029914081,680.000004649628,195.29047460184267,7000,61.69580936696486,0.31591817006308165,59.992286179359944,0.3071951476469702,73.60237905551787,0.3768866822899482,5.589427818233562e-10,0.06388656526301485,0.001333171468307456,-0.04166375659038574,-0.112662055033249
0.69971,70490,0,3819.999983534217,4940.00012986362,4370.459033168726,1120.000146329403,720.000003639143,194.6964101397248,7000,61.54243060910692,0.3160943263665761,59.862993028946995,0.3074683964947583,73.29098650167086,0.3764372771386655,2.098502333527831e-10,0.06691439227744608,0.0013560560713842833,-0.05316373584724077,-0.1125497964645249
0.70471,70990,0,4020.000109449029,5099.999951198697,4540.111084291193,1079.9998417496681,720.000003639143,194.7826542042456,6600,61.99166939856304,0.318260728358079,59.77466889486284,0.30687880878850843,73.01631591081971,0.37486046285341257,3.178537696235241e-11,0.0657759964570442,0.0012964934209147051,-0.06072030325928218,-0.10187705627988936
0.70971,71490,0,4140.000091865659,5260.000005364418,4706.355975000351,1119.9999134987593,720.000003639143,194.598619027203,7000,62.24822460338165,0.3198800942913164,59.72715651231177,0.30692487341835917,72.62323791150956,0.3731950322903244,1.5739151588019352e-11,0.06727121123049369,0.0014300807311014713,-0.06182904695878688,-0.0871297169601592
0.71471,71990,0,4299.999913200736,5420.000059530139,4870.130170465894,1120.000146329403,720.000003639143,194.6864349971433,7000,62.32218838883217,0.3201157203877437,59.70989401886721,0.3066977625829111,72.65435258944392,0.37318651702934513,8.754300799104863e-11,0.06692343198968365,0.0014940223943762062,-0.058381662723881456,-0.07620341645853879
0.71971,72490,0,4500.000039115548,5579.999880865216,5033.5522846407175,1079.9998417496681,760.000002628658,193.8111635460949,6800,62.22851657573368,0.3210780815571216,59.40073804104981,0.30648770150395543,72.18190892931136,0.3724342169389229,2.6549479787751427e-10,0.07091233515871614,0.001475146236630985,-0.05485017176725637,-0.06432145507657383
0.72471,72990,0,4659.999860450625,5739.999935030937,5192.192035837229,1080.0000745803118,760.000002628658,193.66471667570835,6600,62.15650212284983,0.32094902566548,59.33521874313045,0.3063811506898662,72.17299580972808,0.37266982364465384,4.109120686684547e-10,0.07138318130886104,0.0014151562196741967,-0.051044465116217796,-0.06218747842746841
0.72971,73490,0,4780.000075697899,5860.000150278211,5349.860643127988,1080.0000745803118,760.000002628658,193.36433399943562,6600,61.94950104249619,0.32037708175633367,59.37779513487349,0.30707728724702044,72.03703782206593,0.3725456309966459,1.0338622223418496e-09,0.07240574331049669,0.0014261524408754793,-0.04872779035761554,-0.06732276536271037
0.73471,73990,0,4940.00012986362,6019.999971613288,5508.543675169028,1079.9998417496681,760.000002628658,193.40995278340742,6800,61.940192285066885,0.3202533861038237,59.45951053027596,0.3074273566307234,72.01024996806457,0.37231925726545295,3.351487504277429e-10,0.07226410358178201,0.0015068133142365282,-0.053815792835092746,-0.0713270169637889
0.73971,74490,0,5099.999951198697,6180.000025779009,5668.999904791505,1080.0000745803118,760.000002628658,193.01550363784582,6800,62.00928153939637,0.3212658069983027,59.43255127846896,0.3079159453946353,71.57367081998048,0.37081824760706195,1.2365932723248554e-10,0.07393450739227625,0.0014525150729908748,-0.05276047059022787,-0.06555626466274617
0.74471,74990,0,5260.000005364418,6340.00007994473,5827.905338226644,1080.0000745803118,760.000002628658,193.4903270379535,6800,62.00952011419682,0.3204786568066192,59.70451729793583,0.3085659020371838,71.77628962582087,0.37095544115619694,3.050636163624998e-10,0.07146615270797663,0.0013599326464825933,-0.04752056849094599,-0.06055816428467453
0.74971,75490,0,5420.000059530139,6499.999901279807,5985.1760507655445,1079.9998417496681,760.000002628658,193.04149097701497,6800,61.65188539835777,0.3193711625740527,59.71103292265403,0.30931709354526116,71.67857265600318,0.37131174388068616,2.0250575522414534e-10,0.07344655384553089,0.001409841646779275,-0.04067127578706203,-0.05945198202614638
0.75471,75990,0,5619.999952614307,6659.999955445528,6144.519749398676,1040.0000028312206,760.000002628658,192.97457174648972,6600,61.847104365124615,0.3204935438145344,59.62519430982212,0.3089795394812515,71.502273071543,0.37052691670421417,2.139580433258684e-11,0.0723944869138804,0.0013451552665364774,-0.04375959900208287,-0.05404032152742505
0.80971,81490,0,3540.000063367188,4820.00014744699,4176.783660707222,1280.000084079802,640.000005660113,208.11213503682973,7600,77.09961066154678,0.37047147994470586,64.80090676618704,0.31137495540430254,66.21161760909592,0.3181535646509917,9.8030092152732e-10,0.06454817865670445,0.001372546065448719,-0.04737280000724431,-0.0026696065938518476
0.81471,81990,0,3739.9999564513564,4979.999968782067,4356.208912493287,1240.000012330711,680.000004649628,208.44242177989395,7600,77.3785882886858,0.37122284239430975,65.07753238679086,0.31220867533150176,65.98630110441728,0.3165684822741885,2.0175413659171642e-11,0.0629939496710738,0.0015086532249960452,-0.053104635519293564,0.007497294258944021
0.81971,82490,0,3939.9999659508467,5140.000022947788,4533.206848909102,1200.0000569969416,680.000004649628,207.73874411436572,7400,77.1435305019102,0.3713487863363641,65.32924957295995,0.3144779268377326,65.26596403949554,0.3141732868259033,3.114360653846124e-10,0.06637065332062539,0.0015396227670990532,-0.04820352834103525,0.019623295749543634
0.82471,82990,0,4140.000091865659,5300.000077113509,4705.700346145864,1159.9999852478504,720.000003639143,207.9411372947518,7200,77.54626298909355,0.3729241072639393,65.48774931675902,0.3149340730205377,64.90712498889926,0.3121418197155231,8.692191019867986e-10,0.06507185045457607,0.0015731371114241553,-0.04336531223782114,0.035214273493508697
0.82971,83490,0,4299.999913200736,5459.9998984485865,4871.851093248349,1159.9999852478504,720.000003639143,207.89048065160762,7200,77.95536299452931,0.3749828407254995,65.29354271268149,0.31407663548627507,64.64157494439678,0.3109405237882253,3.9326823461587586e-10,0.06507715428805243,0.0015694458446744903,-0.04141804366204538,0.04454781090703658
0.83471,83990,0,4459.999967366457,5579.999880865216,5032.876747352027,1119.9999134987593,760.000002628658,208.02658655273783,7000,78.03209158508996,0.37510634038744695,65.65286458500691,0.3155984322627095,64.34163038264093,0.3092952273498435,9.758381594125844e-10,0.06387422983705417,0.0014557432674269166,-0.03660356177026358,0.04868742525591996
0.83971,84490,0,4620.000021532178,5739.999935030937,5194.674071515567,1119.9999134987593,760.000002628658,207.60824892426254,6800,77.99857342471171,0.3757007432453531,65.72437521702354,0.3165788236140868,63.88530028252729,0.3077204331405601,8.050359372174913e-11,0.06481707277629138,0.0012861508238022114,-0.033397015228929905,0.059107411461859605
0.84471,84990,0,4859.9999863654375,5899.999989196658,5359.0012021128705,1040.0000028312206,760.000002628658,206.86939021408122,6600,78.09627012550744,0.3775148659967944,65.53590306693896,0.3167984543248199,63.23721702163483,0.3056866796783857,7.342873998284716e-10,0.06752913824979774,0.00134597294232307,-0.035076248152850875,0.08532690049538105
0.84971,85490,0,5020.000040531158,6060.000043362379,5517.579053341828,1040.0000028312206,760.000002628658,207.5157355521957,6600,78.3263996658063,0.37744800150880675,65.80223323257454,0.31709514971226616,63.38710265381487,0.3054568487789271,1.239547020372557e-10,0.06434205838629924,0.0013501989703741408,-0.028929620307970805,0.10478115361291263
0.85471,85990,0,5180.000094696879,6220.0000975281,5674.952719602982,1040.0000028312206,760.000002628658,207.54441466787839,6600,78.24256222695296,0.37699189521510423,65.9773465054816,0.3178950713323769,63.32450593544385,0.305113033452519,4.136733010617714e-10,0.06417124875599937,0.0012886645720701728,-0.02375470600114954,0.10938306029953204
0.85971,86490,0,5339.999916031957,6379.999918863177,5832.562168016314,1040.0000028312206,760.000002628658,207.22999077973097,6600,78.16728619869536,0.3772006450638749,66.26314922116703,0.31975656116107004,62.79955535986857,0.30304279377505505,7.321972508370668e-10,0.0658896573029732,0.0013724467618050293,-0.01737174827751653,0.11671625782557404
0.86471,86990,0,5459.9998984485865,6539.999973028898,5989.80006512121,1080.0000745803118,760.000002628658,207.632940932322,6800,78.45632906750934,0.3778607031968121,66.3041859486729,0.3193336551076679,62.872425916139775,0.30280564169552004,3.6623913303188957e-10,0.06459854586902228,0.0014540528501550776,-0.013790136723243918,0.12308771434617821
0.86971,87490,0,5660.000024363399,6700.000027194619,6147.576778675438,1040.0000028312206,760.000002628658,208.0345769262474,6400,78.52510430758879,0.3774617924953292,66.30715601226501,0.31873141951672906,63.202316606393616,0.30380678798794175,7.031954083436324e-11,0.06174649287117205,0.0012260322271340166,-0.010910226524881494,0.12219445023970821
0.92971,93490,0,3140.0000443682075,4859.9999863654375,4232.397822626617,1719.99994199723,600.0000066705979,187.73646259961325,10000,55.14419518822072,0.29373193904173583,58.33506888365186,0.31072849714902445,74.25719852774067,0.3955395638092397,2.3511220125718084e-10,0.07272447569276345,0.0017757223619883347,-0.04262165891460867,-0.1664435548114745
0.93471,93990,0,3939.9999659508467,5020.000040531158,4427.024431726351,1080.0000745803118,680.000004649628,187.26879949755048,6800,55.48400173953567,0.2962800097421536,58.35453596262355,0.311608426599578,73.43026179539127,0.39211156365826844,2.0910440132853415e-10,0.06555332778589593,0.0012788934660900892,-0.05445022050827514,-0.14590600817889854
0.93971,94490,0,4100.000020116568,5140.000022947788,4600.6130155401825,1040.0000028312206,680.000004649628,186.71225083668787,6600,55.145588939898076,0.29535067298895357,58.59704839015856,0.31383612016659695,72.96961350663123,0.3908132068444495,8.593819681180499e-10,0.06819299633109158,0.0014054654454841993,-0.04565802753004411,-0.13948013106398838
0.94471,94990,0,4299.999913200736,5300.000077113509,4769.055451152091,1000.0001639127731,720.000003639143,187.36746501429738,6400,55.62051596515747,0.2968525830293603,58.97558703179244,0.3147589525603723,72.77136201734746,0.3883884644102674,1.2704672459276682e-10,0.06465476317039985,0.001343354712828412,-0.0334074462069035,-0.13271646591345793
0.94971,95490,0,4459.999967366457,5459.9998984485865,4931.786437069,999.9999310821295,720.000003639143,187.2188339787889,6400,55.37417001458927,0.2957724329212676,59.06830431293583,0.3155040711322239,72.7763596512638,0.38872349594650857,6.936740965948215e-10,0.06546067975662266,0.0013940718723917727,-0.022176823360540887,-0.13477719182574344
0.95471,95990,0,4579.999949783087,5619.999952614307,5092.812102389346,1040.0000028312206,720.000003639143,187.15409695773553,6600,55.19239873103109,0.2949035026654801,59.21556279830322,0.3164000348422813,72.74613542840125,0.3886964624922386,4.6321252225152933e-10,0.0659852567222794,0.0015130494597656763,-0.014025835199700576,-0.13918060361162865
0.95971,96490,0,4740.000003948808,5780.000006780028,5256.743247889771,1040.0000028312206,720.000003639143,186.73542785458835,6600,55.11017172096874,0.2951243497505104,59.13277032335466,0.3166660499442109,72.49248581026494,0.3882096003052786,5.443298084515198e-10,0.06804858059848626,0.0015471178347618655,-0.01248621237327413,-0.13091885038742473
0.96471,96990,0,4900.000058114529,5940.000060945749,5420.533838056407,1040.0000028312206,760.000002628658,186.5800183825718,6600,55.215391376786116,0.295934108354358,59.13763392524908,0.31695588004493974,72.22699308053662,0.3871100116007023,1.5827092864736466e-10,0.06897029699924574,0.0015653081184173172,-0.015388175507245916,-0.1226075430171602
0.96971,97490,0,5099.999951198697,6100.00011511147,5582.667938946182,1000.0001639127731,760.000002628658,186.36553795869867,6400,55.54729116522697,0.29805559425657907,58.80240393470306,0.3155218747992697,72.01584285876862,0.3864225309441512,5.786483187224764e-10,0.06967914024316375,0.0014777763452728484,-0.02174157379589281,-0.10916066374375477
0.97471,97990,0,5260.000005364418,6259.9999364465475,5741.620869394995,999.9999310821295,760.000002628658,186.72644245398996,6400,55.94749432504309,0.29962277216751854,58.734750793580716,0.31454972322976255,72.04419733536614,0.3858275046027189,7.245861800534604e-10,0.06780249005349165,0.001428586065733398,-0.028589383105165345,-0.1019155655652037
0.97971,98490,0,5379.999987781048,6419.999990612268,5902.114049603764,1040.0000028312206,760.000002628658,186.57799799182135,6600,55.85926080333256,0.2993882526587146,58.444037102988176,0.313241849157102,72.2747000855006,0.3873698981841833,4.86707557159337e-12,0.06855655028548836,0.0015633411817657216,-0.0307945132803773,-0.09652074646807501
0.98471,98990,0,5540.000041946769,6580.000044777989,6061.504690521746,1040.0000028312206,760.000002628658,186.1973837020518,6600,55.6046288318774,0.29863270754037274,58.20565731057682,0.31260190746673433,72.38709755959759,0.38876538499289304,3.600003524144132e-10,0.07013712809258478,0.0015496735161256447,-0.027159975891080268,-0.09984351117189227
1.02471,102990,0,3339.999937452376,4380.000056698918,3830.822231230442,1040.0001192465425,680.000004649628,183.2253365244924,6600,65.42664732231145,0.35708296987390514,63.45635327877393,0.34632957691575306,54.34233592340702,0.2965874532103418,1.008616042999875e-09,0.05930263541129599,0.0012193127065764646,0.03502421772365255,-0.004725752438405284
1.02971,103490,0,3499.999991618097,4539.999878033996,4004.1810769796803,1039.9998864158988,720.000003639143,182.86349369148076,6600,65.76708466603567,0.3596512531746496,63.23320144675234,0.34579456057772046,53.8632075786927,0.29455418624762986,7.303438132744661e-11,0.0610854720395406,0.001347115798164621,0.03361083347448279,0.0021006561345014996
1.03471,103990,0,3700.000001117587,4699.999932199717,4173.377625223875,999.9999310821295,720.000003639143,182.6355257702781,6200,66.32133380390033,0.3631349022824857,62.73164183036307,0.34347995312405943,53.5825501360147,0.2933851445934549,9.66976154170144e-10,0.061647713528803744,0.0012388663859878573,0.01942982245609126,0.014559506145764067
1.03971,104490,0,3859.999938867986,4859.9999863654375,4337.66957029887,1000.0000474974513,720.000003639143,182.5662848850202,6400,66.70522997777326,0.3653754033488935,62.411968068795005,0.34185922175116784,53.44908683845195,0.29276537489993865,8.393419669064122e-10,0.062419837751413416,0.0014001390541563987,0.01382897119751697,0.021877980450909218
1.04471,104990,0,3980.000037699938,5020.000040531158,4498.584033295365,1040.0000028312206,760.000002628658,182.2873744489557,6400,66.97752027266246,0.3674281912015666,62.14224757935514,0.3409026421451711,53.167606596938064,0.2916691666532622,6.756390716701468e-10,0.06405471867815922,0.0014638823615985563,0.005826592038695455,0.030699484274273492
1.04971,105490,0,4140.000091865659,5180.000094696879,4659.895912462678,1040.0000028312206,760.000002628658,181.7492739488419,6600,67.07003489281811,0.36902504992507834,61.87545340429264,0.3404440197197658,52.80378565173116,0.29053093035515604,5.068350423882966e-12,0.06715350400158913,0.0014359305844634726,-0.003076573388651027,0.0364119549087038
1.05471,105990,0,4299.999913200736,5339.999916031957,4821.071319181619,1040.0000028312206,760.000002628658,181.33533631991264,6600,67.04162241928192,0.3697107457368749,61.79352417423406,0.34076934715701324,52.50018972639668,0.289519907106112,5.876590518414529e-10,0.06936573833656222,0.001391426205132856,-0.012516668255829144,0.04840592046174441
1.05971,106490,0,4459.999967366457,5459.9998984485865,4981.032514792975,999.9999310821295,760.000002628658,181.10416289766255,6400,67.14563292238871,0.3707569823247578,61.74409101570325,0.3409313735686645,52.21443895957056,0.2883116441065777,6.402637851090659e-10,0.06991415218786448,0.0012749653058800998,-0.010723263187883247,0.06035767598201963
1.06471,106990,0,4659.999860450625,5619.999952614307,5143.220958503603,960.000092163682,760.000002628658,180.95748528217413,6200,67.28907199825649,0.3718501718419107,61.5483610165451,0.3401260849783048,52.12005226737255,0.28802374317978446,1.0140745691006244e-09,0.06979854296525217,0.0012326505330763544,-0.010694155305495334,0.07513924524584148
1.06971,107490,0,4820.00014744699,5780.000006780028,5303.270561916457,959.9998593330383,760.000002628658,180.92633660504444,6000,67.51418818444944,0.3731584326047038,61.44205097502019,0.33959705440311844,51.97009744557483,0.28724451299217785,2.496063636624892e-10,0.06916311455046996,0.0012339839148620185,-0.009784368883545502,0.0887645851181269
1.07471,107990,0,4979.999968782067,5940.000060945749,5461.2079339949305,960.000092163682,760.000002628658,180.92666629982452,6200,67.5615401271419,0.3734194715950913,61.44512836429666,0.33961344461226195,51.91999780838597,0.28696708379264674,1.4773115947055696e-10,0.07101776896600517,0.0013017312716806695,-0.00026578201680965696,0.09088641260636732
1.07971,108490,0,5140.000022947788,6220.0000975281,5625.525361037051,1080.0000745803118,760.000002628658,181.40738493272883,6800,67.96648482921269,0.37466217185378997,61.62835624796842,0.3397235248764653,51.81254385554775,0.2856143032697448,5.638877047070719e-10,0.07660728817402936,0.00168880633202293,0.002225787475831631,0.10009895722685186
1.08471,108990,0,5300.000077113509,6259.9999364465475,5781.906750395489,959.9998593330383,760.000002628658,181.47314159600592,6200,67.80255057404081,0.3736230605682813,61.89592256731425,0.34107483908063085,51.77466845465085,0.2853021003510879,2.410361927995944e-10,0.07484048124398061,0.0013843910240455637,0.0043571246105006955,0.10370355347621957
1.08971,109490,0,5499.999970197678,6419.999990612268,5941.637189424866,920.0000204145908,760.000002628658,181.89318797865582,6000,67.97596472407227,0.37371363644497163,61.86737967170722,0.34013027293230474,52.049843582876356,0.28615609062272374,6.535730456964758e-10,0.07212773980849735,0.0013478559828872506,-0.00024444661474715135,0.10485655352431167
1.09471,109990,0,5660.000024363399,6580.000044777989,6100.304931324433,920.0000204145908,760.000002628658,182.6635686657887,6000,68.43023041070002,0.3746244032706036,62.13658248848349,0.3401695419745795,52.09675576660516,0.28520605475481675,3.197532775498252e-10,0.06794546784423243,0.001316723101075883,-0.01699752979349778,0.11360158535467607
1.12971,113490,0,3499.999991618097,4539.999878033996,4033.358602776941,1039.9998864158988,720.000003639143,169.86430964643813,6600,58.39101146711524,0.3437509126469972,54.8546623568082,0.3229322420406307,56.618635822514705,0.33331684531237216,5.084276086744513e-10,0.06806293855004901,0.001723942703399299,-0.025540213910132725,-0.04490169516929188
1.13471,113990,0,3700.000001117587,4699.999932199717,4208.433574543656,999.9999310821295,720.000003639143,170.16541685439617,6200,58.64614839928838,0.34464199297010845,55.22039284000984,0.32451007884439736,56.298875615097955,0.33084792818549424,5.45376599230074e-11,0.06556036818341035,0.001676194135043301,-0.029900562197599845,-0.030036944453542214
1.13971,114490,0,3859.999938867986,4859.9999863654375,4377.714988707867,1000.0000474974513,720.000003639143,169.01540832783658,6400,58.20674621037901,0.3443872176285625,54.983271097336484,0.32531513926047667,55.825391020121074,0.33029764311096077,1.8073701610157137e-10,0.07246993964769825,0.0017809830423513794,-0.023820282046620733,-0.023070107419713715
1.14471,114990,0,4020.000109449029,5020.000040531158,4543.041628544874,999.9999310821295,760.000002628658,169.09231637679844,6200,58.396066658057954,0.3453502081545239,55.26506614982297,0.32683369258880185,55.431183568917504,0.32781609925667415,5.036843440832426e-10,0.0718386494738629,0.0016893210365323248,-0.012350337296136715,-0.019637377286011393
1.14971,115490,0,4220.000002533197,5180.000094696879,4707.146863265093,960.000092163682,760.000002628658,169.11552759344136,6200,58.54626834442371,0.34619096884569134,55.432470093887936,0.327778713656319,55.13678915512971,0.32603031749798966,2.1782496488339542e-10,0.07144417096223832,0.0017971024403141062,-0.0042979782503269615,-0.01068548651823198
1.15471,115990,0,4380.000056698918,5379.999987781048,4873.345704553362,999.9999310821295,760.000002628658,168.92210326129577,6400,58.51802939998475,0.34642020357434583,55.40633114977047,0.3279992971912364,54.99774271154055,0.3255804992344178,4.852635386655551e-10,0.07293337451706221,0.0018653380719542804,0.00471837687835952,-0.005061312772376925
1.15971,116490,0,4539.999878033996,5540.000041946769,5040.034650078373,1000.0001639127731,760.000002628658,168.24688534287242,6400,58.161825620236314,0.34569332740815734,55.20518196117467,0.3281200828691202,54.879877761461444,0.3261865897227224,2.120462367461559e-10,0.0766377668310728,0.0018217204627477372,0.010479262019167768,0.00170665571590356
1.16471,116990,0,4699.999932199717,5699.999863281846,5204.188525993345,999.9999310821295,760.000002628658,167.81727328896335,6200,58.1948307931421,0.3467749752609604,54.97484586079665,0.3275875288840849,54.647596635024605,0.3256374958549547,1.6566862776112367e-10,0.07842209751723116,0.0016350028697187894,0.01031469159219972,-0.0022878728014699146
1.16971,117490,0,4859.9999863654375,5860.000150278211,5367.291904419557,1000.0001639127731,760.000002628658,168.30738095251428,6400,58.50602225396443,0.3476141208000328,55.25073744599781,0.3282728133092754,54.550621252552034,0.3241130658906919,1.9560974498892249e-10,0.07615895602930232,0.0018034115148688344,0.010272658682759894,-6.608755517223397e-05
1.17471,117990,0,5020.000040531158,6019.999971613288,5529.587391019314,999.9999310821295,760.000002628658,168.31575436085524,6400,58.296157091423765,0.34634997367175485,55.59289254441824,0.3302892991539676,54.42670472501323,0.3233607271742776,6.378962699409358e-10,0.07595734995151614,0.001743159686070934,0.011062763172539514,0.00449065327064585
1.17971,118490,0,5180.000094696879,6180.000025779009,5691.058395817653,999.9999310821295,760.000002628658,168.14475464797437,6400,58.30017022843048,0.34672607153572493,55.4702241026797,0.3298956557926022,54.37436031686419,0.32337827267167285,1.3620634384563783e-10,0.07714497151136378,0.0017295346366794887,0.009784756243834347,0.012087566313600029
1.18471,118990,0,5339.999916031957,6340.00007994473,5854.3736195283245,1000.0001639127731,760.000002628658,167.6149310487489,6400,58.39453739557823,0.3483850575256619,55.1485802527477,0.32901949669810954,54.07181340042297,0.32259544577622856,1.15108371949757e-09,0.08050436515502062,0.0016146622936152092,0.004662665731977489,0.017540785917882218
1.18971,119490,0,5499.999970197678,6499.999901279807,6019.342351747496,999.9999310821295,760.000002628658,167.91032473695645,6400,58.80777110609174,0.3502332045287765,55.23735286922688,0.32896936478301825,53.865200761637844,0.3207974306882054,3.125986390237416e-10,0.0791216205002328,0.0016280495148719761,-0.002404739003050105,0.022841773375933516
1.19471,119990,0,5699.999863281846,6659.999955445528,6182.424559185865,960.000092163682,760.000002628658,168.2908315509068,6200,59.02246804119094,0.35071707411070135,55.29446301180669,0.32856491647366126,53.973900497909156,0.3207180094156373,7.713464726886368e-10,0.07641791819626399,0.0015169984824399574,-0.005914388873562937,0.03387026158605777
1.22971,123490,0,3499.999991618097,4579.999949783087,4033.4742491564643,1079.99995816499,720.000003639143,178.4639095212506,6800,55.97317426756508,0.31363861980676866,59.951562493015,0.3359310162701342,62.53917276067052,0.35043036392309707,9.316090807061214e-10,0.0692389615528415,0.001751206125950653,0.0027079930092303583,-0.10773171833242212
1.23471,123990,0,3700.000001117587,4740.000003948808,4207.202837495771,1040.0000028312206,720.000003639143,178.7499600232882,6600,56.726834317671816,0.3173529902344103,60.04065197746956,0.33589183443536014,61.982473728146815,0.34675517533022954,4.839166741231682e-10,0.06780340716327832,0.001730214961753194,-0.00020467761391729233,-0.0892004533134238
1.23971,124490,0,3859.999938867986,4900.000058114529,4374.4988406899065,1040.0001192465425,720.000003639143,178.79100084134646,6600,57.07568074854103,0.31923128390107397,59.896993970573405,0.3350112348424299,61.818326122232044,0.3457574812564962,1.9105283061640858e-10,0.06784836894066172,0.0016963375179507379,0.002156808061782589,-0.07451052486927068
1.24471,124990,0,4020.000109449029,5060.00011228025,4539.842324507047,1040.0000028312206,760.000002628658,178.05330682517865,6400,56.798609182364146,0.31899777766066295,59.605826167311996,0.33476393800333,61.64887147550252,0.34623828433600706,1.9026615478105906e-10,0.07136692915021306,0.0017470582479878738,-0.001791363963866921,-0.06372358143143653
1.24971,125490,0,4179.999930784106,5219.999933615327,4704.798370366275,1040.0000028312206,760.000002628658,177.91473447147192,6600,57.38774263440599,0.32255755997324626,59.00548620934684,0.3316503626562093,61.52150562771908,0.3457920773705444,1.7210812815319656e-10,0.07224399539835423,0.0018358197786898375,-0.0035424254550647793,-0.048002320041741486
1.25471,125990,0,4339.999984949827,5379.999987781048,4868.011068611122,1040.0000028312206,760.000002628658,177.73964212838962,6600,57.70484469482955,0.3246593950782609,58.82422862277032,0.3309572806514308,61.21056881078975,0.3443833242703083,4.316402306881693e-10,0.07327785064650749,0.001832091819137612,-0.007792220779894332,-0.03759686513398214
1.25971,126490,0,4500.000039115548,5540.000041946769,5033.012846190236,1040.0000028312206,760.000002628658,177.40467760961928,6600,57.64390461054901,0.3249288879371883,59.1507149677229,0.3334225216873065,60.61005803134736,0.3416485903755051,2.2027153818194655e-10,0.07530160046827326,0.0019196264030422574,-0.004854201634953037,-0.024201571119832233
1.26471,126990,0,4699.999932199717,5699.999863281846,5195.820496463682,999.9999310821295,760.000002628658,177.7940081617257,6200,57.890764528388836,0.32560582399227994,59.41507919577133,0.33417931127198586,60.488164437565516,0.34021486473573415,6.291208727802858e-10,0.07156405501218473,0.0016517812017914192,0.0033832612650153693,-0.018429414376496422
1.26971,127490,0,4859.9999863654375,5860.000150278211,5359.149312033136,1000.0001639127731,760.000002628658,177.7395126798668,6400,57.898046384556714,0.3257466249996928,59.49136123630455,0.3347109505327419,60.350105059005536,0.3395424244675653,2.291300418939913e-10,0.07450785041636876,0.0016550795103442639,0.005904402326724512,-0.00864109963466625
1.27471,127990,0,5020.000040531158,6019.999971613288,5520.049151327564,999.9999310821295,760.000002628658,178.36091964311106,6400,57.99057699205175,0.32513051125822423,59.83173941573207,0.3354531897203244,60.53860323532723,0.33941629902145126,6.710033921297308e-10,0.07179160489108803,0.0016838020930083433,0.008316460486924748,-0.0011582630053487142
1.27971,128490,0,5180.000094696879,6180.000025779009,5681.400929489189,999.9999310821295,760.000002628658,178.39468613689036,6400,58.0392043006209,0.3253415533693912,59.79785786147822,0.3351997705559044,60.55762397479123,0.3394586760747044,3.9772593056575074e-10,0.07156006629681752,0.0016294270576425382,0.004955414422390891,-0.0029580363014698463
1.28471,128990,0,5339.999916031957,6340.00007994473,5843.710156605305,1000.0001639127731,760.000002628658,178.77107479166173,6400,57.91170106439886,0.3239433511930756,60.102477485704654,0.3361979982262095,60.756896241558216,0.3398586505807149,2.572811153884701e-10,0.06897067211643533,0.0015980464683140454,0.0020830946930548433,-0.012490408348199589
1.28971,129490,0,5499.999970197678,6499.999901279807,6005.9328035148965,999.9999310821295,760.000002628658,178.64339787455148,6400,57.85042690591674,0.32383187732770835,60.13847694185815,0.336639795578055,60.65449402677656,0.3395283270942366,4.3882187308224164e-10,0.06915474940427777,0.001642761988221253,0.003295464768539147,-0.006964125894449613
1.29471,129990,0,5699.999863281846,6659.999955445528,6167.795488531056,960.000092163682,760.000002628658,178.7406273282326,6200,58.043687178357665,0.3247369556993241,60.0930783071872,0.3362026820955178,60.60386184268771,0.339060362205158,2.3605704199542796e-10,0.06778996641778294,0.0016659556290882702,-0.005967017177674228,-0.0036710902576059246
1.33971,134490,0,3339.999937452376,4539.999878033996,4023.371933648403,1199.9999405816197,720.000003639143,178.44166423577573,7400,50.20323343206408,0.28134255330487357,59.83559717238078,0.3353230167889476,68.40283363133086,0.3833344299061788,6.243173092798548e-10,0.07061514404417411,0.00168538805408194,0.0034287375892406713,-0.1744196380863538
1.34471,134990,0,3700.000001117587,4699.999932199717,4191.702287121449,999.9999310821295,720.000003639143,178.86357756892735,6200,50.43592419207395,0.2819798467501737,60.176638312479255,0.33643874918743266,68.25101506437416,0.38158140406239366,1.2064747348662223e-09,0.0643334934767327,0.0014899071023526177,-0.00812716133173702,-0.15329940400161152
1.34971,135490,0,3859.999938867986,4859.9999863654375,4357.5499634118005,1000.0000474974513,760.000002628658,178.77984042708954,6400,50.528548776701086,0.2826300138538706,59.871208373343,0.33488791706221394,68.38008327704546,0.3824820690839155,7.152016702212033e-10,0.06760657857213748,0.0015980780001403014,-0.011810138632761868,-0.13864087335250053
1.35471,135990,0,4020.000109449029,5020.000040531158,4522.351450165273,999.9999310821295,760.000002628658,178.3479172592136,6200,50.748685061045556,0.28454879564019037,59.36312615148865,0.3328501227474912,68.23610604667941,0.3826010816123185,5.630659489546701e-10,0.07159985581572054,0.001525488246330897,-0.010870890331361016,-0.1364803787127165
1.35971,136490,0,4179.999930784106,5219.999933615327,4688.684974619899,1040.0000028312206,760.000002628658,178.055303464226,6600,51.14777331731952,0.2872577919455001,59.179277520840124,0.3323645876840177,67.72825262606635,0.3803776203704821,3.1530240373232095e-10,0.07376188432704535,0.0018187352737778692,-0.009715880007161226,-0.12606191494541635
1.36471,136990,0,4339.999984949827,5379.999987781048,4854.027243431826,1040.0000028312206,760.000002628658,178.27637555367244,6600,51.31919993002268,0.2878631550066058,59.69121351453095,0.33482402437871034,67.26596210911882,0.37731282061468385,2.4607969365287767e-10,0.07243322127301574,0.0018121620803094288,0.0006640424319127591,-0.10456154541615742
1.36971,137490,0,4539.999878033996,5540.000041946769,5016.184959824296,1000.0001639127731,760.000002628658,178.0654910977945,6400,51.36187259619465,0.28844371966484195,59.754649613365686,0.3355768107844552,66.94896888823418,0.3759794695507028,4.2347001918491186e-10,0.07273859712788376,0.001733022500872023,0.0024000019720654686,-0.09684909561637284
1.37471,137990,0,4699.999932199717,5699.999863281846,5179.066681183396,999.9999310821295,760.000002628658,177.93858840427836,6200,51.553458598485605,0.2897261300137753,59.57487633221391,0.33480582748503745,66.81025347357884,0.37546804250118715,1.2521802116162915e-10,0.07261087913533315,0.0015710806405525137,0.001121115809012474,-0.08008380410278748
1.37971,138490,0,4859.9999863654375,5860.000150278211,5342.128105677702,1000.0001639127731,760.000002628658,177.40376927464348,6400,51.12849242926289,0.28820409306021855,59.45995949492256,0.33516739660063827,66.81531735045802,0.37662851033914313,4.3498273061829243e-10,0.07556726248378416,0.0017398963318789313,0.0012097854871317426,-0.07122493064425739
1.38471,138990,0,5060.00011228025,6019.999971613288,5504.600679010235,959.9998593330383,760.000002628658,177.8872191931537,6200,51.18077578814747,0.2877147443210875,60.12835411233575,0.33801390782913476,66.57808929267048,0.37427134784977767,6.285225352547517e-11,0.07271220887677021,0.0016898348074716656,0.006346687030028886,-0.07686845350671939
1.38971,139490,0,5219.999933615327,6180.000025779009,5665.636397665411,960.000092163682,760.000002628658,178.0432251277498,6200,51.05871575076648,0.28677707738741964,60.342952427278895,0.33892304738909074,66.64155694970442,0.3742998752234896,4.5355384323145194e-10,0.07180270810233037,0.0015863461621054545,0.008210167958759007,-0.08865057497104817
1.39471,139990,0,5379.999987781048,6340.00007994473,5824.0476568388785,960.000092163682,760.000002628658,177.91509241181018,6200,50.95597935527549,0.2864061652360021,60.401155745668184,0.3394942774492733,66.55795731086653,0.37409955731472466,5.5799443896458674e-11,0.07223988270746394,0.0015310862621531111,0.012828149133952915,-0.09066498812732005
1.39971,140490,0,5499.999970197678,6460.00006236136,5981.196015600708,960.000092163682,760.000002628658,177.8769171896959,6200,50.96730358660178,0.2865312958636897,60.40198651076917,0.33957180878255155,66.50762709232495,0.37389689535375886,8.543396080093287e-11,0.07171391375436621,0.0014699922126846466,0.014689224014527713,-0.09117306327951175
1.40471,140990,0,5660.000024363399,6619.999883696437,6138.729368622,959.9998593330383,760.000002628658,177.92920865607127,6200,50.907370474897924,0.28611025058454265,60.68662469252676,0.34107173943448005,66.33521348864656,0.3728180099809773,8.819181900135407e-11,0.07053832341124645,0.0015376981018214307,0.02333312258293918,-0.09027902650664033
1.44471,144990,0,3260.0000267848372,4419.999895617366,3850.5294147330865,1159.9998688325286,680.000004649628,193.6463346206214,7200,63.00389917370056,0.3253554956107663,69.34201145401919,0.3580858454660105,61.30042399290162,0.31655865892322316,4.3115589908244176e-10,0.06277951224327655,0.0012847485903666367,0.043121362303154165,-0.05189538854792958
1.44971,145490,0,3459.9999198690057,4579.999949783087,4021.758123742553,1120.000029914081,720.000003639143,192.95635784433398,7000,63.17880797294873,0.3274253757625221,69.03824513066974,0.3577920204441556,60.739304740715504,0.31478260379332235,1.3176996135272498e-10,0.06593673110766628,0.0014081789319273074,0.035933496447335456,-0.0444297095320087
1.45471,145990,0,3619.9999740347266,4740.000003948808,4188.8545530246265,1120.000029914081,720.000003639143,192.77775761641684,7000,63.2754257582237,0.32822990857756096,69.06252559624626,0.3582494497817778,60.439806261946885,0.3135206416406613,7.211237530699705e-10,0.0670545173871213,0.0015647147487950833,0.03514169059910588,-0.03320747425032178
1.45971,146490,0,3819.999983534217,4900.000058114529,4353.98217960449,1080.0000745803118,720.000003639143,193.3330360562407,6800,63.80377596535818,0.33002003830735693,69.06515915045829,0.35723413111025265,60.46410094042424,0.31274583058239047,2.431091124461326e-10,0.06430418847242875,0.0015281529654870235,0.0281075222955523,-0.023148094995243895
1.46471,146990,0,3980.000037699938,5060.00011228025,4516.72616101265,1080.0000745803118,720.000003639143,192.5137507862448,6600,63.74743275190705,0.33113184118825983,68.52259326497379,0.3559360979936284,60.243724769363965,0.3129320608181117,1.007690216254496e-09,0.0676508827758561,0.0015010456570714423,0.02543843827503156,-0.016206327753914618
1.46971,147490,0,4140.000091865659,5219.999933615327,4678.808287881791,1079.9998417496681,760.000002628658,192.23520661774785,6800,63.76116749551171,0.33168309082060227,68.31284272946843,0.35536072674401326,60.161196392767735,0.31295618243538453,6.537562732404157e-10,0.06909277999242883,0.0016105624514900212,0.030564485471726965,-0.014958753685338166
1.47471,147990,0,4299.999913200736,5379.999987781048,4841.641132378534,1080.0000745803118,760.000002628658,191.99466026132308,6800,63.94960829658879,0.33308013988278246,68.1918251240074,0.3551756336931027,59.853226840726904,0.3117442264241148,1.484737595295603e-10,0.07069589769747428,0.0016296385804041912,0.03881661065974068,-0.0059205600291630245
1.47971,148490,0,4459.999967366457,5660.000024363399,5005.750650229344,1200.0000569969416,760.000002628658,192.8356051134575,7400,64.4199931911321,0.33406690197709965,68.56137715189955,0.3555431431428886,59.854234770425855,0.31038995488001186,2.415509622886321e-10,0.07166671396299246,0.001965496953131997,0.048124193608832966,0.0063213184168888215
1.48471,148990,0,4620.000021532178,5699.999863281846,5161.814196810414,1079.9998417496681,760.000002628658,193.21061779360647,6600,64.76472655829524,0.3352027300460211,68.79579635690595,0.3560663339444199,59.650094878405284,0.308730936009559,3.525924485955062e-10,0.06784250097529297,0.0014658338660873428,0.05526641713100722,0.017336941140009887
1.48971,149490,0,4780.000075697899,5860.000150278211,5319.37551909401,1080.0000745803118,760.000002628658,193.13049814305168,6600,64.7303861399461,0.33516397856541713,69.00155179415863,0.35727941706570454,59.39856020894694,0.30755660436887833,6.175922714623009e-10,0.06827134606927515,0.0016849822999589216,0.06016505607810563,0.030737719862690027
1.49471,149990,0,4940.00012986362,6019.999971613288,5475.596375354457,1079.9998417496681,760.000002628658,192.77735858343186,6800,64.81411732105958,0.3362122906825117,68.74223243009324,0.3565887246055526,59.22100883227905,0.3071989847119358,4.763180184365876e-10,0.07005607221112245,0.001693080890662802,0.0634840705010663,0.04425685198881735
1.49971,150490,0,5060.00011228025,6139.999954029918,5632.305722408723,1079.9998417496681,760.000002628658,192.96904987666878,6800,64.8783105504379,0.3362109653952445,68.87526381209213,0.35692388938076847,59.215475514138745,0.30686514522398695,1.7901460010106948e-10,0.06904908669027293,0.00152687209046598,0.06681102975626663,0.05357801894753378
1.50471,150990,0,5260.000005364418,6300.000008195639,5791.4451291204105,1040.0000028312206,760.000002628658,192.7959908809073,6600,64.80573215939216,0.336136305860341,68.94229468636289,0.3575919518417241,59.04796403515222,0.30627174229793475,1.611534080721806e-10,0.06934077969275078,0.0014439497831441937,0.06589217967525518,0.06049112909169274
1.50971,151490,0,5420.000059530139,6460.00006236136,5950.315620528402,1040.0000028312206,760.000002628658,192.96632859993775,6600,64.9924594042949,0.3368072547985238,69.0360071464627,0.3577619351902048,58.937862049180126,0.30543081001127126,1.126952951765795e-10,0.06783792671782715,0.0014029609692595803,0.06758092173149077,0.06218931227096813
1.51471,151990,0,5579.999880865216,6619.999883696437,6109.241023599069,1040.0000028312206,760.000002628658,192.12718887522433,6600,64.78167867557872,0.337181213418215,68.62139848831076,0.35716651500520546,58.72411171133489,0.3056522715765797,7.346940422554323e-10,0.07116708132747442,0.0013437932588240644,0.06524692420890221,0.06728777707124312
1.57471,157990,0,2979.9999902024865,4859.9999863654375,4201.097674746385,1879.999996162951,680.000004649628,217.0285166917191,10800,74.5160106150003,0.3433466336631122,69.20107262874181,0.31885705014073956,73.31143344797698,0.33779631619614825,2.882194392354512e-10,0.07130890257866382,0.0018286951326945986,-0.025862996348855638,-0.035152900056217184
1.57971,158490,0,3780.0000282004476,5020.000040531158,4388.4896114227295,1240.000012330711,720.000003639143,216.07583154980497,7600,74.59840881849692,0.34524179906396496,68.9291449099819,0.31900441810445557,72.54827782132617,0.3357537828315795,3.3110664500808176e-11,0.067497624218627,0.0015347726429303845,-0.023784685821915064,-0.026213460843024672
1.58471,158990,0,3980.000037699938,5180.000094696879,4558.488934171991,1200.0000569969416,720.000003639143,216.19119449813215,7200,74.34101964301834,0.3438670100121059,69.26778158199419,0.32040056831543456,72.58239327311964,0.3357324216724596,2.0675335768248287e-11,0.06628268337424857,0.0014824974760845103,-0.01932987285959381,-0.026521670630579086
1.58971,159490,0,4140.000091865659,5300.000077113509,4722.706265099805,1159.9999852478504,760.000002628658,216.1043467509303,7200,74.18696441579831,0.3432923285957873,69.283306973969,0.3206011726076988,72.63407536116299,0.33610649879651394,3.0394567997956363e-10,0.06671929454393365,0.0014444259303206773,-0.013499031535593231,-0.029409545834042317
1.59471,159990,0,4299.999913200736,5459.9998984485865,4884.486597680014,1159.9999852478504,760.000002628658,216.34757370006088,7200,74.35497392160941,0.34368295724311365,69.27565752452185,0.3202053821993121,72.71694225392964,0.3361116605575743,2.844238286227875e-10,0.06565563504884184,0.001470381747316076,-0.011960690598283474,-0.026433625483144818
1.59971,160490,0,4459.999967366457,5619.999952614307,5046.070836953681,1159.9999852478504,760.000002628658,216.21774445856457,7200,74.48162685032774,0.3444750893912003,69.20686748045198,0.32007949973650107,72.52925012778486,0.3354454108722986,7.813182234981815e-10,0.06596309923354289,0.0014906170615405032,-0.008225880719397671,-0.02752908183458752
1.60471,160990,0,4620.000021532178,5780.000006780028,5207.027800432139,1159.9999852478504,760.000002628658,216.63963381070377,7200,75.21348796302007,0.34718249214149066,69.44137495979905,0.3205386463147173,71.98477088788464,0.332278861543792,3.513376981549262e-10,0.0640174238533139,0.0014675560595011948,-0.01145765809138799,-0.01949164250414548
1.60971,161490,0,4820.00014744699,5940.000060945749,5368.852147351642,1119.9999134987593,760.000002628658,216.79004501453042,6800,75.19858558114252,0.3468728722119243,69.79549118587833,0.32194970567583153,71.79596824750955,0.33117742211224416,1.14889736207402e-10,0.06228330073760959,0.0013327404703771446,-0.011540488755217737,-0.009143272569425376
1.61471,161990,0,4979.999968782067,6100.00011511147,5529.294640365784,1120.000146329403,760.000002628658,216.53348733101404,7000,75.23268949535475,0.3474413607921383,69.72713538382946,0.32201548242391637,71.57366245182985,0.33054315678394547,5.439138026367229e-10,0.06342282600366433,0.0014136352129736729,-0.008977326415386122,0.006606323705747763
1.61971,162490,0,5140.000022947788,6259.9999364465475,5687.090912313823,1119.9999134987593,760.000002628658,217.19338235835198,7000,75.68321824046224,0.3484600562810467,70.09321353265128,0.3227226021877729,71.41695058523848,0.3288173415311804,7.983290682104452e-11,0.06041871458262256,0.001395524524931133,-0.0045321893617646936,0.01921043023029123
1.62471,162990,0,5260.000005364418,6419.999990612268,5843.285356437552,1159.9999852478504,760.000002628658,216.85196451231388,7200,75.18041518501231,0.34669003508494023,70.17419374978066,0.3236041412287775,71.49735557752089,0.32970582368628226,1.3310952507244574e-10,0.06225750492663624,0.0014659348064462259,0.0023081864108795425,0.020994751763917907
1.62971,163490,0,5420.000059530139,6580.000044777989,6001.715055524473,1159.9999852478504,760.000002628658,216.8361652539098,7200,75.0604003452208,0.34616181418504116,70.04006786622077,0.32300916124487616,71.7356970424682,0.33082902457008256,8.383188791214616e-11,0.06210985001236465,0.001429403038675079,0.005606530298952639,0.020379151699979725
1.68471,168990,0,3380.000009201467,4500.000039115548,3937.3915026549525,1120.000029914081,720.000003639143,194.9420125224891,7000,57.31968765901681,0.2940345537491783,74.03294463092608,0.37976905887531764,63.58938023254622,0.32619638737550405,1.8919588078870863e-10,0.06144887436215608,0.0013307395471256675,0.04801223277558003,-0.0910784166979629
1.68971,169490,0,3580.0000187009573,4659.999860450625,4106.432430167456,1079.9998417496681,720.000003639143,194.59542559948343,6400,57.42764156199214,0.29511300887508934,73.91691123434386,0.3798491717193792,63.25087280314742,0.32503781940553145,2.047155423974913e-10,0.06062952323212711,0.0013069681477728982,0.04181946838934736,-0.08739475146315018
1.69471,169990,0,3739.9999564513564,4820.00014744699,4270.625774373435,1080.0001909956336,720.000003639143,194.19093760174928,6800,57.21795024916285,0.29464789117248397,74.02069560352172,0.38117481957538546,62.95229174906471,0.3241772892521305,9.41105220928348e-10,0.06308200457983873,0.0015469784253373208,0.05211719872850423,-0.08172187206778808
1.69971,170490,0,3900.0000106170774,4979.999968782067,4437.221866650566,1079.99995816499,720.000003639143,192.9627453186355,6800,57.08870032530658,0.29585348317384874,73.64834737941626,0.3816713286173568,62.225697613912644,0.3224751882087944,2.1602611120580258e-10,0.06890533971268911,0.0015713517945772628,0.05120434486397113,-0.05875829425466894
1.70471,170990,0,4100.000020116568,5140.000022947788,4601.872618644008,1040.0000028312206,760.000002628658,192.9530688482341,6600,57.715874953463384,0.2991187198937966,73.5524614993198,0.3811935303147316,61.684732395450915,0.3196877497914719,1.2657774764895574e-09,0.06858818807305321,0.0014863413398892107,0.06037100308450111,-0.037557443968046444
1.70971,171490,0,4220.000002533197,5300.000077113509,4763.440846753472,1080.0000745803118,760.000002628658,192.9957601818284,6800,57.944936073203884,0.30023942504546125,73.73382265553272,0.38204892473319296,61.317001453091784,0.3177116502213457,2.1800786465894695e-10,0.06864156384620793,0.0015827707871153935,0.07457628931096749,-0.02282923002058168
1.71471,171990,0,4380.000056698918,5459.9998984485865,4924.343378678642,1079.9998417496681,760.000002628658,193.19226260244696,6800,58.102774474019384,0.3007510429834546,74.15333640853557,0.3838318129806734,60.93615171989201,0.31541714403587195,4.220524148686251e-10,0.06722977750365967,0.0015215843276325351,0.08689772596629897,-0.011166134800308702
1.71971,172490,0,4579.999949783087,5619.999952614307,5086.555064876325,1040.0000028312206,760.000002628658,193.05347253109582,6600,58.23597965207445,0.3016572501315363,74.28346835415044,0.3847818295119521,60.53402452487094,0.31356092035651156,2.7948416571883246e-10,0.06721699404000937,0.0014512972677504538,0.094813563819995,0.00880921428872622
1.72471,172990,0,4780.000075697899,5820.0000785291195,5249.585073551693,1040.0000028312206,760.000002628658,193.31109284584062,6400,58.54367076415634,0.30284692876286734,74.46175431577332,0.3851913163366893,60.30566776591097,0.31196175490044326,5.06434787275786e-10,0.0654053664828061,0.0014855388589227274,0.09885146681995749,0.02326775573443951
1.72971,173490,0,4940.00012986362,5980.00013269484,5409.214748577769,1040.0000028312206,760.000002628658,193.2912723809728,6600,58.611994657068365,0.3032314596260996,74.46728834107165,0.3852594451046827,60.21198938283277,0.3115090952692177,2.4549541215715945e-10,0.06563158214654365,0.0015912620216611817,0.102410221651352,0.03012731603221991
1.73471,173990,0,5099.999951198697,6100.00011511147,5568.464383566259,1000.0001639127731,760.000002628658,193.04263400504084,6400,58.68604077330026,0.3040055948043468,74.16345808722956,0.384181755856548,60.19313514451103,0.31181264933910524,2.0266617954331413e-10,0.06586353696931035,0.0014817468735872409,0.1038647479458828,0.03128216243442811
1.73971,174490,0,5300.000077113509,6259.9999364465475,5727.254491806835,959.9998593330383,760.000002628658,193.05592734683114,6200,58.634914801460326,0.30371983708182565,74.14109506344573,0.3840394650522638,60.279917481925104,0.3122406978659107,7.657975612666364e-10,0.06505209960723403,0.0014243591683719854,0.10129994984358393,0.022282964091611235
1.74471,174990,0,5420.000059530139,6419.999990612268,5884.586258793926,999.9999310821295,760.000002628658,193.02712842195533,6400,58.54752347221286,0.3033124097677533,74.16099936719964,0.3841998789159027,60.31860558254281,0.31248771131634384,4.797117913175209e-10,0.06562333528245631,0.0014174777691922642,0.10142208942344155,0.024239620994256972
1.74971,175490,0,5579.999880865216,6580.000044777989,6041.494443105061,1000.0001639127731,760.000002628658,192.80556758101423,6400,58.604088403148644,0.3039543366844114,74.20491887180978,0.38486917054731784,59.9965603060558,0.3111764927682707,3.8316759018315945e-10,0.06687300243472459,0.0013648202467770984,0.09978723535203443,0.02716100030530888
1.79471,179990,0,3299.9999821186066,4539.999878033996,3967.3402530685303,1239.999895915389,680.000004649628,183.033010788658,7600,70.42031974068344,0.3847410881635739,58.37365021094026,0.31892416542468577,54.23904083703429,0.2963347464117403,2.391997745255502e-10,0.06801001053014266,0.0015500761446276435,-0.01917069783574099,0.02304396584730961
1.79971,180490,0,3619.9999740347266,4699.999932199717,4141.320083477788,1079.99995816499,720.000003639143,183.1910643192214,6600,70.48909799374705,0.38478458682305366,58.657191125908454,0.3201967920427319,54.0447751995659,0.2950186211342145,1.0743261303446852e-11,0.06592750499181481,0.001453571025512746,-0.008579892998516137,0.019672464704424075
1.80471,180990,0,3780.0000282004476,4859.9999863654375,4309.234121287976,1079.99995816499,720.000003639143,182.6842255430844,6800,70.16377083991581,0.38407131557928803,58.70016069878972,0.32132035770623135,53.820294004378866,0.29460832671448056,5.729894798031449e-10,0.06869374275450671,0.0016530774294995654,-0.007625202360264538,0.03607202460890052
1.80971,181490,0,3939.9999659508467,5020.000040531158,4475.539184673013,1080.0000745803118,720.000003639143,182.10484932024536,6800,69.91873031796096,0.38394765751132476,58.39641452825616,0.32067468135108024,53.789704474028255,0.2953776611375951,7.403117606479015e-10,0.07134185008474417,0.001643028138864057,-0.006130891687987472,0.037488273306102216
1.81471,181990,0,4100.000020116568,5180.000094696879,4641.404687138672,1080.0000745803118,720.000003639143,181.57902598244007,6800,70.23773505476778,0.3868163444249351,57.922382199358005,0.3189926913968549,53.41890872831428,0.29419096417820995,8.764729830106193e-10,0.07387599989975724,0.001749802491751233,-0.010180661169950034,0.03954578912280915
1.81971,182490,0,4260.000074282289,5339.999916031957,4807.352661809423,1079.9998417496681,760.000002628658,180.68552698523771,6800,70.44599222637623,0.3898817653067021,57.29752147009239,0.3171118485587044,52.94201328876908,0.29300638613459357,9.15970184386891e-11,0.07820685677383613,0.0018443495586384065,-0.023469981134875084,0.06139183699563955
1.82471,182990,0,4419.999895617366,5499.999970197678,4973.093685933522,1080.0000745803118,760.000002628658,181.1709765210344,6800,70.89208727859813,0.3912993606366491,57.49174973771886,0.3173342156768909,52.78713950471739,0.2913664236864599,1.8099386542271942e-10,0.07563057261976677,0.0018310436865100225,-0.02858893659297712,0.07197983366556249
1.82971,183490,0,4620.000021532178,5660.000024363399,5136.521185213502,1040.0000028312206,760.000002628658,181.1011872424817,6600,71.10458061756813,0.3926234924256135,57.459755424589005,0.31727983841240337,52.53685120032455,0.290096669161983,4.666311747680173e-10,0.07553187974131562,0.0018341176920969018,-0.035591792358832974,0.08156390037533168
1.83471,183990,0,4780.000075697899,5820.0000785291195,5298.157133880056,1040.0000028312206,760.000002628658,181.50875493796215,6400,71.46742737816598,0.3937409377448092,57.64365265638063,0.3175805634063362,52.39767490341551,0.2886784988488545,2.96891962576541e-10,0.07274792314080011,0.0016872083551223392,-0.0338717186291595,0.0904555246020588
1.83971,184490,0,4940.00012986362,5980.00013269484,5458.781535011805,1040.0000028312206,760.000002628658,181.690748526984,6600,71.7575406097872,0.39494328242656807,57.599567053007064,0.31701981262107354,52.333640864189746,0.2880369049523584,7.314723838449897e-10,0.0721492823206607,0.001735392536909121,-0.03698666110533161,0.10705863005480687
1.84471,184990,0,5099.999951198697,6139.999954029918,5621.33446505771,1040.0000028312206,760.000002628658,181.4201416366672,6600,71.89719274528028,0.3963021530942791,57.5255624267924,0.3170847619665058,51.99738646459455,0.28661308493921517,5.189829622570073e-10,0.07324261576715123,0.001714974353499035,-0.03236029539687285,0.12232858712469807
1.84971,185490,0,5300.000077113509,6300.000008195639,5785.513338173543,999.9999310821295,760.000002628658,181.39981184265054,6400,72.23952627804458,0.3982337442593735,57.53033266475992,0.31714659502879067,51.62995289984603,0.2846196607118357,2.964784658056307e-10,0.07210533872985408,0.0015693407802215632,-0.03139168023121158,0.1415499767196126
1.85471,185990,0,5459.9998984485865,6460.00006236136,5948.839577968883,1000.0001639127731,760.000002628658,181.54613696489037,6400,72.56321202423115,0.3996957095168834,57.38398025531815,0.31608483228930273,51.59894468534109,0.284219458193814,1.7151434400484098e-10,0.07092852304275148,0.0015614548625500282,-0.036910479049402645,0.1621064701710047
1.85971,186490,0,5660.000024363399,6619.999883696437,6110.880004364894,959.9998593330383,760.000002628658,181.4064348596191,6200,72.43859055488267,0.39931654359967483,57.238029049051676,0.31552369734483326,51.72981525568477,0.2851597590554919,5.410545115048606e-10,0.06999950707395167,0.001515726247014917,-0.03942993997514077,0.1642437488606171
1.90971,191490,0,3700.000001117587,4740.000003948808,4188.993912322714,1040.0000028312206,680.000004649628,178.0096964633947,6600,62.852334732950816,0.3530837700511194,55.924380958672,0.3141648015234501,59.23298077177188,0.33275142842543043,5.251876587315221e-10,0.06902774509049599,0.0014654876056798861,-0.036361070339281376,-0.030743106636511974
1.91471,191990,0,3859.999938867986,4900.000058114529,4359.821353413338,1040.0001192465425,720.000003639143,177.92000796477893,6600,63.112984452962635,0.35472674026327883,55.79445514241797,0.3135929217891169,59.01256836939833,0.3316803379476043,6.013331276061399e-10,0.06960311653234857,0.0015773616288810976,-0.033246439964603025,-0.02936259697838489
1.91971,192490,0,4020.000109449029,5060.00011228025,4529.803334121193,1040.0000028312206,720.000003639143,177.22647489432245,6400,63.200578940563446,0.356609129523391,55.55070418520752,0.3134447278169449,58.47519176855148,0.32994614265966404,2.606173373875084e-10,0.07284875468941356,0.0015687321382523093,-0.0326167523241076,-0.022519854623469837
1.92471,192990,0,4179.999930784106,5219.999933615327,4698.749326793609,1040.0000028312206,720.000003639143,177.43346017306584,6600,63.510852170732036,0.35794180031649353,55.53863174721234,0.31301103914132555,58.38397625512145,0.32904716054218086,2.239204716851363e-10,0.07172103302636966,0.0016699725322294496,-0.031490779220125054,-0.008121646426669071
1.92971,193490,0,4380.000056698918,5379.999987781048,4867.781521988555,999.9999310821295,720.000003639143,176.95599523752034,6400,63.409384397496986,0.3583341966593747,55.48723612074009,0.3135651665616753,58.059374719283255,0.32810063677894996,4.242107789862907e-11,0.0738681913986927,0.001730509512543173,-0.031084730159441354,0.005657099255891085
1.93471,193990,0,4539.999878033996,5540.000041946769,5033.7873042746205,1000.0001639127731,720.000003639143,176.45311275968598,6400,63.58592792206006,0.36035594344350635,55.084720082783655,0.3121776613700452,57.78246475484227,0.3274663951864484,7.605104798433587e-10,0.07614059609610269,0.0017584465382426732,-0.028925604623707524,0.02103899090273087
1.93971,194490,0,4699.999932199717,5699.999863281846,5198.732411040095,999.9999310821295,760.000002628658,176.64832787724674,6200,63.757456987677365,0.3609287319831442,55.16188607049594,0.312269505935137,57.728984819073446,0.3268017620817188,2.3605132181064575e-10,0.0739029042855577,0.0016074701780714744,-0.031961312145826204,0.04658930221384466
1.94471,194990,0,4859.9999863654375,5860.000150278211,5360.1380676153485,1000.0001639127731,760.000002628658,177.00044141606972,6400,63.821351298461785,0.36057170698483637,55.59917004208648,0.31411882138412944,57.57992007552145,0.32530947163103413,3.488774494264218e-10,0.07224171403355999,0.001789884490663643,-0.029844604838677846,0.05845769790488292
1.94971,195490,0,5060.00011228025,6019.999971613288,5518.021720963366,959.9998593330383,760.000002628658,176.72888728222887,6200,63.551101065878214,0.35959656648768284,55.8924841442093,0.3162611670550003,57.28530207214136,0.324142266457317,3.2927008472336403e-10,0.07294033968134277,0.0017316811765220464,-0.024583839078704317,0.06300454643835601
1.95471,195990,0,5180.000094696879,6139.999954029918,5675.738502815181,959.9998593330383,760.000002628658,177.10225002351982,6200,63.63186748496915,0.35929451758246217,56.27259332239584,0.317740702418646,57.19778921615481,0.32296477999889184,2.889165109936258e-10,0.07091615152765482,0.0015946977977327381,-0.01972996254127496,0.06482257840873057
1.95971,196490,0,5379.999987781048,6300.000008195639,5835.28787689409,920.0000204145908,760.000002628658,177.419537088636,6000,63.35213157785911,0.35707528391424775,56.830639895206474,0.32031782309754747,57.23676561557039,0.3226068929882046,1.8027573614404238e-10,0.06905632549372541,0.0015195097261417995,-0.012250257147999544,0.06311267715468322
1.96471,196990,0,5540.000041946769,6460.00006236136,5994.918870252634,920.0000204145908,760.000002628658,177.51416085285845,6000,63.40619342919241,0.3571894947679686,56.7648709042082,0.3197765780007862,57.34309651945782,0.32303392723124513,4.3452889179767974e-10,0.06824224775790971,0.0014320217451392952,-0.013660663342307866,0.06796130406520912
1.96971,197490,0,5699.999863281846,6619.999883696437,6154.165299958773,920.0000204145908,760.000002628658,177.30231106603972,6000,63.47300221914674,0.3579930900929147,56.557933952095794,0.3189915213853568,57.27137489479716,0.3230153885217284,3.495533162660914e-10,0.0686630830965301,0.0014333660293931654,-0.018698604247180728,0.07641319657889684
2.01971,202490,0,2940.000034868717,4740.000003948808,4170.114765179019,1799.9999690800905,680.000004649628,189.00631195258663,10200,49.140186851160045,0.25999230577805865,61.60337458829476,0.32593289584819973,78.26275051313182,0.4140747983737416,6.121191971429763e-10,0.0689738441391101,0.0018699742296436684,-0.016554503037989443,-0.21944217831097887
2.02471,202990,0,3859.999938867986,4900.000058114529,4356.621193614246,1040.0001192465425,720.000003639143,187.31127101074867,6600,48.44905701094561,0.25865532143106007,60.933069014726115,0.32530380412201426,77.92914498507696,0.41604087444692567,1.0623903321063874e-10,0.06540741644666731,0.0014899643505610167,-0.03215484017342973,-0.21638652204067835
2.02971,203490,0,4059.9999483674765,5060.00011228025,4524.574865930863,1000.0001639127731,720.000003639143,186.93574002869076,6400,48.71235589535789,0.26058342769489423,60.61755961479934,0.3242695035497,77.60582451853354,0.41514706875540575,4.671992444675351e-10,0.06725563096930254,0.001405264674132006,-0.03725477011661599,-0.2123190925559605
2.03471,203990,0,4220.000002533197,5219.999933615327,4689.987286174222,999.9999310821295,720.000003639143,186.66064414509515,6400,48.637062387093934,0.26056409807140357,60.924630775721376,0.3263924811507851,77.09895098227983,0.4130434207778113,1.9337360118182356e-10,0.06867174664835411,0.0014280086421223715,-0.042923110832569,-0.20372379088173273
2.03971,204065,0,4260.000074282289,5260.000005364418,4714.889013516043,999.9999310821295,760.000002628658,186.88997027175398,6400,48.766379248705086,0.2609363101604361,61.02917391644056,0.3265513597530083,77.09441710660833,0.4125123300865555,4.6204876158356633e-10,0.06757443434732116,0.0015019999673109173,-0.04527104562506695,-0.20093511555416202
2.04046,204565,0,4419.999895617366,5420.000059530139,4879.8085009459755,1000.0001639127731,760.000002628658,186.4753896679159,6400,48.65573851449452,0.2609231094845435,61.223181873548846,0.3283177580836697,76.59646927987252,0.4107591324317869,6.045133131429274e-10,0.06954539399375505,0.0015353207963344812,-0.0506497859659884,-0.185624435423902
2.04546,205065,0,4620.000021532178,5579.999880865216,5043.496482585433,959.9998593330383,760.000002628658,186.1067341510167,6200,48.63827542097715,0.2613461336735377,61.196189544608046,0.3288230800662499,76.27226918543148,0.4098307862602123,1.0765098331087472e-10,0.07050767240878879,0.0013479717189608224,-0.04684972645484892,-0.17495064072932254
2.05046,205565,0,4780.000075697899,5739.999935030937,5205.648489028622,959.9998593330383,760.000002628658,186.6563417977436,5800,49.135223973635966,0.2632389743654021,61.1307387534077,0.3275042153116207,76.39037907069995,0.40925681032297717,4.523947288180794e-10,0.06646166921452272,0.0010963108274311953,-0.0407056765827945,-0.16375768987770434
2.05546,206065,0,4900.000058114529,5899.999989196658,5367.636895431692,999.9999310821295,760.000002628658,186.165788354727,6400,49.12675767416196,0.2638871411784536,61.06381933324682,0.32800773908519437,75.97521134731824,0.40810511973635205,1.1187210518161499e-09,0.07079684767401523,0.0014340146645008664,-0.03134349930493491,-0.1565728318292628
2.06046,206565,0,5060.00011228025,6060.000043362379,5528.7412262551925,999.9999310821295,760.000002628658,185.9038005928122,6400,49.20932293443999,0.264703157103409,61.071848532011686,0.3285131790596269,75.62262912636051,0.406783663836964,4.6502512598436187e-11,0.07208006362404824,0.0014717331662896054,-0.026892981601453814,-0.1541139894891687
2.06546,207065,0,5180.000094696879,6220.0000975281,5689.050649610109,1040.0000028312206,760.000002628658,185.95325732834795,6600,49.310010960308645,0.26517422533362367,61.33773813780427,0.32985567996529813,75.30550823023503,0.4049700947010782,6.164870341036512e-10,0.07231951579706353,0.001666905533660835,-0.027580205236717503,-0.15564927317082733
2.07046,207565,0,5339.999916031957,6379.999918863177,5850.68930643085,1040.0000028312206,760.000002628658,185.71645433041073,6600,49.17932604695907,0.2648086634233467,61.37789004291389,0.3304924717855944,75.15923824053773,0.4046988647910588,3.5558140598219615e-10,0.07360803049388315,0.0016435021889702431,-0.022033849373837955,-0.14877669639787133
2.07546,208065,0,5540.000041946769,6499.999901279807,6011.657685400833,959.9998593330383,760.000002628658,186.4614644912748,6200,49.475054984008054,0.2653366212637634,61.83774517345494,0.3316382038624852,75.14866433381181,0.4030251748737514,7.95213917944468e-10,0.06888432354759653,0.0013922872147688623,-0.015753456161003876,-0.13246647531507721
2.08046,208565,0,5699.999863281846,6700.000027194619,6170.664930976726,1000.0001639127731,760.000002628658,186.3930713820499,6200,49.520370007883535,0.26567709647523124,61.64683253583031,0.33073564418858037,75.22586883833605,0.4035872593361884,5.702111253584513e-10,0.06815826130610285,0.0014047015839576654,-0.014170913286762787,-0.12146585180785363
2.13046,213565,0,3459.9999198690057,4579.999949783087,4029.811261916345,1120.000029914081,720.000003639143,201.6842079183226,7000,58.569135035040645,0.2904002035635818,75.2948942798753,0.37333063930502663,67.82017860340666,0.33626915713139155,3.043587305460539e-10,0.061105112051147756,0.0012293526678532846,0.0517491175514892,-0.1037709356108939
2.13546,214065,0,3619.9999740347266,4740.000003948808,4195.9395239037385,1120.000029914081,720.000003639143,201.91424938964224,7000,58.90953002350181,0.29175518915369697,75.33936243938663,0.3731255355534674,67.66535692675377,0.3351192752928356,3.228288510713305e-10,0.05955766134145156,0.0013683288605449576,0.04160970851839524,-0.08343716791717509
2.14046,214565,0,3819.999983534217,4900.000058114529,4359.583227659745,1080.0000745803118,720.000003639143,201.8634857922785,6800,58.88727952762465,0.29171833279556475,75.25840461380561,0.3728183149044002,67.71780165084823,0.335463352300035,1.6435848454409154e-09,0.05956166489458371,0.001235558228184851,0.043293788515836706,-0.07462435853187793
2.14546,215065,0,3980.000037699938,5060.00011228025,4522.805740454328,1080.0000745803118,720.000003639143,201.38747193723435,6600,59.017168657266254,0.2930528303948316,74.83539224068099,0.3715990449694142,67.53491103928714,0.33534812463575425,2.6636287362665866e-11,0.06127094812850762,0.001205306827395212,0.04278093321812593,-0.06554366874231654
2.15046,215565,0,4140.000091865659,5219.999933615327,4684.221765474317,1079.9998417496681,760.000002628658,200.63128965657182,6800,58.88771190590079,0.2935121037536125,74.26262577790042,0.370144786015275,67.4809519727706,0.3363431102311125,5.91665805110316e-10,0.0649415082681419,0.0012641795449726272,0.04658958021265841,-0.06547775993623012
2.15546,216065,0,4299.999913200736,5379.999987781048,4846.379629918063,1080.0000745803118,760.000002628658,200.4338197659016,6800,59.17071208578637,0.29521321379243937,73.97515662035917,0.3690752224687385,67.28795105975607,0.3357115637388221,2.389268791817002e-10,0.06559678009863022,0.001318668611811925,0.04539104439926567,-0.06254221982673902
2.16046,216565,0,4459.999967366457,5540.000041946769,5008.177428409693,1080.0000745803118,760.000002628658,200.33942764878407,6800,59.44399512510311,0.29671640686382833,73.94365297472403,0.36909186495408675,66.95177954895692,0.334191728182085,9.697676821454433e-10,0.06574654184760165,0.00137669757651575,0.044912849892915774,-0.04827483264841914
2.16546,217065,0,4620.000021532178,5699.999863281846,5166.330226337365,1079.9998417496681,760.000002628658,200.51727694560992,6600,59.697026338315666,0.29771512583680465,74.02436937975466,0.36916703890724434,66.7958812275396,0.33311783525595107,3.6584428124213415e-10,0.06426335659626807,0.0011920468223801089,0.05100463629529278,-0.040236545095595044
2.17046,217565,0,4780.000075697899,5860.000150278211,5324.724279843863,1080.0000745803118,760.000002628658,199.96015489862864,6600,59.26128339913797,0.2963654605547837,74.2532716758796,0.3713403388466211,66.44559982361106,0.3322942005985951,1.3567340559364463e-10,0.06686315608077206,0.0013476815979207113,0.05913421544871822,-0.03718103881707885
2.17546,218065,0,4940.00012986362,6019.999971613288,5482.847962126419,1079.9998417496681,760.000002628658,200.53142480682362,6800,58.94580397770705,0.293947963689436,75.39954789478213,0.37599866438597435,66.18607293433442,0.33005337192458956,2.389775171184453e-10,0.06422872170678078,0.0014900929546891163,0.07326455246213781,-0.03172331149842733
2.18046,218565,0,5099.999951198697,6180.000025779009,5642.985487713153,1080.0000745803118,760.000002628658,200.88593548713683,6800,59.18778443813029,0.2946337895413301,75.84228269138585,0.3775390373023013,65.8558683576207,0.3278271731563686,2.5213905482285203e-10,0.06274637524957297,0.0015163731644927542,0.07913688475099429,-0.015223729178770073
2.18546,219065,0,5339.999916031957,6340.00007994473,5804.020651839028,1000.0001639127731,760.000002628658,200.9891104440854,6400,59.41394977690089,0.2956078050478744,75.83606204731171,0.3773142827477167,65.7390986198728,0.32707791220440885,7.5006247950851e-10,0.06186749751066883,0.0014442437785739345,0.08645865444502737,-0.0023314516551141695
2.19046,219565,0,5459.9998984485865,6499.999901279807,5960.543038893947,1040.0000028312206,760.000002628658,201.15896470396612,6600,59.47676050185181,0.29567044446356283,76.18362465327134,0.378723487493517,65.49857954884298,0.3256060680429202,2.902231378063327e-10,0.0615398841902912,0.001355517435950677,0.09284762703555949,-0.0002636099427527072
2.19546,220065,0,5619.999952614307,6659.999955445528,6117.741451559211,1040.0000028312206,760.000002628658,200.8035256283636,6600,59.282961872062394,0.2952286902660271,76.40689945699977,0.3805057666089467,65.11366429930143,0.3242655431250262,2.754499379743626e-10,0.06281350980342269,0.0013661199023489398,0.09563632122795507,0.003653630037522282
2.24046,224565,0,3380.000009201467,4500.000039115548,3901.9221976746417,1120.000029914081,640.000005660113,190.03059827779333,7000,64.48777888930611,0.33935471168193476,59.48133501105241,0.313009249826707,66.06148437743481,0.3476360384913583,1.2472255997585283e-10,0.0641843319669479,0.0012290647336879032,-0.04022302690019958,-0.062066576063338375
2.24546,225065,0,3540.000063367188,4659.999860450625,4078.4343431399598,1119.9997970834374,680.000004649628,190.0780334984536,6600,65.14087697914091,0.3427059707016112,59.40756993310805,0.3125430584465267,65.52958658620466,0.3447509708518622,9.716215714743179e-10,0.06329208316749958,0.0012570491848896597,-0.04646615555768685,-0.052345915043751245
2.25046,225565,0,3739.9999564513564,4820.00014744699,4245.842273777133,1080.0001909956336,720.000003639143,189.77727669355713,6800,65.22667756708275,0.34370119912937486,59.35637328109211,0.312768600726302,65.19422584538228,0.3435302001443232,9.50366927402986e-10,0.06508423761247065,0.00155075285992514,-0.04911314112305504,-0.03603247784748714
2.25546,226065,0,3900.0000106170774,4940.00012986362,4409.085361468776,1040.0001192465425,720.000003639143,189.60554722472608,6600,65.08131476372817,0.3432458370355161,59.68358153562515,0.314777612834747,64.84065092537274,0.341976550129737,9.024473865298308e-11,0.06567921992841877,0.001364704949208623,-0.04204471892934997,-0.029214425576847947
2.26046,226565,0,4059.9999483674765,5099.999951198697,4572.458318744717,1040.0000028312206,760.000002628658,189.5348686528296,6600,65.15066902256775,0.34373975345878977,59.87113522748914,0.31588454226411977,64.51306440277271,0.34037570427709046,7.598059182220148e-10,0.06629643806526231,0.001516904537741371,-0.028886465482159174,-0.017198339273983454
2.26546,227065,0,4260.000074282289,5260.000005364418,4734.623434539533,999.9999310821295,760.000002628658,189.39774511017418,6400,65.10074766889318,0.34372504081832417,59.915605615007415,0.3163480408922188,64.38139182627359,0.339926918289457,8.36722095324129e-10,0.06660550713454694,0.0014437728078852364,-0.01982938327715278,-0.01276091353296216
2.27046,227565,0,4419.999895617366,5420.000059530139,4895.497352397106,1000.0001639127731,760.000002628658,189.22330755183964,6400,64.97652775053916,0.34338543486635853,60.147592165583376,0.31786566329364757,64.09918763571712,0.33874890183999395,7.605930375751586e-11,0.06779215467371653,0.0014336346189745617,-0.01427954154933736,-0.01202235060337875
2.27546,228065,0,4539.999878033996,5579.999880865216,5056.702090468431,1040.0000028312206,760.000002628658,189.03347335141152,6600,65.50183038330077,0.3465091616950478,59.90447011878358,0.3168987431523395,63.627172849327174,0.3365920951526126,1.413618493580773e-10,0.06983142854280339,0.0014893732027986641,-0.014608299075308973,-0.011782989246340358
2.28046,228565,0,4699.999932199717,5739.999935030937,5216.277498837394,1040.0000028312206,760.000002628658,189.24018899288902,6400,65.63736927434874,0.3468468808008597,60.051038396661994,0.3173270895376167,63.55178132187826,0.33582602966152353,1.1439298935550779e-09,0.06902759024130455,0.0013421922768757275,-0.015432089365973789,-0.01475282909810105
2.28546,229065,0,4859.9999863654375,5899.999989196658,5376.185402432376,1040.0000028312206,760.000002628658,189.56758252474003,6600,66.07422828469109,0.3485523600854481,59.8472764822507,0.3157041709620376,63.64607775779824,0.3357434689525143,5.0380166693390246e-11,0.06840928298378168,0.0016475645803573542,-0.020339090836069273,-0.004354032264924812
2.29046,229565,0,5060.00011228025,6060.000043362379,5536.993508369204,999.9999310821295,760.000002628658,190.2261030956544,6400,66.41947517161644,0.34916067821784524,59.960742925187795,0.3152077551367216,63.84588499885015,0.3356315666454331,1.5959253417296607e-10,0.0647411350735403,0.0015977269005115675,-0.026327284669164286,0.010189835866472652
2.29546,230065,0,5219.999933615327,6220.0000975281,5696.177034938174,1000.0001639127731,760.000002628658,189.96344176622966,6400,66.48737347266469,0.3500008888788429,59.87147536257645,0.31517367134385105,63.6045929309885,0.334825439777306,6.388547864128691e-10,0.06592982656723848,0.001560838414334639,-0.022303850779772205,0.014154630267826374
2.30046,230565,0,5379.999987781048,6379.999918863177,5854.639593340532,999.9999310821295,760.000002628658,189.9882505294075,6400,66.5758211441306,0.35042072843249644,60.0218890034388,0.31592421550378064,63.3905403818381,0.333655056063723,6.084707354977804e-10,0.06561083730444811,0.0015760120632945557,-0.017863919384005,0.019309472161418872
2.30546,231065,0,5540.000041946769,6539.999973028898,6011.7859639233,999.9999310821295,760.000002628658,189.73016778303426,6400,66.38444775234122,0.3498887316025308,60.1955413957912,0.3172692150076405,63.15017863490184,0.33284205338982864,4.325752568960589e-10,0.06664933647068695,0.0015738009079598308,-0.018220719271812347,0.018685625398283834
2.31046,231565,0,5699.999863281846,6700.000027194619,6170.501492061936,1000.0001639127731,760.000002628658,189.84906620075913,6200,66.17721117061213,0.34857801776402686,60.4156918566263,0.31823012388556443,63.25616317352069,0.33319185835040865,2.748767427016707e-10,0.06482799958992257,0.0013975484031307263,-0.007779451367098178,0.026999485932703016
2.35046,235565,0,3299.9999821186066,4380.000056698918,3840.9298037894455,1080.0000745803118,680.000004649628,184.31945620184968,6800,57.457897336230694,0.3117299634028222,66.70646854653906,0.3619068215646659,60.15509031907992,0.32636321503251187,7.985876379567677e-10,0.06475243904090139,0.0013850697969029567,0.03705845778533867,-0.07879318332552043
2.35546,236065,0,3499.999991618097,4539.999878033996,4014.7925772724857,1039.9998864158988,720.000003639143,184.54124683338205,6600,57.71822956184537,0.31276601059251435,67.0140981241498,0.3631388606832989,59.80891914738686,0.3240951287241867,5.4830769359295564e-11,0.06387654766014693,0.0014029558036291552,0.025127618521770312,-0.0661567481125892
2.36046,236565,0,3660.0000457838178,4699.999932199717,4181.033263976741,1039.9998864158988,720.000003639143,183.98924801343867,6400,57.75924387567856,0.3139272783562863,66.747933307597,0.36278170615014244,59.48207083016312,0.3232910154935712,1.0846168563793975e-10,0.06662519993695436,0.0013401800838854189,0.02291440635582065,-0.06051986471439447
2.36546,237065,0,3859.999938867986,4859.9999863654375,4346.620242824597,1000.0000474974513,720.000003639143,183.71031469715848,6400,57.78804348963475,0.31456069075324805,66.70629023100258,0.3631058514104998,59.21598097652115,0.32233345783625217,2.959099788524107e-10,0.06834477701932967,0.0013749070633895398,0.02988847224375385,-0.0493264817427117
2.37046,237565,0,3980.000037699938,5020.000040531158,4510.012027251908,1040.0000028312206,720.000003639143,183.30622422722297,6400,57.86426155984205,0.31566992230506363,66.7660305911484,0.36423220691287855,58.67593207623253,0.32009787078205776,4.660899283400145e-10,0.07034367350860966,0.0014144953364529404,0.03775388011709202,-0.02987812627409553
2.37546,238065,0,4140.000091865659,5180.000094696879,4670.7976037174085,1040.0000028312206,760.000002628658,183.1058909821473,6600,58.113014275947464,0.3173738101174115,66.79007158201001,0.364762003143427,58.202805124189815,0.3178641867391615,8.365081875316762e-10,0.07141760996284147,0.0016404079296805285,0.049691034865888106,-0.01845779076540993
2.38046,238565,0,4299.999913200736,5339.999916031957,4834.08433757933,1040.0000028312206,760.000002628658,182.92658449554847,6600,58.23531994192813,0.31835350833517195,66.80570054845505,0.36520498500905846,57.8855640051653,0.3164415066557696,7.55451450236149e-11,0.07251144160031123,0.0015291205764498936,0.054784488570100376,0.0015286007309144312
2.38546,239065,0,4500.000039115548,5499.999970197678,4997.857697367897,999.9999310821295,760.000002628658,182.6135504390549,6400,58.59137451146402,0.3208489970793169,66.53413788556031,0.36434392587841,57.4880380420306,0.31480707704227323,1.9234782901959797e-10,0.0744149903561765,0.0015261051092925017,0.05308501884590533,0.020738219101228528
2.39046,239565,0,4699.999932199717,5699.999863281846,5160.94293743766,999.9999310821295,760.000002628658,182.86542239823098,6200,58.64073116175547,0.32067697869120365,66.68179939906034,0.3646495795899871,57.542891837415155,0.3146734417188092,6.797117581647782e-11,0.07347710308230702,0.001380506453669977,0.05445412396908833,0.031506876947337836
2.39546,240065,0,4859.9999863654375,5820.0000785291195,5319.126393875756,960.000092163682,760.000002628658,183.38350785945218,6200,58.988048355406114,0.32166495801037587,66.86111866099739,0.3645972281882662,57.53434084304868,0.313737813801358,5.2587245086409284e-12,0.0707730110970457,0.0014094146648515082,0.059965904796718816,0.044592396274485246
2.40046,240565,0,5020.000040531158,5980.00013269484,5477.873780562488,960.000092163682,760.000002628658,183.71726198368512,6200,59.1363514461199,0.3218878335524697,67.10316004265692,0.3652523411143367,57.47775049490828,0.3128598253331935,7.936429608985982e-10,0.06895374935904915,0.0015044380194719894,0.05751299803859722,0.0467072339186167
2.40546,241065,0,5180.000094696879,6139.999954029918,5636.43175988364,959.9998593330383,760.000002628658,183.8024033071712,6200,59.35814087864554,0.3229454012059136,67.26198064469568,0.3659472315619684,57.182281783829964,0.31110736723211796,5.889052079147313e-10,0.06853050088284166,0.0016028672408372542,0.05149270521776189,0.05740386404568598
2.41046,241565,0,5339.999916031957,6300.000008195639,5793.510322740693,960.000092163682,760.000002628658,183.76138026574668,6200,59.40581642529677,0.3232769384915753,67.02270822052907,0.36472684371223224,57.33285561992084,0.31199621779619247,1.2215252140744902e-10,0.06871448763129122,0.0015183495089908267,0.04960810001581506,0.05703634772334931
2.41546,242065,0,5499.999970197678,6460.00006236136,5950.4269163618765,960.000092163682,760.000002628658,183.81886962009165,6200,59.53053014786118,0.3238542934732225,67.0715186906918,0.36487831107498436,57.216820781538686,0.31126739545179316,4.935883714432007e-10,0.06807672431185433,0.0014964417647330454,0.053316430458583086,0.061999100016316644
2.42046,242565,0,5660.000024363399,6619.999883696437,6108.201706688046,959.9998593330383,760.000002628658,184.12830561818853,6200,59.685626684077924,0.32415237018388154,67.17454982865192,0.36482467811302277,57.26812910545872,0.3110229517030958,5.504462451420424e-10,0.06508001193677515,0.0013992155430309844,0.05382474259301212,0.06788802441033309
2.44546,245065,0,3260.0000267848372,4220.000002533197,3734.85651542312,959.9999757483602,720.000003639143,162.75020963058532,6200,53.38427059439696,0.32801352892613767,49.743317434674964,0.3056421097557026,59.62262160151339,0.3663443613181598,1.1538390729639095e-09,0.06685503771551328,0.0015988072909540428,-0.016392024682267525,-0.08249680928862002
2.45046,245565,0,3499.999991618097,4380.000056698918,3911.571629730704,880.0000650808215,720.000003639143,161.31256213795055,5800,53.26226463848359,0.3301805137341692,48.64462239612645,0.3015550788569508,59.4056751033405,0.36826440740888006,1.8381016595627571e-09,0.07474550568511984,0.0016962038226754328,-0.030719395278625272,-0.059702537896489105
2.45546,246065,0,3660.0000457838178,4539.999878033996,4078.5565962312644,879.9998322501779,760.000002628658,162.08968429071197,5800,54.71757499134806,0.33757592428405686,48.31881867223218,0.2980992830214362,59.05329062713173,0.36432479269450707,1.0248512953189256e-09,0.07011715344315596,0.0016334912018596286,-0.044300652235049365,-0.03943448971213975
2.46046,246565,0,3819.999983534217,4699.999932199717,4242.6036779226415,879.9999486654997,760.000002628658,162.47228752402128,5600,55.3536544820494,0.34069597545283187,48.14219210610086,0.29631017596759757,58.97644093587102,0.36299384857957046,6.459947416534241e-10,0.0674346396381946,0.0015161665881369074,-0.0641498284103823,-0.034062863679501176
2.46546,247065,0,3980.000037699938,4859.9999863654375,4406.010041705084,879.9999486654997,760.000002628658,162.0367904317749,5600,55.39232473847947,0.3418502957931782,47.75797950866287,0.29473540781327207,58.886486184632545,0.3634142963935497,2.7302998242919764e-10,0.07011424846389298,0.001542267467119225,-0.07826698931183729,-0.03041014428797356
2.47046,247565,0,4140.000091865659,5020.000040531158,4566.533278974588,879.9999486654997,760.000002628658,161.96410348994655,5800,55.445005926407966,0.3423289774196759,47.62881632005121,0.29407020008608037,58.89028124348738,0.36360082249424375,3.272482945541759e-10,0.07079031473428615,0.0016564035612006678,-0.07735061254211789,-0.036310786943455575
2.47546,248065,0,4299.999913200736,5180.000094696879,4726.472335488068,880.0001814961433,760.000002628658,161.66534115068112,5800,55.44731492893187,0.3429758941172918,47.438822862994456,0.29343842363081907,58.779203358754785,0.36358568225188903,7.584018594749119e-11,0.07229577074291521,0.0018173140526909113,-0.07785265364459604,-0.03272680413518092
2.48046,248565,0,4419.999895617366,5339.999916031957,4885.25782498887,920.0000204145908,760.000002628658,161.57865170218534,6000,55.524868573804014,0.343639880571259,47.39408565313648,0.29331898214184365,58.65969747524484,0.3630411372868974,3.35593623772131e-10,0.07317912816343329,0.0018757388317548864,-0.08030454531002895,-0.02994660808537275
2.48546,249065,0,4579.999949783087,5499.999970197678,5044.904250926303,920.0000204145908,760.000002628658,161.42883983585838,6000,55.50369904783671,0.34382765250789843,47.36299504158165,0.2933985964945332,58.56214574644005,0.3627737509975684,1.1710565871846534e-10,0.0742363795591351,0.0019109902541584655,-0.08925112498137133,-0.023805652717413972
2.49046,249565,0,4740.000003948808,5660.000024363399,5206.093944086498,920.0000204145908,760.000002628658,161.79984383548953,6000,55.54020813445672,0.3432649056875938,47.78914403507474,0.29535964252020225,58.47049166595808,0.361375451792204,4.1249426210158505e-10,0.07237755885662557,0.0019902160612068234,-0.08914005476870163,-0.022387479865413618
2.49546,250065,0,4900.000058114529,5860.000150278211,5369.465262324716,960.000092163682,760.000002628658,161.47164824340805,6200,55.166787562674685,0.34164999343732666,47.71930388039813,0.2955274464558903,58.58555680033523,0.36282256010678293,6.539312878194816e-10,0.07535523872313492,0.0020869516375756434,-0.08766986267801896,-0.029604523191881726
2.50046,250565,0,5060.00011228025,5980.00013269484,5534.964420155025,920.0000204145908,760.000002628658,161.83517596652726,6000,54.994007667638776,0.3398149218128778,47.667845779684214,0.2945456418544227,59.17332251920424,0.3656394363326994,8.460686706897659e-10,0.07306660058532707,0.0019408311828100749,-0.09503204459309456,-0.04465210591148239
2.50546,251065,0,5260.000005364418,6139.999954029918,5698.55498195764,879.9999486654997,760.000002628658,161.90095388825918,5800,55.018413242387176,0.3398276039828634,47.54292255279857,0.29365436960681374,59.339618093073454,0.36651802641032294,1.0449192783309945e-10,0.07250366976803055,0.001686044661032237,-0.10473935540119761,-0.0574427005120427
2.51046,251565,0,5420.000059530139,6300.000008195639,5857.6041885139875,879.9999486654997,760.000002628658,162.1581841440381,5800,55.37969696055024,0.3415165090363793,47.52406935109529,0.2930722837207015,59.25441783239256,0.3654112072429192,2.260207002419317e-10,0.07103038573650336,0.001815171190208699,-0.09639597895186902,-0.060500599245265685
2.51546,252065,0,5619.999952614307,6460.00006236136,6017.7930881434,840.0001097470522,760.000002628658,162.2394568884467,5600,55.20712803469727,0.3402817606364204,47.7320497485647,0.2942074059171962,59.30027910518476,0.3655108334463834,1.5452699756553969e-09,0.06911002179826002,0.0016123104537907446,-0.09732840870154191,-0.06839709165618651
2.52046,252565,0,5780.000006780028,6619.999883696437,6178.405474203273,839.9998769164085,760.000002628658,161.81471484215166,5600,54.95452692229695,0.33961390332087193,47.86654738833424,0.2958108441190129,58.99364053152047,0.36457525256011525,2.6692104432915827e-11,0.07131516483198587,0.001596524111310551,-0.09532632712318762,-0.063004296828932
2.55546,256065,0,2900.000079534948,4459.999967366457,3888.863983427202,1559.999887831509,680.000004649628,176.30572276302644,9000,53.63495226451287,0.30421560584623747,58.357676316408835,0.3310027343516678,64.31309418210473,0.36478165980209476,5.575121338891811e-11,0.07090630982400253,0.0020518316700607,0.020568220997176645,-0.09866924709317804
2.56046,256565,0,3619.9999740347266,4620.000021532178,4078.0545768919947,1000.0000474974513,720.000003639143,175.24285949164982,6400,53.5444853651078,0.3055444628125299,57.49567332160651,0.3280913897912407,64.20270080493552,0.3663641473962294,3.1299957744776735e-10,0.06928955342841574,0.00178462145338226,0.006019605495410585,-0.0937374717806192
2.56546,257065,0,3780.0000282004476,4780.000075697899,4247.908839460878,1000.0000474974513,720.000003639143,175.33045418548323,6400,53.834739529680355,0.3070472826855752,57.29975843761034,0.32681007246460764,64.1959562181925,0.3661426448498171,1.0996119209328084e-09,0.06885770521514036,0.0018529544066831086,-0.011393207846330855,-0.08342730843010193
2.57046,257565,0,3980.000037699938,4940.00012986362,4416.613564132279,960.000092163682,760.000002628658,174.723099412166,6000,53.83757590270383,0.30813084293853316,56.893870460494924,0.32562306101429767,63.99165304896722,0.3662460960471691,9.98337467466603e-10,0.07168008874028216,0.0016214532420098906,-0.028903498409554085,-0.0829965185883807
2.57546,258065,0,4140.000091865659,5099.999951198697,4582.963793773232,959.9998593330383,760.000002628658,174.12153482596483,6200,53.65098497383243,0.3081237770357171,56.65899901194343,0.32539914760442656,63.81155084018897,0.3664770753598564,3.698573001272293e-10,0.07524174120803065,0.0018221723616794218,-0.04281691023317857,-0.08719113032982978
2.58046,258565,0,4299.999913200736,5260.000005364418,4747.305834893351,960.000092163682,760.000002628658,174.7313867087043,6200,54.0578089591724,0.30937663792076736,56.95788522453221,0.32597397810095236,63.71569252499969,0.3646493839782803,4.445010150124674e-10,0.07186217379425242,0.0017998905456331636,-0.04613691863240915,-0.08976310439562613
2.58546,259065,0,4459.999967366457,5420.000059530139,4910.6901460617055,960.000092163682,760.000002628658,174.40280624838778,6200,54.05929293685074,0.30996802230268283,56.9975153966791,0.32681535706198533,63.34599791485792,0.3632166206353317,8.859592036916275e-10,0.07314167448904135,0.0018266137431550194,-0.04259431322573248,-0.08610581569529574
2.59046,259565,0,4620.000021532178,5579.999880865216,5072.251030013232,959.9998593330383,760.000002628658,174.33583311829128,6200,54.282136183758176,0.3113653413232974,56.937084409395254,0.32659427147580156,63.11661252513785,0.3620403872009011,2.9146133159644074e-12,0.07339098452518258,0.001730431881984196,-0.039508849724640915,-0.08425491328259732
2.59546,260065,0,4780.000075697899,5739.999935030937,5232.974869139038,959.9998593330383,760.000002628658,174.12469041508155,5800,54.45265114408524,0.3127221706139436,56.76955939444853,0.3260282000164379,62.90247987654779,0.3612496293696186,6.357293653248671e-10,0.07322427690622495,0.0015801483251399256,-0.0343126857071705,-0.07329743823743057
2.60046,260565,0,4940.00012986362,5899.999989196658,5392.690591323447,959.9998593330383,760.000002628658,174.43133713440375,6200,54.954838967098034,0.31505141146028104,56.72693996929535,0.3252107155813741,62.74955819801036,0.35973787295834486,6.448966133460677e-10,0.07265230221518476,0.001817537069305463,-0.04135174684885817,-0.047210247996560206
2.60546,261065,0,5099.999951198697,6060.000043362379,5552.455833824904,960.000092163682,760.000002628658,174.1544379121312,6200,55.2554270418246,0.3172783174764887,56.58803057032287,0.3249301668607153,62.31098029998372,0.357791515662796,6.990765640749733e-10,0.07402367101746714,0.0017518399967997654,-0.043936130809000606,-0.031810296967601015
2.61046,261565,0,5260.000005364418,6220.0000975281,5711.680093028296,960.000092163682,760.000002628658,174.64692656152442,6200,55.76280682142351,0.31928879551040623,56.60967193275111,0.3241378079035861,62.27444780734982,0.35657339658600773,2.7136820747384165e-10,0.07134362742063706,0.0017813711928966881,-0.0390397903452776,-0.015894401849103845
2.61546,262065,0,5420.000059530139,6379.999918863177,5871.289428104136,959.9998593330383,760.000002628658,174.70325520675627,6200,55.84932454979207,0.31968107568285437,56.82578394437478,0.3252703212491553,62.02814671258944,0.3550486030679904,1.4620674612997835e-10,0.07086337125629828,0.0017849627603147892,-0.027908561934958165,-0.0002876008976347433
2.62046,262565,0,5579.999880865216,6539.999973028898,6031.347011033613,960.000092163682,760.000002628658,174.9089419217324,6200,55.837128664063904,0.31923541501411457,56.83681781662352,0.3249508984055066,62.23499544104497,0.3558136865803788,2.689705511761769e-10,0.06973938380501754,0.0017752493225315488,-0.017798391669839708,0.004915170954366166
2.62546,263065,0,5780.000006780028,6700.000027194619,6191.699845566762,920.0000204145908,760.000002628658,174.7653587034477,5800,55.589588306325474,0.3180812760534152,57.01278064774359,0.32622472251200696,62.16298974937866,0.35569400143457797,1.1130091902040896e-09,0.0690803526294082,0.0014559903767200936,-0.00510073266472455,-0.00013925133532982636
2.66546,267065,0,3499.999991618097,4579.999949783087,4111.009987709003,1079.99995816499,640.000005660113,159.23284339740684,6800,49.23365367069634,0.3091928312039307,50.76001312996549,0.3187785386917994,59.23917659674501,0.3720286301042699,1.2006138441241106e-09,0.06845571114537152,0.001720170594460449,-0.029242676724814065,-0.13983604630506563
2.67046,267565,0,3859.999938867986,4740.000003948808,4286.7576701598,880.0000650808215,680.000004649628,159.28100883138836,5800,49.520238916428184,0.31089857654561504,50.535092795932314,0.31727004472597065,59.22567711902787,0.3718313787284143,1.043995045136008e-09,0.06622047434709306,0.0016539244966473185,-0.051094950411740225,-0.12407773437024594
2.67546,268065,0,4020.000109449029,4900.000058114529,4453.320921857428,879.9999486654997,720.000003639143,159.1667621536688,5600,49.812116273281504,0.31295551658699955,50.38184822301845,0.3165349821866509,58.972797657368844,0.3705095012263496,4.744872426027213e-10,0.06686940396284143,0.0016260704730463398,-0.06343144268832501,-0.11300016776179655
2.68046,268565,0,4179.999930784106,5060.00011228025,4614.461016554231,880.0001814961433,760.000002628658,158.81258733969295,5800,49.936455332089146,0.3144363817036575,50.15090549137782,0.31578671647800366,58.72522651622601,0.3697769018183389,2.5080698111945607e-10,0.06947278850400644,0.0018399699348996814,-0.06888314618751523,-0.0894158987178143
2.68546,269065,0,4380.000056698918,5219.999933615327,4773.666176658041,839.9998769164085,760.000002628658,157.62184544863075,5600,49.757048378345075,0.3156735555070061,49.772056471000944,0.31576877132314596,58.09274059928473,0.3685576731698479,4.5646343593821745e-10,0.07619792957102862,0.0017468892256078583,-0.05986369122756685,-0.07057438480948325
2.69046,269565,0,4539.999878033996,5379.999987781048,4931.497383000982,840.0001097470522,760.000002628658,157.82349392912897,5600,49.90320758648209,0.316196317443658,50.22906993136314,0.31826104390971494,57.69121641128372,0.365542638646627,2.830411601781791e-10,0.07501239835177516,0.0017841525968555838,-0.0501335159098204,-0.05518039975261935
2.69546,270065,0,4699.999932199717,5540.000041946769,5089.145694869667,840.0001097470522,760.000002628658,158.49313401539686,5600,49.88319664500168,0.3147341173792157,50.890626372774854,0.3210904162437161,57.719310997620326,0.36417546637706827,9.585750591874073e-10,0.07078249441828992,0.0018796778295480817,-0.042666825845641965,-0.0394501549443948
2.70046,270565,0,4859.9999863654375,5699.999863281846,5246.654102809676,839.9998769164085,760.000002628658,158.3497991157918,5400,49.79627723213798,0.31447010043710205,51.18390193094495,0.32323313459663566,57.36961995270886,0.3622967649662623,5.686457654481377e-10,0.07099760166405517,0.0016367198351141558,-0.04114378261969337,-0.026726285932371696
2.70546,271065,0,4979.999968782067,5820.0000785291195,5402.764248556616,840.0001097470522,760.000002628658,158.54710382875183,5600,50.10270134318548,0.31601145737295755,51.151277872349,0.32262511668203003,57.29312461321736,0.36136342594501236,6.316073678221959e-11,0.07025073271856389,0.0016375505565838296,-0.038906176574714735,-0.011046173509872415
2.71046,271565,0,5140.000022947788,5980.00013269484,5557.406937573656,840.0001097470522,760.000002628658,158.32918747736625,5600,49.97274041947625,0.31562557236403455,51.42985341718069,0.32482863227307834,56.926593640709314,0.3595457953628871,5.445531874759837e-10,0.07167006703763114,0.0016099534616871975,-0.030364732983583664,-0.003758865885889251
2.71546,272065,0,5300.000077113509,6139.999954029918,5712.497021552827,839.9998769164085,760.000002628658,157.7421067833407,5600,49.92773681784831,0.3165149612615751,51.302095225848745,0.3252276533640593,56.512274739643615,0.35825738537436563,9.98206236386265e-10,0.07519061169641664,0.0016548212558413968,-0.020020901024044246,-0.0034892314110810396
2.72046,272565,0,5459.9998984485865,6300.000008195639,5868.566700865432,840.0001097470522,760.000002628658,157.99051759858133,5600,50.01067339218247,0.31654224666348924,51.7680707297398,0.32766568219790837,56.211773476659054,0.35579207113860234,5.505197742656937e-10,0.07412119485676019,0.0015792837445221175,-0.006324138176705352,-0.001047124079933237
2.72546,273065,0,5619.999952614307,6460.00006236136,6025.872903576521,840.0001097470522,760.000002628658,158.5109493770468,5600,50.240578955220606,0.31695336601457325,52.05051294262265,0.3283717190969006,56.21985747920356,0.3546749148885262,2.8101324331955497e-12,0.0721723688545592,0.0015875330207359786,0.009854187618742682,0.005741535550011334
2.76046,276565,0,3499.999991618097,4620.000021532178,4066.532372399763,1120.000029914081,680.000004649628,171.78358561923457,7000,49.53258789811077,0.28834296198649506,66.60436201312088,0.38772250429533006,55.64663570800292,0.3239345337181749,4.1918331212573217e-10,0.07302846567474752,0.0016640423526235123,0.10696578432134846,-0.10402074910954814
2.76546,277065,0,3780.0000282004476,4780.000075697899,4259.799251460393,1000.0000474974513,680.000004649628,172.4095885228765,6400,50.51458845110343,0.2929917580796314,66.87651301844512,0.38789323489146593,55.018487053327966,0.3191150070289028,2.1669913234773458e-10,0.07001383058905004,0.0017177632325090263,0.09133301469053035,-0.0648067938738267
2.77046,277565,0,3939.9999659508467,4940.00012986362,4432.192848226786,1000.0001639127731,720.000003639143,173.43710476777503,6400,50.92722252302234,0.29363510530928055,67.23968950459009,0.3876891833187668,55.2701927401626,0.3186757113719528,7.277186466107432e-10,0.06615235968751283,0.0017305456926033891,0.09477936322143704,-0.044694824309636616
2.77546,278065,0,4140.000091865659,5099.999951198697,4597.161475750778,959.9998593330383,720.000003639143,173.3523674090997,6200,51.175111674967994,0.29520861145321564,67.04235074941454,0.3867403240660636,55.134904984717174,0.3180510644807208,5.16700337964292e-10,0.06632846473564354,0.0017480968707651837,0.09782589524012869,-0.028453382203284472
2.78046,278565,0,4299.999913200736,5219.999933615327,4757.67214029613,920.0000204145908,760.000002628658,172.65654285356302,6000,51.19873918023449,0.2965351809670961,66.52415743798092,0.38529763389507193,54.933646235347624,0.31816718513783204,6.218359011804929e-10,0.06952526082484964,0.001697185402075556,0.09790706082057332,-0.022651197355601893
2.78546,279065,0,4459.999967366457,5379.999987781048,4915.211854530445,920.0000204145908,760.000002628658,172.82813482271595,6000,51.17012370030781,0.29607519489113987,66.96623041390745,0.38747296834858647,54.69178070850068,0.3164518367602737,8.223308546463521e-10,0.06852104033645745,0.0017545619944619097,0.09882542625042368,-0.026063323590227006
2.79046,279565,0,4579.999949783087,5540.000041946769,5070.125848612814,960.000092163682,760.000002628658,173.15231829678922,6200,51.40506013259609,0.2968776891828038,67.15458558628282,0.38783532468319293,54.59267257791032,0.31528698613400336,6.08055002291667e-11,0.06711272812950701,0.0018500398728182245,0.10882686855987189,-0.031098638785496013
2.79546,280065,0,4740.000003948808,5699.999863281846,5225.783252390527,959.9998593330383,760.000002628658,172.82272678135163,6000,51.32135223873598,0.29695950986623243,67.16833473522193,0.3886545247038059,54.33303980739371,0.31438596542996156,2.3840387537938667e-11,0.06848289480545285,0.001591539373841553,0.11261723631407283,-0.025448376511915338
2.80046,280565,0,4900.000058114529,5860.000150278211,5382.337637550936,960.000092163682,760.000002628658,172.93065997145243,6200,51.38130164652323,0.2971208324481344,67.29609452304564,0.38915074130958005,54.253263801883556,0.3137284262422855,4.661892715704305e-10,0.0684574969325981,0.0018047051439992732,0.10712420045661503,-0.01938736468154345
2.80546,281065,0,5060.00011228025,6019.999971613288,5538.379037957325,959.9998593330383,760.000002628658,172.7991076717782,6200,51.52532285164192,0.2981804914728568,67.17609337857321,0.388752547878721,54.09769144156306,0.3130669606484222,5.284020422151538e-10,0.0691708744279656,0.001794497835678916,0.09830808391073542,-0.01685059298612379
2.81046,281565,0,5219.999933615327,6180.000025779009,5695.709147383154,960.000092163682,760.000002628658,172.0360331197125,6200,51.5859782103573,0.29985565974112427,66.58154612758545,0.38702093346487604,53.86850878176975,0.31312340679399975,4.691855862074268e-10,0.07342146189968313,0.001845343900550555,0.08985811373704444,-0.017217267268868075
2.81546,282065,0,5379.999987781048,6340.00007994473,5853.469836980473,960.000092163682,760.000002628658,172.164801311033,6200,51.67786010783081,0.3001650727344062,66.37606132135143,0.38553793119091984,54.11087988185077,0.314296996074674,1.944060158362415e-10,0.07274600846938929,0.001783674354890674,0.08266928382330074,-0.01581344571303267
2.82046,282565,0,5579.999880865216,6460.00006236136,6009.856342420472,880.0001814961433,760.000002628658,172.99506007398716,5800,52.1521095228353,0.3014658886822011,66.44097784753217,0.38406286178990573,54.40197270361971,0.3144712495278933,2.9194212976408266e-11,0.06697897300059938,0.001607360755414295,0.06767121170840013,-0.010835077066187082
2.82546,283065,0,5699.999863281846,6619.999883696437,6166.167845139913,920.0000204145908,760.000002628658,172.77345918920207,6000,52.190151130426315,0.302072733713536,66.10754001758741,0.38262555098346357,54.475768041188374,0.31530171530300055,5.857806976701629e-10,0.06832821514577492,0.0016374865578586435,0.04400051320409576,-0.014361015546981493
2.85546,286065,0,3459.9999198690057,4380.000056698918,3920.7354657913183,920.0001368299127,680.000004649628,146.68748171464753,6000,52.05857177193434,0.3548944406394838,39.588111428955294,0.2698806398896833,55.0407985137579,0.375224919470833,6.660968757700763e-10,0.06668661057406154,0.001695285455359961,-0.09877942524949312,-0.10343051919340812
2.86046,286565,0,3700.000001117587,4539.999878033996,4103.574948573643,839.9998769164085,720.000003639143,145.9776941690467,5600,52.283511378530825,0.35816096203016395,39.434581680084804,0.2701411465947553,54.259601110431085,0.37169789137508075,5.495622318592464e-10,0.06994284134446206,0.001778657623968774,-0.10065469722441356,-0.07739186994015007
2.86546,287065,0,3859.999938867986,4699.999932199717,4272.318268794062,839.9999933317304,720.000003639143,145.79631484709222,5400,52.31790906977974,0.3588424654261635,39.52690510113428,0.27111045394109706,53.95150067617821,0.3700470806327395,7.319974625484234e-10,0.07049728322297408,0.0016734149677706523,-0.10083434385897183,-0.06045617834513467
2.87046,287565,0,3980.000037699938,4900.000058114529,4440.048001839843,920.0000204145908,720.000003639143,145.3810133835838,5800,52.30252255227986,0.35976171396110096,39.62316025585999,0.2725470082624571,53.45533057544393,0.36769127777644195,5.339078867788573e-10,0.07595436678455408,0.0019136957221273444,-0.08391848030131782,-0.054926717376849066
2.87546,288065,0,4140.000091865659,5180.000094696879,4614.117963471461,1040.0000028312206,760.000002628658,145.85716080071487,6600,52.568633957100936,0.36041174576903795,40.01748887315658,0.27436081062782114,53.27103797045734,0.3652274436031409,3.548666674145385e-10,0.08236529848041271,0.0024704667385451813,-0.07882182412462252,-0.039255568344363
2.88046,288565,0,4339.999984949827,5219.999933615327,4781.377087120223,879.9999486654997,760.000002628658,146.2102328871941,5800,53.05151902521437,0.36284409085200847,40.25906604375258,0.27535053633909296,52.89964781822714,0.3618053728088985,1.2597674494557696e-09,0.07812809164778203,0.0020485791511122104,-0.06995442226674814,-0.025405537779896348
2.88546,289065,0,4539.999878033996,5379.999987781048,4949.980209354276,840.0001097470522,760.000002628658,146.34699762573413,5600,53.253954430675236,0.36388826074086056,40.30708676211155,0.2754213439020619,52.78595643294733,0.3606903953570776,1.22796944154338e-10,0.07632132575830447,0.001950880783189751,-0.06597040560866813,-0.0028958856259785892
2.89046,289565,0,4740.000003948808,5540.000041946769,5116.910046253415,800.000037997961,760.000002628658,146.13893933481305,5400,53.59294754008598,0.3667259922921798,39.99469295706521,0.27367581247756956,52.55129883766186,0.35959819523025066,1.8884893598241433e-10,0.07656428908961155,0.0020142523097661934,-0.06884713515767554,0.027771772902889236
2.90046,290565,0,5060.00011228025,5860.000150278211,5439.2917086611305,800.000037997961,760.000002628658,146.02336429680557,5400,53.93839911210888,0.3693819778215372,39.74800671752379,0.2722030608521826,52.33695846717288,0.35841496132628015,5.726797612687675e-10,0.07683805482401401,0.0018524752731907206,-0.09237125896921072,0.04323735568976156
2.90546,291065,0,5219.999933615327,6019.999971613288,5597.489759532311,800.000037997961,760.000002628658,146.3377572564647,5400,54.04259345541711,0.36930040796446395,39.95271197997783,0.2730171128013023,52.34245182106976,0.35768247923423363,3.060230800054479e-10,0.0749153978285937,0.0018000229597734234,-0.10717528580110064,0.05028212337482402
2.91046,291565,0,5339.999916031957,6180.000025779009,5755.556986724132,840.0001097470522,760.000002628658,146.05069472204744,5600,53.90044981773029,0.3690530190240418,39.94892929647821,0.27352782794019553,52.20131560783892,0.3574191530357626,2.4304863512385698e-11,0.07736841561379733,0.0019235953298103658,-0.10907328164792246,0.05563930597103339
2.91546,292065,0,5499.999970197678,6340.00007994473,5915.076955178422,840.0001097470522,760.000002628658,145.75289081245222,5600,54.18812076324826,0.37178076167953966,39.86545631808958,0.27351400096336015,51.69931373111438,0.35470523735710024,8.037906110714955e-10,0.07903670512922045,0.0020800318837643572,-0.11278050202493412,0.05719730327455669
2.92046,292565,0,5699.999863281846,6499.999901279807,6074.8927386845435,800.000037997961,760.000002628658,146.223012787992,5400,54.60421611842604,0.37343106996158265,40.21337324786499,0.27501398364818375,51.40542342170099,0.3515549463902337,1.7280966315285515e-09,0.07572736953683283,0.0019632132446620217,-0.10770317041667321,0.0802544205790659
2.96046,296565,0,3499.999991618097,4659.999860450625,4064.2112209129,1159.9998688325286,680.000004649628,193.54269715453967,7000,56.81537616511794,0.29355474011893146,68.84198184611827,0.3556940295770986,67.88533914330344,0.35075123030396993,1.7058572687117577e-10,0.06485101525331954,0.0014655437703433934,0.03459180057761896,-0.10788304530195952
2.96546,297065,0,3700.000001117587,4780.000075697899,4235.877547800739,1080.0000745803118,720.000003639143,193.9739917320428,6800,56.967106357885726,0.2936842503946639,68.88718195475859,0.3551361774825972,68.11970341939849,0.3511795721227389,9.712363830890417e-10,0.06281432052957321,0.001609255518496586,0.024599988143151785,-0.11715921859978523
2.97046,297565,0,3859.999938867986,4940.00012986362,4401.016442322991,1080.0001909956336,720.000003639143,193.49394613886705,6800,56.538792479191706,0.2921992837885215,69.05604346628324,0.3568899432994301,67.8991101933921,0.3509107729120485,8.224051680471972e-11,0.06501844008807046,0.001609446968813292,0.025453698103000744,-0.11551645066547778
2.97546,298065,0,4020.000109449029,5099.999951198697,4562.600741285576,1079.9998417496681,720.000003639143,193.2958939578315,6600,56.42035381650685,0.2918859405715842,69.26978008503335,0.3583613633311058,67.60576005629132,0.3497526960973101,5.315653677506881e-10,0.06544230524057942,0.0015014144431873763,0.027787415729044918,-0.10946814369299002
2.98046,298565,0,4179.999930784106,5260.000005364418,4723.822236966391,1080.0000745803118,720.000003639143,192.52305560426095,6800,56.60617036169479,0.29402281292507165,68.84065027899867,0.3575709416357044,67.07623496356749,0.3484062454392238,1.0699191435619213e-09,0.06932963503989205,0.0015188302203972721,0.04007980839519687,-0.10254250026170975
2.98546,299065,0,4339.999984949827,5420.000059530139,4885.427156928998,1080.0000745803118,760.000002628658,192.85633296695906,6800,57.02639259224588,0.29569364777881507,69.0508305862355,0.3580428473565635,66.7791097884777,0.3462635048646215,4.647435754152133e-10,0.06792104446938517,0.001552625148005852,0.04626055455169481,-0.08755391835407506
2.99046,299565,0,4500.000039115548,5579.999880865216,5047.617837912908,1079.9998417496681,760.000002628658,192.93207913422208,6800,56.96859678759272,0.2952779913181773,69.35725418002531,0.3594905237701489,66.60622816660405,0.3452314849116739,5.873671236357378e-10,0.06741726086602151,0.0015831868199926988,0.05535522317542407,-0.08015790574058435
