time_s,vtk_index,droplet_in_frame,x_min_um,x_max_um,x_centroid_um,L_um,w_um,V_nL,n_cells,V1_nL,c1,V2_nL,c2,V3_nL,c3,dye_closure_err,dye_outside_frac,dye_dry_frac,core_bias_strict,asym_strict
0.205,20519,0,4220.000002533197,5619.999952614307,4956.394231666984,1399.99995008111,600.0000212225132,584.8436998111177,840,196.29987834966443,0.3356450251803376,201.64670423154223,0.34478734112493037,186.897117229911,0.3195676336947319,1.0843217425681283e-09,0.05671295906617352,0.0007959059495465071,0.012284060265942476,0.01889743771906327
0.21,21019,0,4500.000039115548,5739.999935030937,5122.458201525605,1239.999895915389,640.0000202120282,584.025697538826,740,196.6303969839168,0.3366810703921891,201.67312309519434,0.3453154954397997,185.7221774597148,0.3180034341680111,1.231333759410984e-09,0.0521951824269087,0.0004225953348598151,0.009501609504344699,0.023642812291236714
0.215,21519,0,4659.999860450625,5860.000150278211,5272.393756773702,1200.0002898275852,640.0000202120282,582.8499267000068,740,197.64098767334247,0.33909412804141675,199.99881029430787,0.34313946203384765,185.21012873235645,0.3177664099247356,1.5015859752470999e-09,0.053261284817026223,0.000539781154870872,0.013466930054671866,0.03407936282546281
0.22,22019,0,4820.00014744699,6019.999971613288,5418.872502459146,1199.999824166298,680.0000192015432,584.7101134851201,720,197.47646942256168,0.33773397255867216,203.03462288096966,0.34723980002808097,184.1990211815889,0.315026227413247,5.313203099446197e-10,0.04939966830100407,0.0005802912033584114,0.013099004849434659,0.036235676186170185
0.225,22519,0,4979.999968782067,6180.000025779009,5563.540003615955,1200.0000569969416,680.0000192015432,580.6805483972522,740,194.21451616478393,0.33446017212189944,202.66346392918854,0.34901025096942534,183.80256830327983,0.31652957690867534,2.8425576367064518e-09,0.05615827341586697,0.0007378449286092043,0.014220910851634516,0.0418023201401167
0.23,23019,0,5099.999951198697,6300.000008195639,5705.47820776561,1200.0000569969416,720.000003639143,585.5522970307375,740,196.67981800009682,0.3358877063542156,204.01967556431003,0.3484226372244944,184.85280346633064,0.31568965642129,1.516959135934757e-09,0.04843394495565359,0.0006983250864979289,0.02545264973334954,0.036673031967255465
0.235,23519,0,5260.000005364418,6460.00006236136,5849.52092093207,1200.0000569969416,720.000003639143,589.0051696739336,740,196.99352536710526,0.3344512671699615,205.28624084557526,0.3485304568026446,186.72540346125302,0.31701827602739385,3.370610471203413e-09,0.042247886500084965,0.0007531712369392601,0.027376989963620868,0.0249103145127198
0.24,24019,0,5420.000059530139,6619.999883696437,5993.169133525049,1199.999824166298,680.0000192015432,587.2827795283769,740,195.22557990789417,0.332421768035957,205.9546916901536,0.35069084071483847,186.10250793032904,0.3168873912492045,1.5914031496224345e-09,0.04479675618282713,0.0006269496622220849,0.03017314744142857,0.021024116320629005
0.37,37019,0,4020.000109449029,5579.999880865216,4898.686863127386,1559.9997714161873,640.000005660113,588.3378061181205,900,210.16419301886117,0.3572168758039434,140.42871901602933,0.23868722620867147,237.74489408322998,0.4040958979873851,1.0621438514666498e-09,0.06227184156028327,0.0006344392546681599,-0.15999765602718366,-0.06706331398163318
0.375,37519,0,4339.999984949827,5699.999863281846,5075.53686822859,1359.9998783320189,680.000004649628,591.2314607087559,800,212.64798418054758,0.359669602029685,139.73364594590376,0.236343387035585,238.84983058230458,0.40398701093473005,1.9446802331702036e-09,0.05643899366065487,0.0005523469504065746,-0.15667879031117068,-0.0529637745064786
0.38,38019,0,4620.000021532178,5860.000150278211,5242.17758242675,1240.0001287460327,680.000004649628,594.2930406224763,760,213.29300405808934,0.35890207267896207,143.90400487312286,0.24214317691217532,237.09603169126402,0.3989547504088625,2.1385526016260433e-09,0.05199330248185943,0.0006959629891696427,-0.15866070729509166,-0.056711953772114077
0.385,38519,0,4780.000075697899,6019.999971613288,5390.15420624945,1239.999895915389,720.000003639143,596.2119123207032,740,216.72331722241054,0.36350048152985376,142.5075989703156,0.23902172369488076,236.98099612797708,0.39747779477526557,2.028496264055124e-09,0.049491695442288444,0.0007982054563449758,-0.15731540759888066,-0.04059359336155699
0.39,39019,0,4940.00012986362,6139.999954029918,5534.137727059254,1199.999824166298,720.000003639143,601.4643231910179,740,217.91729359515625,0.36231125470421016,144.5614242055844,0.24034912567818822,238.9856053902773,0.39733961961760167,7.334752626725842e-10,0.04119395999416814,0.0007454002872622434,-0.16109340078824597,-0.02658897866149129
0.395,39519,0,5099.999951198697,6300.000008195639,5677.197392939347,1200.0000569969416,720.000003639143,600.4756507487426,740,218.05987633284442,0.3631452433765501,143.27499894183464,0.23860251246354913,239.14077547406356,0.3982522441599008,8.609660082253614e-10,0.042804310284334374,0.0008775119105340103,-0.16290636074195275,-0.015155465186005634
0.4,40019,0,5219.999933615327,6419.999990612268,5819.117429865591,1200.0000569969416,680.0000192015432,599.3551647108087,740,218.24954229202504,0.3641405883226706,144.0041686992044,0.24026516692933977,237.10145371957927,0.3955942447479896,9.995313680093947e-10,0.044572735754314044,0.0007111760917784027,-0.16442050708674644,-0.019898923492642606
0.405,40519,0,5379.999987781048,6580.000044777989,5962.492557755389,1200.0000569969416,680.0000192015432,600.5780810556661,740,218.28511462468714,0.3634583437360826,143.91322028930585,0.23962449651233092,238.379746141673,0.39691715975158637,7.773939381118206e-10,0.04304718717326653,0.0007407573820513952,-0.165318967578057,-0.02440457648862504
0.495,49519,0,3380.000009201467,4940.00012986362,4281.631837825187,1560.0001206621528,560.0000076810829,505.7837254336385,920,149.98454914599762,0.29653889914588877,173.6171170818464,0.34326354991551794,182.18205920579453,0.3601975509385934,5.805423080964256e-10,0.06562799751635226,0.0006485413332187731,0.035910163692163155,-0.1151827671907687
0.5,50019,0,3900.0000106170774,5099.999951198697,4483.488966687374,1199.9999405816197,560.0000222329982,499.5555734611182,740,146.39148570181607,0.29304344397072396,173.806585829996,0.3479224235770114,179.35750192930612,0.3590341324522647,1.7640561939156786e-10,0.06315898126660831,0.0007527538884986798,0.03737966985582619,-0.10772166360023805
0.505,50519,0,4100.000020116568,5219.999933615327,4643.629313160824,1119.9999134987593,640.0000202120282,498.73734748671507,700,148.4289090684133,0.2976093725813606,171.95956311231316,0.34478982570458827,178.34887530598863,0.3576008017140512,2.275105217381188e-09,0.06334924399001705,0.0006286622707313909,0.04236832864319923,-0.11436197633532563
0.51,51019,0,4260.000074282289,5339.999916031957,4796.019150246371,1079.9998417496681,640.0000202120282,500.3701180337109,680,148.87706154180654,0.2975338777760034,173.27426670222442,0.34629219543152373,178.21878978967993,0.3561739267924728,1.8038292598467797e-09,0.05939107472760828,0.000814767472181271,0.035268205026529276,-0.1048024922991368
0.515,51519,0,4419.999895617366,5499.999970197678,4944.742619763602,1080.0000745803118,640.0000202120282,500.03339218876994,680,150.65851327067293,0.30129690461511643,172.86595069157727,0.34570881343523924,176.5089282265198,0.35299428194964444,4.563002547778198e-11,0.059007471294210904,0.0007648995853648537,0.030158296580054644,-0.10208628478622206
0.52,52019,0,4579.999949783087,5619.999952614307,5090.692594818509,1040.0000028312206,680.0000192015432,502.81873157904465,660,152.0831124484988,0.3024611115240262,171.78535488580636,0.34164470036017575,178.95026424473946,0.35589418811579804,1.6555807037914334e-09,0.05209732422634205,0.0006843320050115291,0.015848069003876086,-0.08553789146558166
0.525,52519,0,4699.999932199717,5780.000006780028,5236.65036293355,1080.0000745803118,680.0000192015432,503.082185061655,680,152.50143520218526,0.3031342387596085,171.0440827629096,0.3399923269832092,179.53666709656022,0.35687343425718243,7.219804934608012e-10,0.051279667996598985,0.0009986167024701178,-0.0002711700299873887,-0.07103289203405105
0.53,53019,0,4859.9999863654375,5899.999989196658,5382.5591231289645,1040.0000028312206,680.0000192015432,500.68533316339546,660,152.72821655638074,0.3050383273490835,168.44812991603106,0.3364351195425553,179.50898669098368,0.35852655310836135,1.3894732586342983e-09,0.05429208764751156,0.0007477057097995497,-0.006801215692633755,-0.06677912580438927
0.535,53519,0,4979.999968782067,6060.000043362379,5526.317539138146,1080.0000745803118,680.0000192015432,502.0673431990913,680,152.176265785839,0.3030993109732982,169.5214604936918,0.33764685711986103,180.36961691956046,0.35925383190684074,1.7652212032942593e-10,0.05134750929816921,0.0007538423591553192,-0.01641821910639607,-0.06306712621260485
0.54,54019,0,5140.000022947788,6180.000025779009,5670.338926161869,1040.0000028312206,680.0000192015432,497.8669949533621,660,151.14339248003705,0.30358186827426764,167.63687803950316,0.3367101650415823,179.08672443382187,0.35970796668415,1.3022640675078898e-09,0.05736808012600758,0.0007369757944167762,-0.020525362034265138,-0.06025114637510154
0.545,54519,0,5300.000077113509,6340.00007994473,5813.702952939271,1040.0000028312206,680.0000192015432,499.78120217325085,660,151.0797047136968,0.30229169095744524,169.13719195953,0.33842247612365783,179.564305500024,0.3592858329188968,1.3902279442905265e-09,0.05278697970256505,0.0006854581127467496,-0.01812023843457511,-0.05896845044942328
0.55,55019,0,5420.000059530139,6460.00006236136,5954.9161389348255,1040.0000028312206,680.0000192015432,498.70872425080756,660,150.3943232298974,0.30156745995536666,169.31149931876763,0.3394997742883249,179.00290170214254,0.35893276575630845,2.7325115052611253e-10,0.05447630920854075,0.0005703505177637552,-0.007990288025179537,-0.06051887153935692
0.555,55519,0,5579.999880865216,6619.999883696437,6098.468705596899,1040.0000028312206,680.0000192015432,499.17516288663285,660,150.76717474735125,0.3020326048986372,169.2627520068739,0.3390848836069093,179.14523613240772,0.3588825114944535,8.926521618907166e-11,0.05296339378914461,0.0005640580700049188,-0.008333887873924084,-0.061462141901094114
0.655,65519,0,2860.0000077858567,5060.00011228025,4238.951173410532,2200.000104494393,680.000004649628,680.2397819703481,1200,207.7515671943395,0.3054093169802225,233.4931592478901,0.3432512555669203,238.9950555281185,0.3513394274528572,1.9082926901433368e-10,0.048801759616816646,0.0006277152268480173,0.028930749359613595,-0.09982251103053646
0.66,66019,0,3459.9999198690057,5180.000094696879,4435.474025205045,1720.0001748278737,680.000004649628,678.821963751586,1000,206.93280111805547,0.3048410513625959,233.18156881770963,0.34350916922164015,238.70759381582099,0.35164977941576403,8.880193584503803e-10,0.05005442607303868,0.0008036452038203503,0.02889926185152697,-0.09696634067965271
0.665,66519,0,3939.9999659508467,5339.999916031957,4615.28176362463,1399.99995008111,640.0000202120282,675.1086001944997,840,205.32147315380433,0.30413102883691745,231.70718230493725,0.34321468018357654,238.079944735758,0.3526542909795059,1.1702719749346314e-09,0.050761278597012564,0.0006831315743492132,0.019797242138658633,-0.08848406569426093
0.67,67019,0,4100.000020116568,5459.9998984485865,4767.6764552722525,1359.9998783320189,640.0000202120282,673.4861870065286,820,202.32651829480835,0.3004167304367403,232.2445708218615,0.34483939730691193,238.91509788985877,0.35474387225634785,2.9560015989059635e-10,0.052303023526436676,0.0006064937154078299,0.01252847973216098,-0.08827945408005361
0.675,67519,0,4260.000074282289,5619.999952614307,4916.40860250516,1359.9998783320189,680.0000192015432,677.5151772094456,820,208.9351318682336,0.3083844301891467,230.2720913556157,0.3398773918306333,238.30795398559638,0.35173817798022017,1.3022034034598187e-10,0.04617339530231217,0.0004933941890275486,0.005799809628223795,-0.08803346851589189
0.68,68019,0,4380.000056698918,5739.999935030937,5059.6283869759645,1359.9998783320189,680.0000192015432,675.955196897983,800,209.51914805781269,0.30996011129038464,228.93737564928497,0.33868720397431434,237.4986731908853,0.351352684735301,7.187863725678344e-10,0.04705856665988379,0.00044022923070805795,-0.0063490090276728806,-0.08599196233648099
0.685,68519,0,4539.999878033996,5899.999989196658,5206.481088109232,1360.0001111626625,680.0000192015432,673.1216849192816,820,210.0552834676325,0.3120613823232,225.89414350778807,0.3355918381011251,237.17225794386107,0.352346779575675,1.6860705950384203e-09,0.05164619540246123,0.0003965654924661685,-0.0026843876147764067,-0.08997945493606724
0.69,69019,0,4659.999860450625,6019.999971613288,5350.202289667423,1360.0001111626625,680.0000192015432,673.5984149342542,820,209.72214026705072,0.3113459527477071,226.97771242936818,0.33696295507393986,236.89856223783522,0.351691092178353,3.1623983747943904e-11,0.04946473133312799,0.0003766063780504717,-0.00800638174620577,-0.08557951585812029
0.695,69519,0,4820.00014744699,6180.000025779009,5495.152719033359,1359.9998783320189,680.0000192015432,677.083868427931,800,210.95801422735894,0.31156851324366386,228.34949747289,0.3372543758915379,237.77635672768199,0.35117711086479825,1.7401536455872972e-09,0.04350901192666735,0.00038807558483512574,-0.017406846044772994,-0.07885285209201343
0.7,70019,0,4940.00012986362,6340.00007994473,5639.2303507707,1399.99995008111,680.0000192015432,674.8758413738412,840,211.1773768866208,0.3129129299646111,226.7710433639942,0.33601890816295565,236.92742112322625,0.35106816187243317,8.245670488768704e-10,0.04721215109705211,0.0005266519864563791,-0.025872163663036685,-0.06458174674759432
0.705,70519,0,5099.999951198697,6460.00006236136,5783.13524115666,1360.0001111626625,680.0000192015432,676.6007739518418,820,213.41255510533534,0.31541872744077787,226.35399961393932,0.3345458774631116,236.83421923256714,0.3500353950961106,8.765815231259337e-11,0.04473125451471874,0.00044903191708305974,-0.0384983906818111,-0.058292249986120814
0.71,71019,0,5260.000005364418,6619.999883696437,5926.171062349281,1359.9998783320189,680.0000192015432,675.4072615639897,820,213.43537456688418,0.31600989019965225,226.05072613348707,0.33468803046333623,235.92116086361852,0.3493020793370117,1.8636438201803126e-09,0.04573494680169749,0.00030407010368121843,-0.03504484321567919,-0.04934450430669579
0.875,87519,0,4459.999967366457,5940.000060945749,5267.92157681744,1480.0000935792923,640.0000202120282,532.4927204412502,880,181.75498511663645,0.34132858185558884,208.38020553497705,0.39132967932839113,142.35752978963663,0.2673417388160199,1.6252418314770475e-10,0.0650995638173974,0.0012680748838729847,0.11159954068425554,0.050465402097773004
0.88,88019,0,4740.000003948808,6060.000043362379,5456.924154392079,1320.0000394135714,640.0000202120282,534.8517041778903,800,183.53820856270815,0.3431571912906607,208.5571105525305,0.38993446019415684,142.7563850626516,0.26690834851518247,1.1601698889047034e-10,0.058028896330134375,0.0011864285860345503,0.10968591835724367,0.05557240986760131
0.885,88519,0,4979.999968782067,6220.0000975281,5626.869145785497,1240.0001287460327,640.0000202120282,535.0883952344826,760,184.07624413440428,0.34401090693387154,208.12678134390606,0.3889577557605267,142.88536975617225,0.2670313373056017,1.0619414560996745e-09,0.05763171597395063,0.0010091068747449116,0.10482341543751345,0.05036356897613664
0.89,89019,0,5140.000022947788,6379.999918863177,5781.412706386718,1239.999895915389,640.0000202120282,534.1273416722138,760,184.9575245667721,0.34627982905297117,207.11080743198585,0.3877554868911518,142.05900967345582,0.26596468405587703,6.584491414144417e-10,0.05888734907974012,0.0011308807667853118,0.10405557225342477,0.04495847754207416
0.895,89519,0,5300.000077113509,6499.999901279807,5924.2158601810825,1199.999824166298,680.0000192015432,538.2867303789812,740,185.91821533805805,0.3453888138895086,208.36831856026637,0.38709540250707,144.00019648065677,0.2675157836034214,1.6556006267837857e-10,0.05126178050560167,0.0009236063472639301,0.0967273920119816,0.0521160484837388
0.9,90019,0,5420.000059530139,6619.999883696437,6072.061782979896,1199.999824166298,680.0000192015432,537.3933066195889,740,186.54511992895405,0.3471295932254809,207.92271322702717,0.3869097561615369,142.92547346360766,0.26596065061298213,2.476139207418748e-10,0.053623521171766754,0.000866225526950639,0.08761384107181325,0.05185308044358422
1.0,100019,0,3980.000037699938,5300.000077113509,4637.9556716988345,1320.0000394135714,600.0000212225132,577.2765288108914,780,174.89819368831982,0.3029712537396688,173.2364217993183,0.300092612731304,229.1419133232533,0.3969361335290272,1.2221343576790457e-09,0.05806056099898514,0.0005531486115944227,-0.06033750114340708,-0.13301044779211985
1.005,100519,0,4179.999930784106,5420.000059530139,4794.749632043548,1240.0001287460327,680.000004649628,585.4518909614352,760,179.60539767969573,0.3067807969408825,176.70520149759142,0.3018270232373907,229.14129178414802,0.3913921798217268,1.2272109152187539e-09,0.04416946026070772,0.0007158893553747885,-0.05730188750429793,-0.12089559860958321
1.01,101019,0,4339.999984949827,5579.999880865216,4945.269811541485,1239.999895915389,640.0000202120282,583.5036673405685,760,179.72326462280571,0.30800708664253895,176.18615791724375,0.30194524521199056,227.59424480051908,0.3900476681454705,5.48091780291182e-10,0.0469715592085026,0.0008027494025526765,-0.05588387095575731,-0.11036487357112507
1.015,101519,0,4500.000039115548,5699.999863281846,5093.687548704567,1199.999824166298,680.0000192015432,585.1602110463922,720,181.32036425240298,0.3098644795553738,177.4770766610182,0.3032965559015899,226.362770132971,0.38683896454303646,2.366258588687986e-10,0.043085515826386776,0.0006148804634669523,-0.049646791852349326,-0.10458109976732588
1.02,102019,0,4659.999860450625,5860.000150278211,5239.826635890448,1200.0002898275852,680.0000192015432,585.7106838903259,740,181.04387289294084,0.3091011959871322,176.95295772820282,0.30211666373041135,227.71385326918215,0.38878214028245645,3.0151521466122166e-10,0.0432922880104496,0.0006812760420273963,-0.04860364539191542,-0.09031817906576806
1.025,102519,0,4820.00014744699,5980.00013269484,5383.87116985408,1159.9999852478504,680.0000192015432,584.5150107694516,700,180.06227816427543,0.3080541557474164,178.07660286777806,0.30465702263721034,226.37612973739806,0.3872888216153732,5.208471835653876e-10,0.045903261963855586,0.0005710418677679131,-0.04469742471063337,-0.08272994849672716
1.03,103019,0,4979.999968782067,6139.999954029918,5531.72730985762,1159.9999852478504,680.0000192015432,585.9635174789336,720,180.4305394114188,0.3079211145903902,178.6767746457786,0.3049281556205457,226.85620342173613,0.38715072978906406,1.2848132260834925e-09,0.04935635064332125,0.0004833019642853846,-0.05314110196779864,-0.0876573704007434
1.035,103519,0,5140.000022947788,6300.000008195639,5674.282203384779,1159.9999852478504,680.0000192015432,585.6439732685878,720,182.4151796052929,0.3114779421142164,177.84644239538218,0.30367672257052036,225.3823512679127,0.38484533531526316,8.975023183374276e-10,0.05087885556101246,0.0006240206186061397,-0.05922796089759219,-0.0871110459250502
1.04,104019,0,5260.000005364418,6419.999990612268,5816.132123322281,1159.9999852478504,680.0000192015432,589.5928307677401,720,182.48641764118508,0.30951261297319344,179.05845482797267,0.3036984940858442,228.04795829858227,0.38678889294096225,9.417652078142798e-10,0.04490655410339789,0.000570167259918303,-0.056767834155298846,-0.08673386739257155
1.045,104519,0,5420.000059530139,6580.000044777989,5958.908021268822,1159.9999852478504,680.0000192015432,584.5249255647084,720,181.2264656431049,0.31004061198591715,176.3793734213165,0.30174825008688333,226.91908650028708,0.3882111379271996,2.2157942956188763e-10,0.053226766998277754,0.0005224946878254535,-0.05780879479833784,-0.0844271385252508
1.05,105019,0,5540.000041946769,6739.999866113067,6101.156936935058,1199.999824166298,680.0000192015432,585.779235039154,700,181.82912747153586,0.31040555314218715,177.24384775117306,0.30257789479226915,226.70625981644514,0.38701655206554375,4.0710399840800846e-10,0.05036933725041249,0.0003050482755102377,-0.05617416939369135,-0.08339138924767586
1.18,118019,0,4179.999930784106,5379.999987781048,4802.987651578422,1200.0000569969416,680.0000192015432,576.254097176864,740,157.9295991234893,0.27406243165507166,209.26687951594133,0.3631503542294348,209.0576185374333,0.3627872141154934,1.9708035515342556e-09,0.04872621132286964,0.0007415834315874248,0.04107695537340683,-0.11073176097467652
1.185,118519,0,4380.000056698918,5540.000041946769,4956.001896671709,1159.9999852478504,680.0000192015432,575.1578681432254,720,158.1848795541822,0.2750286283396389,208.52037805895444,0.3625445979416365,208.45261053008878,0.36242677371872456,1.2462335896002129e-09,0.04580303899051334,0.0007012760510738262,0.03831799022474064,-0.10387363527197407
1.19,119019,0,4539.999878033996,5660.000024363399,5099.019209372577,1120.000146329403,680.0000192015432,573.4307677323802,700,158.40787952661347,0.27624586687776465,207.46547482664366,0.36179690121452934,207.55741337912312,0.3619572319077062,6.998832532686671e-10,0.047987057636960616,0.0005650251798596388,0.0334265252730937,-0.10127316202074887
1.195,119519,0,4699.999932199717,5820.0000785291195,5241.191320802474,1120.000146329403,680.0000192015432,572.2925591955876,700,159.40081476183371,0.278530293991393,206.2749406921425,0.36043617443162607,206.61680374161142,0.3610335315769809,8.370770478581882e-10,0.048099369634348445,0.0007090396069419709,0.04338859879984758,-0.09465799404091463
1.2,120019,0,4820.00014744699,5940.000060945749,5381.698636494621,1119.9999134987593,720.000003639143,570.3062622340834,680,158.3119959710894,0.2775911934596817,207.54610565165598,0.3639204395873673,204.448160611338,0.35848836695295105,1.806468725532565e-09,0.04906763030376151,0.000545089916927709,0.04298939647595096,-0.08833998933802473
1.205,120519,0,4979.999968782067,6300.000008195639,5542.803669861442,1320.0000394135714,720.000003639143,580.1322717950213,800,163.1135489966275,0.2811661355985735,211.062248700927,0.3638174584700605,205.9564740974668,0.35501640593136596,8.929624491030432e-11,0.06169052182171127,0.0007754823183996318,0.04284127253297526,-0.08384657241169019
1.21,121019,0,5099.999951198697,6300.000008195639,5677.150861092295,1200.0000569969416,680.0000192015432,583.7183700382784,740,162.98310719950052,0.27921531266664196,213.1973283146864,0.3652400528369624,207.53793452409153,0.3555446344963957,1.1657524776481242e-09,0.05463793516699852,0.0005962192617865311,0.05402270143779486,-0.08502741803545266
1.215,121519,0,5260.000005364418,6419.999990612268,5815.716684919352,1159.9999852478504,680.0000192015432,587.3476732564395,720,163.0754465086894,0.2776472163489608,215.45228442032092,0.36682240218265605,208.81994232742923,0.35553038146838317,1.2397239875322025e-09,0.0492348280486992,0.0005715206581687101,0.0556329809504037,-0.0915175292218543
1.22,122019,0,5379.999987781048,6539.999973028898,5955.654404675835,1159.9999852478504,680.0000192015432,587.8885369418982,720,163.33799527323737,0.2778383741293807,215.91104449807113,0.36726527382419416,208.63949717058972,0.3548963520464251,2.1998980058144202e-10,0.04863659320763879,0.0005088921551266554,0.05845956156577514,-0.09073794088443204
1.225,122519,0,5540.000041946769,6739.999866113067,6096.786836350456,1199.999824166298,680.0000192015432,590.2962785578446,700,164.0711002079049,0.27794703468019094,217.2646832878611,0.36806039810832175,208.96049506207868,0.35399256721148736,6.58663004715195e-10,0.04384867987565247,0.00031159431176872195,0.0632559277210018,-0.08475517140741201
1.335,133519,0,3380.000009201467,5099.999951198697,4443.67048227611,1719.99994199723,640.000005660113,555.5483804936384,1000,194.04522920908326,0.3492859236429819,184.385886069378,0.33189888143592455,177.1172652151772,0.31881519492109356,7.835986460215931e-10,0.05932616237125158,0.0007317847089213937,0.012146511842309138,0.014341288463678714
1.34,134019,0,3739.9999564513564,5260.000005364418,4612.429620185269,1520.0000489130616,640.000005660113,555.3454102047365,900,194.769267467749,0.35071734435681096,182.88854559137366,0.32932395268009695,177.6875971456139,0.3199587029630922,2.894679434337338e-10,0.058750650929872854,0.000728781970117086,0.0021752883299014925,0.02248411371364284
1.345,134519,0,4059.9999483674765,5379.999987781048,4776.080833861303,1320.0000394135714,600.0000212225132,548.9665585407633,800,195.3393385203105,0.35583103466184207,179.23151127866674,0.32648894270552903,174.39570874178608,0.31768002263262884,2.7614351525177997e-09,0.06931842677711153,0.0007557263097385252,-0.005856350840830693,0.014003871353391317
1.35,135019,0,4299.999913200736,5540.000041946769,4925.379423194165,1240.0001287460327,680.000004649628,554.7686493521057,760,196.6304867427535,0.3544369116250371,179.606178079173,0.3237496896930433,178.5319845301792,0.3218133986819195,8.229935584933346e-10,0.05950970011660795,0.0008662480906744974,-0.018073205779061352,0.029329480193757806
1.355,135519,0,4459.999967366457,5660.000024363399,5074.034552135912,1200.0000569969416,680.000004649628,556.7492822059202,740,197.1406322862686,0.3540922971739977,180.89897065889704,0.32491998901579094,178.70967926075448,0.32098771381021135,1.3724524521655046e-09,0.05634210261151793,0.0008253096106552977,-0.02769521521777657,0.02257130361217713
1.36,136019,0,4659.999860450625,5820.0000785291195,5228.145868955937,1160.000218078494,680.0000192015432,557.1846277749852,720,197.79345794060168,0.35498728443111155,179.96989547706767,0.32299867316107506,179.42127435731584,0.3220140424078135,3.5057347664557913e-10,0.05557205208027379,0.0008687617468064556,-0.03191821923131122,0.025968917361003596
1.365,136519,0,4820.00014744699,5940.000060945749,5374.199763555768,1119.9999134987593,680.0000192015432,561.0862083346457,680,198.35615529931667,0.35352170905796376,183.04742833939034,0.32623761842710686,179.6826246959387,0.3202406725149294,4.205779070823214e-10,0.048693716818767566,0.0005170353375532809,-0.03514855815567586,0.016348040580545453
1.37,137019,0,4979.999968782067,6100.00011511147,5517.172477148238,1120.000146329403,680.0000192015432,557.882240524051,700,196.56213788737944,0.35233625236526134,181.4320927788683,0.3252157527159113,179.88800985780324,0.3224479949188274,6.422430127151561e-10,0.054546668637729,0.0006094605748941407,-0.0415479875589963,0.01751894238667051
1.375,137519,0,5140.000022947788,6259.9999364465475,5659.847297321882,1119.9999134987593,680.0000192015432,559.1949416806868,700,197.94214188121603,0.35397698928801385,181.41559161640976,0.3244228051690822,179.83720818306105,0.3216002055429039,1.9026846134833183e-09,0.05250445706936468,0.00064494462760294,-0.04226776139955407,0.014846484315838349
1.38,138019,0,5260.000005364418,6379.999918863177,5801.764070557085,1119.9999134987593,680.0000192015432,557.625474694324,700,196.69676184316984,0.35273991374047964,180.74077077466598,0.32412574205606987,180.18794207648813,0.3231343442034505,1.1652318911327584e-09,0.05477894272732129,0.0005631788224433926,-0.038136575875742595,0.017789625690032507
1.385,138519,0,5420.000059530139,6539.999973028898,5944.57582931918,1119.9999134987593,680.0000192015432,556.9381492070323,700,195.50000971481427,0.3510264290445302,181.80457655924462,0.3264358471727924,179.63356293297335,0.3225377237826774,1.934939639651703e-09,0.05407543170197205,0.00048129281609780075,-0.03058272027605785,0.020702120316483275
1.39,139019,0,5540.000041946769,6700.000027194619,6087.967159170389,1159.9999852478504,680.0000192015432,557.6161087217301,700,195.37148199393505,0.3503691499189315,182.8531191218479,0.32791936291262697,179.39150760594714,0.32171148716844145,3.002211742704511e-09,0.05093563301252371,0.0005035914801801203,-0.029030933560497907,0.014698030877884682
1.515,151519,0,3459.9999198690057,5420.000059530139,4638.863648332587,1960.0001396611333,640.000005660113,635.988043915241,1120,173.65052300716286,0.2730405463884876,216.9432932628028,0.3411122195431006,245.39422764527532,0.38584723406841176,1.241472194205477e-10,0.05630443144929372,0.000790193873031967,0.03644853791740832,-0.17304921846343452
1.52,152019,0,3859.999938867986,5499.999970197678,4829.264514922195,1640.0000313296914,680.000004649628,632.7519084579154,960,173.66148070017854,0.2744542977727405,216.05625282368968,0.3414549208555404,243.03417493404714,0.384090781371719,6.556242843250554e-10,0.05751132337763615,0.0007612724040407202,0.03274537794564669,-0.17107238734781544
1.525,152519,0,4100.000020116568,5660.000024363399,4980.444250584078,1560.000004246831,680.000004649628,635.4810659456226,920,176.38010369654066,0.27755367256155716,216.01567020751446,0.3399246362849128,243.0852920415675,0.3825216911535301,1.0485994899805773e-09,0.05365980843980078,0.0010078351509071122,0.028138255087948594,-0.16731629226483272
1.53,153019,0,4419.999895617366,5780.000006780028,5129.920872968481,1360.0001111626625,680.0000192015432,637.8141862236307,820,178.6445051518909,0.2800886355469906,215.07032344144994,0.33719902768992643,244.0993576302899,0.38271233676308297,1.865890654642295e-09,0.049907871898849744,0.0009924772160878263,0.022271172563706254,-0.15479874987756334
1.535,153519,0,4620.000021532178,5940.000060945749,5275.879906988437,1320.0000394135714,720.000003639143,638.8876731811639,800,181.86694064747235,0.28466184007263184,214.01863875476502,0.3349863328699372,243.00209377892654,0.380351827057431,6.834604859820153e-10,0.048146717953664486,0.0008726976111972865,0.013433290946202325,-0.15230253358473356
1.54,154019,0,4780.000075697899,6060.000043362379,5417.491526940967,1279.9999676644802,720.000003639143,642.928232826465,760,182.8120750073502,0.28434289501281496,215.99398348567286,0.33595348976372075,244.12217433344185,0.3797036152234642,1.8178477114686305e-09,0.04160169044741448,0.0006800066363522251,0.0017256487832268963,-0.1339073847737704
1.545,154519,0,4940.00012986362,6220.0000975281,5561.297526103063,1279.9999676644802,720.000003639143,644.7444995857134,780,183.8754097884687,0.2851911259524037,215.7823876194911,0.3346789119692282,245.08670217775366,0.38012996207836813,4.976871318185672e-10,0.03923092946065277,0.0007229742355475479,0.0033791383818573273,-0.1300696764771106
1.55,155019,0,5060.00011228025,6340.00007994473,5703.6244331306325,1279.9999676644802,720.000003639143,642.5348186561208,780,183.07455490986402,0.2849255006799,215.065100140741,0.3347135344206802,244.3951636055158,0.38036096489941973,1.477708018870635e-09,0.0424627008931794,0.0008525138137364741,0.0047890423023376205,-0.11764000914274186
1.555,155519,0,5219.999933615327,6499.999901279807,5844.029075747375,1279.9999676644802,680.0000192015432,640.3572089142341,780,181.80406414337997,0.283910388783848,214.0154409339331,0.3342125894027331,244.53770383692097,0.3818770218134188,9.787696408276759e-10,0.045863304365758674,0.0007123767393755479,0.0018134234567009355,-0.11877167768005747
1.56,156019,0,5379.999987781048,6619.999883696437,5988.755724061057,1239.999895915389,680.0000192015432,642.7567034976623,760,183.42523676620598,0.28537273243214506,215.4212320865696,0.33515205818052285,243.91023464488677,0.37947520938733215,6.110222291274118e-10,0.042236843525979055,0.0005479873774530522,0.005761934310537786,-0.12077976573414473
1.695,169519,0,3819.999983534217,5540.000041946769,4747.783290098975,1720.0000584125519,600.0000212225132,641.1424017484408,1000,224.6579874547703,0.3504026357360113,226.37972678524045,0.35308805995031195,190.10468750843006,0.29650930431367684,9.509224059502164e-10,0.052446517398366546,0.0009674163429266081,0.04535908364946145,0.009037869764951745
1.7,170019,0,4179.999930784106,5660.000024363399,4931.597983928767,1480.0000935792923,600.0000212225132,635.2702117730246,880,222.28288369957687,0.3499028910535415,224.60829381812528,0.35356339657615726,188.3790342553224,0.29653371237030124,1.6067053856430888e-09,0.05358930681832356,0.0009571029496774293,0.038039652564056226,0.010088952485826808
1.705,170519,0,4380.000056698918,5820.0000785291195,5098.773853564001,1440.0000218302011,600.0000212225132,633.7488653942875,860,222.86409731464326,0.3516599547298411,222.81432400699677,0.3515814168256895,188.07044407264743,0.29675862844446943,6.655148193386897e-10,0.0535861642554174,0.0010042459112451921,0.03407744688582709,0.00840991801704527
1.71,171019,0,4539.999878033996,5940.000060945749,5261.100991374013,1400.0001829117537,600.0000212225132,632.453560086555,840,221.42538826966492,0.35010537096093125,223.20058698053708,0.35291221532532885,187.82758483635288,0.2969824137137399,6.526051427757051e-10,0.05449399722510273,0.0009861258553006884,0.030323847230201095,0.016826252931465002
1.715,171519,0,4740.000003948808,6100.00011511147,5420.391064354029,1360.0001111626625,640.0000202120282,634.6927698502308,820,224.02833880742756,0.3529713106079525,222.46208902302254,0.3505035815604409,188.20234201978067,0.29652510783160646,1.8603662893454915e-10,0.04971356507055303,0.0010300591495332136,0.028717352895112125,0.012486893742344463
1.72,172019,0,4859.9999863654375,6259.9999364465475,5570.663278802741,1399.99995008111,680.000004649628,637.6879061992337,840,225.71056747120565,0.3539514632110438,223.36620034730683,0.35027510820868574,188.6111383807212,0.2957734285802704,1.2339681673810828e-11,0.04468632795497438,0.0011595349670046919,0.02733767705852197,0.010574626889548244
1.725,172519,0,4979.999968782067,6379.999918863177,5718.594913052526,1399.99995008111,720.000003639143,634.9711935545137,840,223.1765973940575,0.3514751529825066,222.85614375665133,0.3509704786907292,188.9384524038049,0.2975543683267643,4.649485396547281e-10,0.0477611758361983,0.0010629510094389272,0.02602332405023383,0.007131854653655956
1.73,173019,0,5140.000022947788,6539.999973028898,5867.09263624207,1399.99995008111,680.0000192015432,636.5644670298394,840,226.8542157113129,0.3563727280754408,221.07615257677338,0.34729577918211113,188.63409874175326,0.29633149274244813,1.7555348142001071e-09,0.04452728823868568,0.0011264848844802396,0.02177244904885045,0.007297366449677989
1.735,173519,0,5339.999916031957,6659.999955445528,6014.938112768036,1320.0000394135714,680.0000192015432,638.6623034923065,800,226.68123358219856,0.3549312873840678,223.09477328629944,0.34931570575933785,188.88629662380848,0.2957530068565944,9.397306004983252e-10,0.04108680685876021,0.0007985253255369956,0.016432481223127238,0.01776736094767173
1.86,186019,0,3219.999955035746,5099.999951198697,4433.254765839213,1879.999996162951,680.000004649628,573.8592670753077,1080,187.5483791469634,0.3268194658645312,185.12224409874165,0.3225917131951587,201.18864382960268,0.3505888209403102,1.6733726145954743e-09,0.052579360348724416,0.000801830143985508,0.0027477771141493634,-0.10148865057296208
1.865,186519,0,3580.0000187009573,5260.000005364418,4616.898281722246,1679.9999866634607,680.000004649628,573.185929340783,960,188.51956038631002,0.32889774632661517,184.0080455376358,0.32102680145910445,200.65832341683713,0.3500754522142803,1.5916979289410643e-11,0.051612218121757356,0.0009457517185464311,0.0030123107833525675,-0.10806304266029215
1.87,187019,0,4220.000002533197,5379.999987781048,4810.653164242589,1159.9999852478504,680.0000192015432,551.9570988476324,720,173.84514199955981,0.3149613300789337,180.26519428179733,0.3265927635646905,197.84676256627537,0.35844590635637585,2.737199041005778e-09,0.05262398415545967,0.0006440293990232595,-0.0017962815447961078,-0.1065937638871699
1.875,187519,0,4419.999895617366,5540.000041946769,4959.592362994497,1120.000146329403,680.0000192015432,556.4832269510036,700,174.41702674633913,0.31342728459576,183.537179934047,0.3298161939932231,198.52902027061754,0.35675652141101694,3.2956151315546806e-10,0.04255681976359952,0.0005564833117496624,-0.012457110979290364,-0.11486502792686326
1.88,188019,0,4539.999878033996,5660.000024363399,5102.27912138495,1120.000146329403,680.0000192015432,556.069260159042,700,173.22353105246512,0.311514308492653,184.50032485808666,0.3317937855534714,198.34540424849013,0.3566919059538755,1.9779207182521682e-09,0.04383201291708482,0.0007362204264094737,-0.013494742039689755,-0.10379775857203788
1.885,188519,0,4699.999932199717,5820.0000785291195,5245.168776647757,1120.000146329403,680.0000192015432,555.2668755897931,700,173.56167661612153,0.31257343855018876,183.91704090816106,0.33122278492267004,197.78815806551063,0.35620377652714125,1.3378500530462919e-09,0.04503312567982656,0.0007218207266447693,-0.00905930801640914,-0.0932361275874215
1.89,189019,0,4820.00014744699,5940.000060945749,5387.178228525371,1119.9999134987593,680.0000192015432,555.4228015787127,680,173.61666143401249,0.31258468492926667,184.61507085456077,0.3323865536845407,197.19106929013932,0.3550287613861925,3.4385226616008345e-10,0.04392734978629877,0.0005905837374924518,-0.0039152981336501025,-0.08256616739874717
1.895,189519,0,4979.999968782067,6100.00011511147,5528.715850187444,1120.000146329403,680.0000192015432,553.7458374975216,700,173.3034707294137,0.3129657308352938,184.02517628338106,0.332327872864967,196.41719048472692,0.3547063962997392,4.3858622130848097e-10,0.04630522607886688,0.0006411547572333221,-0.007621010341186563,-0.07157909130520618
1.9,190019,0,5140.000022947788,6220.0000975281,5670.813189698073,1080.0000745803118,680.0000192015432,554.0161746261259,680,174.4077283999666,0.31480620311792246,183.6042556030022,0.3314059480788739,196.0041906231571,0.35378784880320363,1.005303793960491e-09,0.04378599666913309,0.000488573384218198,-0.005252227170080226,-0.06668353290704804
1.905,190519,0,5260.000005364418,6379.999918863177,5812.131005850848,1119.9999134987593,680.0000192015432,554.6136972072322,700,175.69421603635774,0.3167866515397461,182.5314766483961,0.3291146208027981,196.38800452247838,0.3540987276574558,1.879243323904689e-09,0.04272558671739382,0.0006450657075585205,-0.006338280269897856,-0.061291444788100446
1.91,191019,0,5420.000059530139,6499.999901279807,5952.492400945674,1079.9998417496681,680.0000192015432,551.5611493635618,680,175.15344533168857,0.31755943204809756,181.67783571765835,0.3293883840935746,194.7298683142148,0.3530521838583278,9.37805780219559e-10,0.04790794075501659,0.0004880010340820668,-0.014592549054107062,-0.05190505499330478
1.915,191519,0,5579.999880865216,6659.999955445528,6093.62521011931,1080.0000745803118,680.0000192015432,553.4223031586354,680,175.67977179720035,0.31744252227370523,183.1334453705918,0.3309108511264637,194.6090859908432,0.35164662659983115,4.920304411331678e-10,0.04405338312129414,0.0005814299887043871,-0.011583981648190633,-0.05220460757064482
2.02,202019,0,3179.999999701977,4940.00012986362,4182.122413130338,1760.000130161643,680.000004649628,667.6241305415842,1020,214.33288170436128,0.3210382487680486,214.01837553826448,0.3205671660858788,239.27287329895847,0.3583945851460726,1.574614456200632e-09,0.042433487879502296,0.000679297528427145,-0.008324117083072735,-0.08294599079459342
2.025,202519,0,3660.0000457838178,5060.00011228025,4368.856755172822,1400.0000664964318,640.0000202120282,664.891907084724,840,214.51902295363828,0.3226374402633587,211.58260915279735,0.3182210625490985,238.7902749782884,0.35914149718754285,4.6495201334921107e-10,0.04627149237471193,0.000621374905540037,-0.016745626454604035,-0.08811686135032998
2.03,203019,0,3859.999938867986,5219.999933615327,4527.876232143234,1359.9999947473407,640.0000202120282,667.7813544120056,820,218.3695095361659,0.3270074974292214,210.65340649740122,0.31545266291971513,238.75843837843843,0.35753983965106345,1.036697725268433e-09,0.04221860720546389,0.0006667343262540254,-0.01718338603196956,-0.08965480408368703
2.035,203519,0,4020.000109449029,5339.999916031957,4678.985001535166,1319.9998065829277,680.0000192015432,664.4874897331456,780,216.96892983784392,0.326520714370375,209.04030672514264,0.3145887769972796,238.478253170159,0.3588905086323454,2.818711461323229e-10,0.046352402791280625,0.00062173100261631,-0.02351650368409447,-0.08377812575864241
2.04,204019,0,4140.000091865659,5499.999970197678,4824.997220564223,1359.9998783320189,680.0000192015432,667.7703542501325,820,218.10681568670054,0.3266194947088088,211.43091159774016,0.31662218942792814,238.2326269656919,0.3567583158632632,1.2470981062420172e-09,0.04230499639831895,0.0007729030937310597,-0.028307674043599296,-0.07890292849225061
2.045,204519,0,4299.999913200736,5660.000024363399,4969.449411199034,1360.0001111626625,680.0000192015432,666.9372720226484,820,217.86665365175895,0.3266673835622138,211.19619648229093,0.3166657575483635,237.87442188859836,0.3566668588894226,8.359136193615855e-10,0.04326149217776763,0.0008137667388081075,-0.031270303308332026,-0.07949816886324246
2.05,205019,0,4459.999967366457,5780.000006780028,5114.393138687366,1320.0000394135714,680.0000192015432,667.2360631914488,800,217.94753387445658,0.3266423173111992,211.5113300514841,0.31699625023234923,237.77719926550816,0.3563614324564516,1.0401836820899193e-09,0.04243150460153516,0.0004962642611383099,-0.037629559671642,-0.08128024217636182
2.055,205519,0,4620.000021532178,5940.000060945749,5259.2783063158695,1320.0000394135714,680.0000192015432,667.4264389798537,800,219.4796625637116,0.32884472317156227,210.66392929979406,0.3156361765077649,237.2828471163481,0.3555191003206729,1.4226440996700108e-11,0.042285348035728816,0.0004557688493274369,-0.039745138282195225,-0.07216019477847369
2.06,206019,0,4780.000075697899,6060.000043362379,5402.442550327137,1279.9999676644802,680.0000192015432,667.6325644279163,760,221.2735768375177,0.33143017376200556,209.25247606588596,0.3134246099052868,237.10651152451268,0.35514521633270757,5.730498635645305e-10,0.04176938891480207,0.00030205961309144326,-0.045525901402245605,-0.05770073838025436
2.065,206519,0,4900.000058114529,6220.0000975281,5543.990526267357,1320.0000394135714,680.0000192015432,670.9116638449514,800,222.710588707004,0.33195217896595214,210.79522630428602,0.31419222181387074,237.4058488336613,0.3538555992201771,1.0470202734393898e-09,0.03755916488159258,0.0004164713646444642,-0.04859149204412866,-0.05537175142479278
2.07,207019,0,5020.000040531158,6340.00007994473,5684.692831450682,1320.0000394135714,680.0000192015432,668.2643856868134,800,221.54837969797848,0.3315280365723524,209.8943624931815,0.3140888052525216,236.82164349565346,0.3543831581751261,1.3631327382296267e-09,0.041252430485457084,0.0004357629885779126,-0.06007949468509455,-0.04696173398913589
2.075,207519,0,5180.000094696879,6499.999901279807,5827.219791799387,1319.9998065829277,680.0000192015432,669.013522952936,800,224.1257537142515,0.3350093025399404,208.5005523680724,0.3116537188183863,236.38721687061215,0.35333697864167324,3.7330391749954037e-10,0.04019898619943025,0.0003934813866094862,-0.06489591688596669,-0.03780763018719191
2.08,208019,0,5339.999916031957,6619.999883696437,5968.966045666331,1279.9999676644802,680.0000192015432,666.3914340279671,780,223.11433786862509,0.33480973265220787,208.58013409579212,0.31299942262919067,234.69696206354993,0.35219084471860146,1.536057309893343e-09,0.04375734894609945,0.000417244488842615,-0.048832753073456525,-0.020538128894635743
2.25,225019,0,4299.999913200736,5780.000006780028,5118.097480983549,1480.0000935792923,640.000005660113,569.7684326535374,880,210.7841538154145,0.3699470552163554,191.64768931118974,0.33636066571579637,167.33658952693318,0.29369227906784817,5.467165753695602e-10,0.05556779286770247,0.000904460817129281,-0.00834777594448649,0.06090839737218773
2.255,225519,0,4659.999860450625,5899.999989196658,5295.252232580724,1240.0001287460327,680.000004649628,573.4204003573441,760,209.8059206651725,0.36588499560606086,194.96845953630367,0.3400096324002481,168.6460201558679,0.29410537199369097,3.0664585349906104e-10,0.04688854478488193,0.000886559917627527,-0.014420533258018897,0.059514322399136566
2.26,226019,0,4820.00014744699,6019.999971613288,5441.685958658854,1199.999824166298,680.000004649628,573.6713643168091,720,208.99172335102452,0.3643056571246411,196.84885737190967,0.3431387195111942,167.8307835938749,0.2925556233641647,1.3181233830704495e-09,0.047730272818657056,0.0008651960430294157,-0.0183580724398128,0.06331620187533143
2.265,226519,0,5020.000040531158,6180.000025779009,5588.012315917306,1159.9999852478504,720.000003639143,578.3320293707341,720,210.2464225019215,0.3635393023808216,199.3345611884278,0.3446714881161222,168.75104568038475,0.29178920950305615,1.901458902528262e-11,0.040281801346172465,0.000782138325642334,-0.014661245533784562,0.062406450605002106
2.27,227019,0,5180.000094696879,6300.000008195639,5730.8196761404215,1119.9999134987593,720.000003639143,578.4031431010638,700,211.65800374308787,0.36593508570562017,199.5422947635326,0.3449882614636255,167.20284459444343,0.28907665283075445,1.4768377612483456e-09,0.03874339518743148,0.0007260679320160525,-0.018154319979774625,0.06345716380547667
2.275,227519,0,5339.999916031957,6460.00006236136,5872.303245557262,1120.000146329403,720.000003639143,576.1341489367094,700,211.970165545181,0.3679180724426504,198.23394840030198,0.3440760259848419,165.93003499122648,0.28800590157250777,1.3552833136771164e-09,0.04219142098219251,0.0006900307849674557,-0.0070652236098565635,0.058472064217469144
2.28,228019,0,5459.9998984485865,6580.000044777989,6013.531344593797,1120.000146329403,720.000003639143,575.5851131718798,700,210.7535491599563,0.3661553162807767,197.88448199007232,0.34379708137270837,166.94708202185123,0.290047602346515,3.3703685417087857e-10,0.04309079432509875,0.0005634338175761977,0.005810395957862424,0.062655763658295
2.37,237019,0,3419.9999645352364,5180.000094696879,4534.082440770107,1760.000130161643,640.000005660113,533.1863197714243,1020,165.59980982573606,0.31058525638228734,173.10136584163604,0.32465455211949956,194.48514410405218,0.3647601914982131,5.908440765194522e-10,0.05707128455526205,0.0009775447771132382,-0.01498415061023839,-0.11266305190838677
2.375,237519,0,4020.000109449029,5339.999916031957,4738.7541872845195,1319.9998065829277,600.0000212225132,521.7680290423357,780,157.54653659665237,0.30194747057579724,171.00366273699294,0.3277388671185101,193.2178297086904,0.3703136623056928,1.861222862465175e-09,0.05301160729107775,0.0008550355348250471,-0.011263256575114233,-0.10676803280317543
2.38,238019,0,4339.999984949827,5459.9998984485865,4906.443052714089,1119.9999134987593,640.0000202120282,519.2536445082388,700,157.73990573430888,0.3037819905601184,169.28227439238702,0.3260107582927154,192.23146438154288,0.3702072511471661,3.486442245730096e-10,0.0531167471897725,0.0008887863103750799,-0.02039859667040772,-0.11520479526381239
2.385,238519,0,4500.000039115548,5619.999952614307,5053.454213444819,1119.9999134987593,680.0000192015432,517.6764272571767,700,157.9383955427104,0.305090954941721,167.59678174358916,0.32374814250587597,192.14124997087714,0.37116090255240314,6.697278310807185e-10,0.05452218079251413,0.0009256496625154163,-0.023437051012336285,-0.11548556857599585
2.39,239019,0,4659.999860450625,5739.999935030937,5196.45581157077,1080.0000745803118,680.0000192015432,518.6182887470163,660,157.00345455327033,0.3027341263505983,169.51439821306946,0.3268577331173894,192.10043598067656,0.3704081405320123,2.0081639304247024e-09,0.05058367626882363,0.0008399274868952544,-0.02183439854423802,-0.12297635293583875
2.395,239519,0,4780.000075697899,5899.999989196658,5339.585859657983,1119.9999134987593,720.000003639143,518.7185885576114,680,156.64883226210577,0.3019919388231208,169.81368074177152,0.32737149677625477,192.25607555373415,0.3706365644006244,6.403070617496341e-10,0.04972381961149232,0.0009184021313314508,-0.018187489267911305,-0.12001634436279146
2.4,240019,0,4940.00012986362,6019.999971613288,5484.627480452594,1079.9998417496681,680.0000192015432,517.657051103507,680,156.14001680512683,0.30162830096156884,169.57059957602613,0.3275732441286113,191.94643472235407,0.37079845490981983,6.310555867095278e-10,0.05170335173483174,0.0009699649025959013,-0.017707693202364705,-0.12133005662900725
2.405,240519,0,5099.999951198697,6180.000025779009,5630.67252044901,1080.0000745803118,680.0000192015432,519.75727577805,680,157.87892084858353,0.3037550953226135,169.9462774640188,0.32697238765848524,191.93207746544772,0.3692725170189012,2.132507420822553e-09,0.04961647712431569,0.0007823910062882412,-0.01875520887560944,-0.1164216152444969
2.41,241019,0,5260.000005364418,6300.000008195639,5774.460957343534,1040.0000028312206,680.0000192015432,520.2382746646559,660,156.44271381488653,0.30071357959144596,171.7306046683454,0.3300999042775975,192.064956181424,0.3691865161309566,1.1642624799962253e-09,0.04955792007498831,0.0006000128892612066,-0.017046162853854685,-0.11071638095457315
2.415,241519,0,5379.999987781048,6460.00006236136,5918.791234280101,1080.0000745803118,680.0000192015432,518.0090994617698,680,155.78889693232864,0.30074548322452044,171.2592913651645,0.330610584916576,190.96091116427664,0.36864393185890354,5.398641950498915e-10,0.055116503027912996,0.0005843772247000957,-0.012827631152851293,-0.1217776740296429
2.42,242019,0,5540.000041946769,6619.999883696437,6061.024738615699,1079.9998417496681,680.0000192015432,517.3475286722127,680,157.02510808617222,0.30351958670640933,169.66757521611572,0.32795667479377444,190.6548453699246,0.3685237384998161,9.982047936424888e-10,0.05635592991065933,0.0006857036077938684,-0.015489050023738293,-0.11986859260023325
2.535,253519,0,3780.0000282004476,5300.000077113509,4613.7715152961655,1520.0000489130616,560.0000076810829,519.8862591057226,900,174.40194126549358,0.3354617249655519,165.08243955156976,0.31753568527765036,180.40187828865933,0.3470025897567977,1.7275345690774449e-09,0.06165975829616819,0.0007747250830996768,-0.018068621047988953,-0.04187096148586078
2.54,254019,0,4059.9999483674765,5420.000059530139,4795.028800236261,1360.0001111626625,600.0000066705979,524.765985275242,820,176.56064867556168,0.3364559701463022,165.64838152543211,0.31566143037748307,182.5569550742482,0.34788259947621475,1.7576973762015543e-10,0.05240516806536163,0.0008294347469418714,-0.011693594544591901,-0.040573808352401264
2.545,254519,0,4339.999984949827,5540.000041946769,4971.882456206021,1200.0000569969416,600.0000212225132,522.4609745127649,740,177.31546987220017,0.33938509960013863,164.7734269673793,0.3153793967502419,180.37207767318537,0.34523550364961947,3.0324667944629585e-10,0.056256884199121136,0.0006889904728031129,-0.022306643448976704,-0.036986539027410725
2.55,255019,0,4539.999878033996,5699.999863281846,5126.6230109118915,1159.9999852478504,640.0000202120282,524.4684534549482,700,177.89151541738175,0.33918439564003755,164.95516437196125,0.3145187537692977,181.62177366560513,0.3462968505906646,2.8687347614166014e-10,0.05253224382215105,0.0008360514110283108,-0.03845857263034619,-0.04026434029365
2.555,255519,0,4740.000003948808,5820.0000785291195,5276.25568008561,1080.0000745803118,720.000003639143,525.8734029128694,680,179.9409403871573,0.34217539694999793,164.15437454860987,0.31215568925779685,181.77808797710222,0.34566891379220516,4.501657583676705e-10,0.05019977872254145,0.001001883566712751,-0.033908292718862365,-0.038612948633471755
2.56,256019,0,4900.000058114529,5980.00013269484,5419.789342930333,1080.0000745803118,680.0000192015432,525.9457820906609,680,181.52543137598792,0.3451409585497866,162.97177530771324,0.3098642119723676,181.44857540695983,0.34499482947784577,3.81898802223547e-10,0.05022001278680567,0.001070285194584563,-0.032189510989465764,-0.028159743891790046
2.565,256519,0,5060.00011228025,6100.00011511147,5561.215300925078,1040.0000028312206,680.0000192015432,524.9640704928602,660,181.1892693922518,0.3451460387034546,163.62805983230677,0.31169382635784065,180.1467412683017,0.34316013493870484,3.3698367278586525e-09,0.05206135711768498,0.0007631194801771146,-0.03532777395566439,-0.02953289338356474
2.57,257019,0,5180.000094696879,6220.0000975281,5703.819302070051,1040.0000028312206,680.0000192015432,525.471923901102,660,181.86813563298486,0.34610438229086793,164.28589026724737,0.3126444683239961,179.31789800086975,0.34125114938513595,1.6244021106491947e-09,0.05135049264210852,0.0007208700993173057,-0.028436929849604664,-0.024036583383747867
2.575,257519,0,5339.999916031957,6379.999918863177,5845.080046893436,1040.0000028312206,680.0000192015432,527.2017233486902,660,181.4219954464287,0.3441225387012564,166.00571396955422,0.31488082572097054,179.77401393270728,0.34099663557777316,1.8323214531043323e-09,0.04822161827437101,0.0007756310150224802,-0.027830529618609157,-0.012001491090806726
2.58,258019,0,5459.9998984485865,6539.999973028898,5983.851582864533,1080.0000745803118,680.0000192015432,524.2410686974564,680,179.84899153426406,0.3430654373971916,165.51710996334242,0.3157270955032018,178.87496719984998,0.3412074670996066,3.87035014299193e-10,0.05349701338167543,0.0007958312039086653,-0.017806604862338815,-0.006261559740487366
2.585,258519,0,5619.999952614307,6659.999955445528,6125.733076874915,1040.0000028312206,680.0000192015432,529.6434955876567,660,183.1709496001177,0.3458381932867571,166.34319930518348,0.31406634970683495,180.12934668235553,0.340095457006408,4.341775442212799e-11,0.04348614171469069,0.0006939571351790309,-0.020037505762167174,-0.007825603226974898
2.675,267519,0,3660.0000457838178,5420.000059530139,4656.923767576202,1760.0000137463212,520.0000232434832,555.623785640617,1020,178.81732714776157,0.3218316633827883,189.97676731172024,0.34191618901390786,186.82969118113525,0.3362521476033039,4.825430523048733e-10,0.05575176376383854,0.0008750841782383178,-0.004834673215748764,-0.06643386539386609
2.68,268019,0,4220.000002533197,5540.000041946769,4872.747320103844,1320.0000394135714,560.0000222329982,553.7674438573624,800,179.2945975430834,0.32377236966871153,190.51587333734315,0.34403588627433934,183.95697297693582,0.332191744056949,1.302980534207108e-09,0.047615518786658505,0.0008621893424025548,-0.01087160167353074,-0.06833698130522442
2.685,268519,0,4419.999895617366,5660.000024363399,5038.3411313822535,1240.0001287460327,600.0000212225132,554.3597377263975,760,179.0553969113814,0.32299495206081075,191.45113155601774,0.3453554046713757,183.85320925899836,0.33164964326781343,9.071054509249101e-11,0.04471154931074638,0.0009309124716044864,-0.008591703087309721,-0.05727114951290796
2.69,269019,0,4579.999949783087,5780.000006780028,5191.819128977149,1200.0000569969416,640.0000202120282,553.0563978228259,740,178.73698519882893,0.3231803951684655,190.72161238933916,0.3448502054042555,183.5978002346578,0.33196939942727893,9.700508008759498e-11,0.046230009266762566,0.0011267979381195288,-0.005590959085645886,-0.058763327564122725
2.695,269519,0,4780.000075697899,5940.000060945749,5344.111989986515,1159.9999852478504,640.0000202120282,549.122324706475,700,176.30801871036664,0.32107239275804245,189.6720431258335,0.3454094554017993,183.1422628702748,0.33351815184015826,7.723837076340248e-10,0.05038899425411371,0.0008398101750774432,-0.015639087265187757,-0.03878307016198068
2.7,270019,0,4940.00012986362,6060.000043362379,5490.889255357863,1119.9999134987593,680.0000192015432,550.5092100945548,700,178.03928978221478,0.32340837631333175,189.21603620333264,0.34371093659056695,183.25388410900743,0.33288068709610136,4.0710165976712717e-10,0.04719730580335686,0.0006614132349123167,-0.015806797704725095,-0.03927758979664803
2.705,270519,0,5060.00011228025,6220.0000975281,5634.616094728325,1159.9999852478504,680.0000192015432,552.8801411861529,720,178.65795560340987,0.323140482528665,190.77701060801056,0.3450603420096013,183.44517497473245,0.33179917546173376,5.869638124176411e-10,0.04287187784399714,0.000820740166792943,-0.009993628724736692,-0.042138192761572324
2.71,271019,0,5219.999933615327,6340.00007994473,5777.853992007701,1120.000146329403,680.0000192015432,550.6944649300859,700,178.48941947738777,0.3241169665652044,189.04076032680996,0.34327702994220194,183.16428512588814,0.3326060034925936,1.4029890981327943e-09,0.04568830239772355,0.0006690880081237411,-0.008964988353739378,-0.045698714164942034
2.715,271519,0,5339.999916031957,6499.999901279807,5921.93828733163,1159.9999852478504,680.0000192015432,552.0373826700862,720,178.74249955824968,0.3237869484376414,190.11607772869627,0.34438986144225536,183.17880538314023,0.3318231901201033,4.52297990006724e-10,0.04314498903086929,0.0008024850125063583,-0.010495659134688196,-0.047881490459812104
2.72,272019,0,5499.999970197678,6619.999883696437,6066.25538261571,1119.9999134987593,680.0000192015432,549.4734974446515,700,178.9349617988513,0.32564802967021256,188.48481848820165,0.3430280429625047,182.05371715759847,0.3313239273672826,1.8943487003488955e-09,0.04616938849393713,0.0007842502493261316,-0.003983310070789614,-0.049884001621559704
2.835,283519,0,3499.999991618097,5060.00011228025,4326.322424585318,1560.0001206621528,640.000005660113,647.8382529343047,920,190.19471977524165,0.2935836513416393,212.5190154303233,0.3280433263515148,245.12451772873968,0.3783730223068458,1.432391635507383e-10,0.05153908765118671,0.0006833139336775986,0.002528643497454408,-0.13286217334643086
2.84,284019,0,3780.0000282004476,5180.000094696879,4493.221957846227,1400.0000664964318,640.0000202120282,650.1947831531726,840,191.16745445118408,0.29401566946462093,214.45332979167762,0.32982936090577153,244.57399891031088,0.37615496962960754,1.59085015689603e-10,0.04798743603299812,0.0005879840709533647,-0.004932529882756276,-0.12686359774694744
2.845,284519,0,3980.000037699938,5339.999916031957,4646.117469373011,1359.9998783320189,640.0000202120282,652.0343507474794,800,193.43880476896243,0.2966696532892906,214.0607985178636,0.3282968117745154,244.5347474606534,0.375033534936194,1.0353944725047199e-10,0.04461153223991579,0.0007311487859971634,-0.024509278594923467,-0.12150855170950337
2.85,285019,0,4140.000091865659,5459.9998984485865,4793.998121934861,1319.9998065829277,720.000003639143,650.1659011048607,800,193.5532283978015,0.2976982152845703,212.5641201456621,0.3269382780370992,244.04855256139723,0.37536350667833057,1.0079438749304828e-09,0.04708164146001967,0.0006978700264418427,-0.0008656118711021232,-0.11609016922029691
2.855,285519,0,4299.999913200736,5619.999952614307,4942.902566361988,1320.0000394135714,720.000003639143,651.0364311664007,800,193.0543494408755,0.2965338653859942,213.88378633005897,0.3285281377370288,244.09829539546607,0.3749379968769769,1.0926628670833665e-09,0.04670301961166328,0.000606077807235889,-0.008892862254428036,-0.11600923504275668
2.86,286019,0,4419.999895617366,5780.000006780028,5095.093404288769,1360.0001111626625,680.0000192015432,650.8268739205188,820,192.2871497047552,0.29545053747771016,215.6153147723853,0.33129442469629333,242.9244094433783,0.3732550378259965,2.946822051124497e-10,0.05585715155381374,0.0007064140340743074,-0.015589749220197346,-0.11104511174832421
2.865,286519,0,4579.999949783087,5940.000060945749,5238.544712728057,1360.0001111626625,680.0000192015432,658.6235244238965,820,195.6971163579107,0.2971304684707225,217.64029810214666,0.3304471978776016,245.28610996383907,0.3724223336516759,4.1157484789729913e-10,0.0466233429148366,0.0005859403849205145,-0.020326170268654797,-0.10693557662216191
2.87,287019,0,4740.000003948808,6060.000043362379,5382.711762436355,1320.0000394135714,680.0000192015432,659.78100310816,800,195.9705069757978,0.2970235669905636,218.31437565263278,0.3308891505274877,245.49612047972934,0.37208728248194867,1.464065960320948e-10,0.044976142213797254,0.00044222755303813466,-0.013509479822377712,-0.10352808499879984
2.875,287519,0,4900.000058114529,6220.0000975281,5528.068978160446,1320.0000394135714,680.0000192015432,656.9203766396054,800,194.5338828037358,0.296130078654052,217.02857499227622,0.330372725081933,245.35791884359335,0.373497196264015,1.2220172499781583e-09,0.04881924587079998,0.0005371146053203022,-0.011819685118681977,-0.1014204626881452
2.88,288019,0,4979.999968782067,6340.00007994473,5670.192387832335,1360.0001111626625,680.0000192015432,666.0242176740334,820,199.09281229542736,0.2989272867445005,220.85398367859233,0.33160053015772323,246.0774217000137,0.36947218309777635,3.942005702769537e-12,0.035659303385553336,0.0004349081137516333,-0.0036582408074612993,-0.11177770884656041
2.885,288519,0,5140.000022947788,6499.999901279807,5814.5791654916375,1359.9998783320189,680.0000192015432,663.4210172404485,820,197.7987123059494,0.2981496020863321,220.37027889885033,0.3321725920223295,245.2520260356488,0.3696778058913384,4.816079727642755e-10,0.04030715372086967,0.00043282186006898625,-0.0006713361081712721,-0.11855907237614893
2.89,289019,0,5300.000077113509,6619.999883696437,5956.792154590292,1319.9998065829277,680.0000192015432,662.0944234106638,800,196.75865838296804,0.2971761299081786,220.55968288157732,0.3331242117180245,244.7760821461185,0.369699658373797,7.914283648606693e-10,0.04061260014245324,0.0004526083389123061,0.000332326794633353,-0.10940376875772156
3.065,306519,0,4979.999968782067,6220.0000975281,5615.280997999255,1240.0001287460327,600.0000212225132,543.0459190903381,760,186.16184108299404,0.34281049638460714,195.61496276937103,0.3602180881812862,161.269115237973,0.29697141543410654,6.706237668087804e-10,0.05438587557067277,0.0013953468719449063,0.030417674034360243,0.038164602618869725
3.07,307019,0,5219.999933615327,6379.999918863177,5770.089283180655,1159.9999852478504,680.000004649628,541.6823268787458,720,187.04691729711317,0.3453074025414588,194.2635034708981,0.3586299456921057,160.37190611073453,0.29606265176643537,1.8409614366443882e-09,0.05631665619154342,0.0008834805777232647,0.032628360848523,0.04193055339810303
3.075,307519,0,5339.999916031957,6499.999901279807,5915.392865233682,1159.9999852478504,680.000004649628,542.2554057676671,720,188.47222645753132,0.34757094987501796,192.8113205985105,0.35557288788213903,160.97185871162526,0.296856162242843,5.916551521859176e-10,0.05579013267033062,0.0007750752350169445,0.04380303631909943,0.03800241946978816
3.08,308019,0,5499.999970197678,6659.999955445528,6059.436750082856,1159.9999852478504,680.0000192015432,540.6380954883666,720,187.47569296826074,0.3467674485626306,192.86951315704198,0.3567442153383957,160.29288936306386,0.2964883360989737,2.116649604078403e-09,0.05930038505710785,0.000694664019311262,0.04256673805815847,0.05027559820345151
3.22,322019,0,3780.0000282004476,5300.000077113509,4628.610391006069,1520.0000489130616,680.000004649628,621.1302263229529,900,178.15392106974298,0.28682217274210214,209.77231749253644,0.3377267899750649,233.20398776067347,0.37545103728283297,1.4673577819635115e-09,0.05652697548717272,0.0007167935304562466,0.01754211486983326,-0.1204713553754792
3.225,322519,0,4100.000020116568,5459.9998984485865,4790.849613746341,1359.9998783320189,680.000004649628,621.6455691715233,820,177.95902146610334,0.28627087570699183,211.77217394844354,0.34066385163924773,231.9143737569764,0.3730652726537604,2.31029738742098e-10,0.05070797769353565,0.0007820600486106269,0.0035932200230050504,-0.12044089364129273
3.23,323019,0,4299.999913200736,5579.999880865216,4944.452044783932,1279.9999676644802,720.000003639143,622.8845114668728,780,180.84257247305297,0.29033082239783836,210.5673558400001,0.3380520015566301,231.4745831538198,0.3716171760455315,1.2847826052745664e-09,0.046416129204475506,0.0006971577833977484,-0.006766652648105775,-0.11046528705061742
3.235,323519,0,4459.999967366457,5739.999935030937,5091.967782082885,1279.9999676644802,720.000003639143,623.8749358384229,760,180.59557694883978,0.2894740060460005,211.59561852360605,0.33916351878961704,231.68374036597703,0.3713624751643825,1.351896999142286e-09,0.04271298171465706,0.0007128992901929715,-0.0031329641596524738,-0.0938570983676158
3.24,324019,0,4579.999949783087,5860.000150278211,5231.471860419315,1280.0002004951239,720.000003639143,623.034996151742,780,178.78819443021553,0.2869633255507707,213.79627987576973,0.3431529227030756,230.45052184575675,0.36988375174615373,9.55854412000183e-11,0.042810290564978384,0.0007040414774631937,-0.002995440950937067,-0.09228761601739399
3.245,324519,0,4740.000003948808,6019.999971613288,5373.619620721847,1279.9999676644802,680.0000192015432,621.6415561755807,780,177.80301882152716,0.2860217709951605,212.42106596782872,0.3417098870845614,231.41747138622483,0.372268341920278,5.245953495572536e-10,0.04453552653798514,0.0007678890470469785,-0.004067222047286045,-0.0976969738035075
3.25,325019,0,4900.000058114529,6139.999954029918,5517.499263231353,1239.999895915389,680.0000192015432,621.6939553282111,760,176.92396686914418,0.28458370127748894,213.2698907629305,0.34304642812610076,231.50009769613652,0.3723698705964104,1.4129531785390583e-09,0.04404662298924445,0.0007432116680152488,-0.007587977352659592,-0.09205669667014255
3.255,325519,0,5060.00011228025,6300.000008195639,5657.900005575576,1239.999895915389,680.0000192015432,622.1677099582625,760,176.75723599454884,0.28409901890666484,213.7807995483279,0.34360638799893545,231.6296744153858,0.3722945930943996,3.463416923560387e-10,0.043335654915854484,0.0006138309579713434,-0.004546313424503512,-0.08794416665392935
3.26,326019,0,5180.000094696879,6419.999990612268,5798.34802970222,1239.999895915389,680.0000192015432,622.8365402116646,760,177.06212576901984,0.2842834585601659,214.5368636251602,0.34445131230138176,231.23755081748442,0.37126522913845217,4.057558992579336e-10,0.042464570692211635,0.0005491225788072855,-0.005428590651025855,-0.08779325042965491
3.265,326519,0,5339.999916031957,6580.000044777989,5941.120385467229,1240.0001287460327,680.0000192015432,619.9825978931788,760,176.81106499770155,0.2851871417012991,213.36966208349568,0.3441542759564014,229.80187081198162,0.37065858234229954,5.761819906508046e-10,0.047046349442685036,0.0006443143831218047,-0.006543904343116302,-0.08712357865713721
3.27,327019,0,5459.9998984485865,6739.999866113067,6082.754486011522,1279.9999676644802,680.0000192015432,620.5923440225454,740,176.89312141747592,0.28503916157085174,213.99088801923696,0.34481715747924685,229.70833458583252,0.37014368094990147,5.71720511052417e-10,0.04402912662935842,0.00038862240040333476,-0.006175538164421346,-0.08467550139460556
3.41,341019,0,3700.000001117587,5420.000059530139,4679.405393894022,1720.0000584125519,680.000004649628,636.9102232751454,1000,232.4546824561609,0.36497244660451994,203.35506157652003,0.3192837140073203,201.1004792424645,0.3157438393881598,8.048765787830589e-10,0.053611987790522356,0.0006487930113651904,-0.02918823484485139,0.02276826313508956
3.415,341519,0,4140.000091865659,5540.000041946769,4861.8487832820465,1399.99995008111,640.0000202120282,638.637126494758,840,233.89251204487414,0.3662369479341473,203.35497884462222,0.3184202270869565,201.38963560526173,0.31534282497889626,9.922893001165035e-10,0.05096943195380821,0.0005916892706746861,-0.025175461654950437,0.009141338595318627
3.42,342019,0,4339.999984949827,5699.999863281846,5015.721587410663,1359.9998783320189,640.0000202120282,634.3050320094295,800,229.41646593242146,0.3616816111416423,202.96634753246187,0.3199822440151233,201.92221854454615,0.3183361448432344,1.0909158153623079e-09,0.05655429527925409,0.0005620319654682097,-0.03044483068245385,0.015439179508804302
3.425,342519,0,4500.000039115548,5820.0000785291195,5161.827074302221,1320.0000394135714,680.0000192015432,638.3414689918199,800,232.94591152911417,0.3649236699239092,202.7358403655702,0.3175977908591243,202.6597170971355,0.31747853921696656,1.6316749271223706e-09,0.050590510220422824,0.0006666240933058751,-0.026643729941534633,0.014954677197678734
3.43,343019,0,4659.999860450625,5980.00013269484,5307.142819645364,1320.000272244215,680.0000192015432,639.9174550214273,800,233.4703456163328,0.36484447139907317,204.57452847086492,0.3196889331046844,201.8725809342295,0.3154665954962424,4.18917290237623e-10,0.047222401416564065,0.0008583783053076251,-0.015832531178957276,0.011825791174229106
3.435,343519,0,4820.00014744699,6100.00011511147,5451.04897358012,1279.9999676644802,680.0000192015432,639.6737257244779,760,233.9860003298815,0.36578960635732694,204.8915176922656,0.32030628967949365,200.79620770233078,0.31390410396317936,5.198515772030085e-10,0.04635410270751488,0.0007038005279644866,-0.004054430615775151,0.023704242188275437
3.44,344019,0,4979.999968782067,6259.9999364465475,5593.604646598683,1279.9999676644802,680.0000192015432,638.1034778375939,780,233.26286653401985,0.36555648830578613,204.10583481560667,0.3198632226661432,200.73477648796737,0.3145802890280706,2.041404772129881e-10,0.04924011918562651,0.0006307318429535512,-0.00032875501989793054,0.03125084663597255
3.445,344519,0,5099.999951198697,6379.999918863177,5735.900239668569,1279.9999676644802,680.0000192015432,636.2548709091085,780,234.09840476699034,0.36793180763001526,203.24983389053085,0.31944719511556535,198.90663225158735,0.31262099725441933,1.286677394650798e-09,0.05190780871182354,0.0006888108410996086,-0.0037112996541700527,0.03509673886285697
3.45,345019,0,5219.999933615327,6539.999973028898,5877.307594170079,1320.0000394135714,680.0000192015432,639.408202911702,800,235.13662956211266,0.36774102754916244,205.47023443354598,0.32134438297458007,198.80133891604345,0.3109145894762576,2.14856792735511e-09,0.047281217499369796,0.0006643373527065426,-0.005737605989994232,0.04913191771871267
3.455,345519,0,5379.999987781048,6659.999955445528,6020.03659030925,1279.9999676644802,680.0000192015432,642.7220706238976,780,237.64530709645564,0.36974816636648344,206.07090640478376,0.3206221099654294,199.00585712265817,0.30962972366808705,1.2681506547316793e-09,0.042179354059706006,0.0005408927876812365,-0.010253618264881692,0.05286659881326211
3.585,358519,0,3980.000037699938,5420.000059530139,4758.762170489772,1440.0000218302011,640.000005660113,586.9505764870896,840,193.40314806708946,0.3295049972088127,191.73408947526528,0.32666138710144466,201.81333894473482,0.3438336156897426,6.943502902537976e-10,0.0498983375537047,0.0007232122457491013,-0.016995069994167056,-0.05507106945012663
3.59,359019,0,4299.999913200736,5579.999880865216,4939.729140210106,1279.9999676644802,640.000005660113,586.5186457233017,780,192.3837878895649,0.32800967077920423,193.43786613676988,0.32980684850729686,200.6969916969669,0.34218348071349897,5.896554290874482e-10,0.0491103786809887,0.0007448686767963231,-0.023351646275420246,-0.044647772835773925
3.595,359519,0,4500.000039115548,5699.999863281846,5092.947345089004,1199.999824166298,680.000004649628,588.0271379138335,720,192.5880909114269,0.3275156510542678,193.13573802055637,0.3284469807052638,202.30330898185025,0.34403736824046843,1.4411432478177042e-09,0.044587800757429165,0.0008496923758634331,-0.020941368897867574,-0.04778266344036319
3.6,360019,0,4620.000021532178,5860.000150278211,5238.33969064974,1240.0001287460327,720.000003639143,586.5559380805196,760,190.31162935392655,0.32445606121849796,193.4591640337348,0.3298221899633682,202.7851446928583,0.3457217488181339,2.7460085894292977e-09,0.0469211434157804,0.000789599366884571,-0.03038942150604962,-0.03992964342269345
3.605,360519,0,4740.000003948808,5980.00013269484,5380.131941255194,1240.0001287460327,680.0000192015432,584.8885718990185,760,190.3357606700869,0.32542225958032306,191.7727647902371,0.3278791448558971,202.7800464386946,0.34669859556377985,1.2038064283750223e-09,0.049677754933490824,0.0007609721944581241,-0.025592176606790362,-0.04260465841576927
3.61,361019,0,4900.000058114529,6139.999954029918,5522.452098209008,1239.999895915389,680.0000192015432,580.8450949037194,760,190.07709026849017,0.32724230941469384,189.47905681582733,0.32621271743240815,201.28894781940198,0.34654497315289806,1.096488356145178e-09,0.05662717321606461,0.0007970965935466056,-0.02512002643085426,-0.036506082981858756
3.615,361519,0,5060.00011228025,6259.9999364465475,5667.234751076991,1199.999824166298,680.0000192015432,587.6871757070458,740,191.55320198151816,0.32594415855860853,191.8228992737094,0.32640307157107434,204.31107445181823,0.3476527698703172,8.437206430536599e-10,0.045583901717634726,0.0007398629300509295,-0.025648287189861563,-0.03456672979280412
3.62,362019,0,5219.999933615327,6379.999918863177,5811.290689626618,1159.9999852478504,680.0000192015432,585.5751273564944,720,190.8869020334806,0.3259819160954046,191.2693214072883,0.32663498238176497,203.4189039157254,0.34738310152283036,1.1445706192624731e-09,0.04843567951247253,0.0004934580215106275,-0.03645967623969876,-0.03256831539417038
3.625,362519,0,5379.999987781048,6539.999973028898,5952.352898181189,1159.9999852478504,720.000003639143,587.9359531489458,720,192.63162878736995,0.32764049851969046,191.54927874956698,0.325799566642662,203.7550456120089,0.34655993483764763,8.495090732869319e-10,0.04464182716161255,0.0008045275108040277,-0.03661256451161354,-0.030375620061815656
3.63,363019,0,5499.999970197678,6700.000027194619,6089.521951336513,1200.0000569969416,680.0000192015432,584.0668428900774,720,192.42860399033296,0.32946332484507845,189.2000754524138,0.3239356552346213,202.4381634473306,0.3466010199203003,7.373819959905193e-10,0.05075333230172046,0.0005572483795130412,-0.032321950337815875,-0.02851127186772362
3.76,376019,0,3819.999983534217,5619.999952614307,4840.983595435568,1799.9999690800905,600.0000066705979,607.6463359752523,1040,206.69404084147962,0.34015516691916275,204.34952998276023,0.3362968191930031,196.60276515101245,0.3235480138878341,5.986727709512681e-10,0.05773689378480655,0.0008787266477706257,0.004956986242767858,-0.020169672320196674
3.765,376519,0,4380.000056698918,5739.999935030937,5045.931615401556,1359.9998783320189,600.0000212225132,603.4478028449897,800,205.14508816811792,0.33995498401178936,202.83612511723038,0.33612869938534484,195.46658955964148,0.32391631660286585,5.3262668161637736e-11,0.05388214897266204,0.0006257347263091918,-0.003119159922361059,-0.009702748097245695
3.77,377019,0,4579.999949783087,5860.000150278211,5203.9854223341035,1280.0002004951239,640.000005660113,600.8999312797849,780,203.8273507842052,0.3392034849298413,203.16326153461935,0.33809832712399585,193.90931896096038,0.32269818794616284,3.444509381512441e-10,0.057548196649686266,0.0006830367352044386,-0.008060497824819768,-0.0013462547547422599
3.775,377519,0,4699.999932199717,5980.00013269484,5348.917139023954,1280.0002004951239,680.000004649628,605.2908705000206,780,206.69594166131307,0.34148200763471787,204.80251469620234,0.3383538802212867,193.79241414250515,0.3201641121439953,6.998927456417646e-10,0.05021886187438547,0.0008327215618632043,-0.006753642093026535,-0.0039948117684658335
3.78,378019,0,4820.00014744699,6139.999954029918,5491.853624609677,1319.9998065829277,720.000003639143,604.9697279205988,780,205.89918888124515,0.3403462675545132,205.34644607654656,0.33943259736708337,193.72409296280705,0.3202211350784035,2.5053392656871765e-09,0.05031028726218988,0.0008322112122326294,-0.000831293385619547,0.0023805366836703312
3.785,378519,0,5020.000040531158,6259.9999364465475,5642.086280815758,1239.999895915389,720.000003639143,603.6418771074402,760,207.08963281391698,0.3430670413495149,203.84069511647687,0.3376848142034982,192.7115491770464,0.3192481444469869,5.833282798023728e-10,0.05231749840367757,0.0007752995147719022,0.008384588912585478,-0.003168658311103023
3.79,379019,0,5180.000094696879,6419.999990612268,5786.955849143831,1239.999895915389,680.0000192015432,604.6530447368731,760,206.30427442770218,0.3411944688337419,205.44486269193186,0.3397731384637868,192.90390761723907,0.3190323927024713,4.633390259052763e-10,0.051318515869691494,0.0006381225539162514,0.008402342473418756,0.0004202329506712288
3.795,379519,0,5300.000077113509,6539.999973028898,5927.937396456348,1239.999895915389,720.000003639143,604.4521385214837,760,206.73135907100414,0.3420144390202309,206.02843785763855,0.34085153269801166,191.692341592841,0.31713402828175746,7.489988226311928e-10,0.05186936349700777,0.00039070446823732697,0.006692891938359535,0.005807755972211337
3.8,380019,0,5420.000059530139,6700.000027194619,6067.281390199154,1279.9999676644802,720.000003639143,608.5088498032859,760,207.87824600380165,0.341619100644145,207.93108076894586,0.34170592726164006,192.6995230305384,0.31667497209421497,1.1869687331010027e-09,0.045474401090664696,0.00044524086700013077,0.004006356161708413,0.01957344018539875
3.955,395519,0,3780.0000282004476,5899.999989196658,5064.25405995709,2119.9999609962106,600.0000066705979,632.6442828382593,1200,211.57646158549318,0.3344319506631572,207.85215012007137,0.32854505408248585,213.21567113269478,0.337022995254357,7.016972868142195e-10,0.05881320724301218,0.000659205137435629,-0.00031687082261500077,-0.018586765977497144
3.96,396019,0,4220.000002533197,6060.000043362379,5255.016067383243,1840.0000408291817,600.0000066705979,630.6785348163882,1060,211.6642507187144,0.33561353214651113,207.30174354724213,0.32869636764725896,211.7125405504316,0.3356901002062299,6.699643406280406e-11,0.061202347071072395,0.00076707248207615,-0.004229917176157061,-0.013508616266985962
3.965,396519,0,4620.000021532178,6180.000025779009,5451.385499041555,1560.000004246831,640.000005660113,635.682014885005,920,211.90516998511248,0.3333508971831556,209.6344199106763,0.3297787494406291,214.1424249892162,0.33687035337621535,4.0098509696639174e-10,0.050308360385351095,0.0007624164797684968,-0.006923106491450337,-0.0156417870020763
3.97,397019,0,4900.000058114529,6300.000008195639,5622.6052757269845,1399.99995008111,680.000004649628,628.9961353124274,840,209.3305681521404,0.3328010402610252,205.60336291500082,0.3268753993422805,214.06220424528618,0.3403235603966943,1.3087567024259363e-10,0.05730165181430394,0.0008059406363723908,-0.008726616389673869,-0.02111465283303715
3.975,397519,0,5060.00011228025,6419.999990612268,5767.944188156581,1359.9998783320189,680.000004649628,630.1417538966884,820,210.44484664936962,0.3339642950939449,205.81470514546947,0.326616517430795,213.88220210184932,0.3394191874752601,1.2312242108140996e-10,0.053544372297590806,0.0009691581811986556,-0.009502001742728305,-0.014574612051530433
3.98,398019,0,5219.999933615327,6580.000044777989,5917.450187817186,1360.0001111626625,720.000003639143,627.1436628089255,820,208.9855053547633,0.3332338629058838,205.7333114780067,0.3280481390125891,212.4248459761555,0.3387179980815271,1.6915096100656126e-09,0.05747442410015733,0.001048873693508537,-0.009202987051918798,-0.013090690627548585
4.17,417019,0,5260.000005364418,6580.000044777989,5982.425053031131,1320.0000394135714,600.0000212225132,529.3082769627168,800,191.49415174866013,0.3617818955099176,206.63210261757496,0.39038139324643434,131.18202259648174,0.24783671124364806,9.287736945769963e-10,0.059443803053178514,0.0010123749747836433,0.08819345146857449,0.09967366148873041
4.175,417519,0,5579.999880865216,6739.999866113067,6141.816799859694,1159.9999852478504,640.0000202120282,526.9636772993407,680,192.7554264555358,0.36578503369225857,204.49945173803908,0.38807124769222673,129.7087991057658,0.24614371861551468,6.859921018368626e-10,0.05025498317818854,0.000955574106252246,0.09044721334132733,0.10043530403535028
4.255,425519,0,3540.000063367188,5140.000022947788,4476.318135269211,1599.9999595806003,600.0000066705979,533.9615865284401,920,170.91088980267767,0.32008087119872725,144.62179290353671,0.2708468109921496,218.4289038222256,0.40907231780912306,6.168548719317398e-10,0.03862329128538251,0.0006864976852159887,-0.10766648308458848,-0.13498702312438982
4.26,426019,0,4020.000109449029,5260.000005364418,4662.250121443431,1239.999895915389,640.000005660113,532.2531848400209,740,170.81008450779467,0.32091885849238266,144.0417658173412,0.2706264047262315,217.401334514885,0.4084547367813858,7.661608698452406e-10,0.039143479428896275,0.000711210522757579,-0.09691369675749273,-0.12805384465619962
4.265,426519,0,4260.000074282289,5379.999987781048,4817.668971112556,1119.9999134987593,680.000004649628,528.4514482914872,700,168.72675447042414,0.31928525319767237,142.77574585535044,0.2701776034807972,216.94894796571265,0.41053714332153046,7.650937941211345e-10,0.04584420345793098,0.0009331061935436504,-0.09583355335084531,-0.11881226171787884
4.27,427019,0,4419.999895617366,5499.999970197678,4961.338081524998,1080.0000745803118,720.000003639143,531.3822012813199,680,169.14127466131185,0.3183043659600606,146.41527784486385,0.2755366617320137,215.82564877514417,0.40615897230792564,4.2744732868434567e-10,0.04022140998741688,0.0008688429648518636,-0.10067684885838968,-0.12598049234758696
4.275,427519,0,4500.000039115548,5619.999952614307,5098.357396130309,1119.9999134987593,720.000003639143,531.1922645160222,700,169.44887903510585,0.31899726399346845,144.87598398907707,0.27273737527235253,216.86740149183927,0.40826536073417913,6.525081616411271e-10,0.04068050063631651,0.0007814344083807855,-0.09787106773460919,-0.11674083175379185
4.28,428019,0,4699.999932199717,5780.000006780028,5245.870092141491,1080.0000745803118,720.000003639143,529.011259198939,680,167.85210147088756,0.3172940056607858,144.86911611206116,0.27384883325816317,216.29004161599028,0.4088571610810511,1.3277422384367362e-09,0.049224493996533634,0.0008098738099736949,-0.10205332116483334,-0.11470219468539711
4.285,428519,0,4820.00014744699,5940.000060945749,5389.55091020697,1119.9999134987593,720.000003639143,532.4888058391826,680,169.3875519022875,0.318105376197231,146.4299714484474,0.27499164272135107,216.67128248844782,0.40690298108141804,2.6599134211743732e-09,0.046435792837179045,0.0007937880399605058,-0.0985324562094338,-0.11540672275344022
4.29,429019,0,4940.00012986362,6060.000043362379,5524.834412366533,1119.9999134987593,720.000003639143,529.6384589333122,700,166.61959032053866,0.31459118481710946,145.96166276196746,0.27558735643165555,217.0572058508061,0.40982145875123505,1.5016706622279554e-09,0.05194348391358646,0.0009405324994942505,-0.09952783557467981,-0.11758544853865949
4.295,429519,0,5099.999951198697,6220.0000975281,5665.615488646048,1120.000146329403,720.000003639143,534.0847771640014,700,168.382394631664,0.3152727840807918,147.26710334249142,0.27573731669433094,218.43527918984597,0.4089898992248773,1.754756257252636e-09,0.043560432714844645,0.0008840643223532683,-0.09468326167998675,-0.13222221418066404
4.3,430019,0,5260.000005364418,6340.00007994473,5810.1198992449235,1080.0000745803118,680.0000192015432,527.67557317829,680,165.85944090778696,0.3143208617916196,144.99903954886088,0.2747882352702138,216.8170927216422,0.41089090293816666,3.9664809406531366e-11,0.05435879668981629,0.0009427530647321924,-0.09328473166069962,-0.13536236135065405
4.305,430519,0,5420.000059530139,6499.999901279807,5953.733315514987,1079.9998417496681,680.0000192015432,531.618683426768,680,167.6646706512812,0.3153852110135205,146.40542681233643,0.27539556335495907,217.54858596315046,0.4092192256315205,1.1848875817605136e-11,0.047277333827552344,0.0009682997719253143,-0.09294457724924204,-0.13769930976720274
4.31,431019,0,5579.999880865216,6659.999955445528,6095.865641707603,1080.0000745803118,680.0000192015432,530.2727563404553,680,166.52971782379373,0.314045396133599,147.05854859263084,0.27732623792992606,216.68448992403083,0.408628365936475,7.862135201419479e-10,0.049587221998147676,0.0008221886330888082,-0.0918532708461664,-0.13236132277622492
4.425,442519,0,4380.000056698918,5699.999863281846,5050.316506085235,1319.9998065829277,600.0000212225132,550.0490589570962,780,166.69040714024382,0.30304643636022593,195.3901346897095,0.3552231051175199,187.96851712714283,0.34173045852225403,5.285616834947261e-10,0.05500754415900349,0.00100651142441439,0.006588909531337672,-0.06366073621995683
4.43,443019,0,4659.999860450625,5820.0000785291195,5218.1397129616535,1160.000218078494,640.0000202120282,550.9667175772063,720,168.58063787194575,0.3059724525888857,194.2136052107358,0.3524960746535854,188.17247449452466,0.34153147275752876,2.184102670502907e-10,0.05008478662845695,0.0009805898735219837,-0.01107598428858153,-0.06848609168199887
4.435,443519,0,4820.00014744699,5940.000060945749,5366.918668982734,1119.9999134987593,680.0000192015432,549.6394858109959,680,169.62448754024086,0.3086104472460872,191.85120246496606,0.3490491629834211,188.16379580578896,0.3423403897704917,2.325383455164437e-09,0.05018313097459309,0.0007711565487592971,-0.009606353939269119,-0.06339276459886867
4.44,444019,0,4979.999968782067,6100.00011511147,5512.4309175262015,1120.000146329403,680.0000192015432,548.6998379525965,700,168.16126665286674,0.3064722367703608,192.6150149543991,0.35103894995325224,187.9235563453306,0.34248881327638697,4.776436162369277e-10,0.0520216032952503,0.0008881866447339211,-0.011664486903461335,-0.05975248254230253
4.445,444519,0,5099.999951198697,6259.9999364465475,5657.816712630443,1159.9999852478504,680.0000192015432,552.2950227000166,720,169.94391772745197,0.3077049597453251,194.7592828351247,0.3526363172403778,187.59182213743983,0.33965872301429706,1.65919129116176e-09,0.04587266082705672,0.0009272169470603359,-0.012991394950335522,-0.053554636821417645
4.45,445019,0,5260.000005364418,6379.999918863177,5803.066589458924,1119.9999134987593,680.0000192015432,551.9411502521618,700,169.02040977134226,0.3062290421616924,195.7554224980693,0.35466720031408383,187.1653179827502,0.3391037575242237,2.3478300996549228e-09,0.04553053783725563,0.0007334885794181132,-0.018661654264620353,-0.05762593880321121
4.455,445519,0,5379.999987781048,6539.999973028898,5947.491112336151,1159.9999852478504,680.0000192015432,551.956135623012,720,169.20850063749793,0.30656149957732864,196.32059322254955,0.35568151262773035,186.42704176296445,0.337756987794941,3.24490003106731e-11,0.04554760908232133,0.000891215882243857,-0.013679654750904047,-0.04157625690078309
4.46,446019,0,5540.000041946769,6659.999955445528,6091.253026664961,1119.9999134987593,680.0000192015432,548.9046957558718,700,167.359640003346,0.3048974463096596,196.00123052946736,0.3570769790183029,185.54382522305843,0.3380255746720374,6.877490594186517e-10,0.050391241060205934,0.0006846090434144628,-0.006638455286875566,-0.04418902284686593
4.59,459019,0,4140.000091865659,5660.000024363399,4982.595463241699,1519.9999324977398,600.0000212225132,567.8136713976004,900,184.5124898627118,0.32495253136219493,177.17780491725915,0.31203511616963847,206.1233766176294,0.36301235246816654,1.12130861223156e-09,0.06092858312612935,0.0009411961278528277,-0.038285388835220924,-0.05684455829363194
4.595,459519,0,4459.999967366457,5780.000006780028,5161.7544895265755,1320.0000394135714,640.0000202120282,567.7236431384146,800,184.94386050024298,0.3257638865942959,178.34475031817533,0.3141400793743124,204.4350323199962,0.3600960340313917,1.3194394603958051e-09,0.05733130741092535,0.0009005809519975862,-0.053093667235278474,-0.058532845007002565
4.6,460019,0,4740.000003948808,6019.999971613288,5337.695138064233,1279.9999676644802,640.0000202120282,570.9138792923974,780,185.0448921485103,0.32412050023702144,174.76251113946284,0.30611011131147686,211.10647600442425,0.3697693884515017,1.2258898277381735e-09,0.06954313631020453,0.0007348733926130157,-0.04155625781689137,-0.056637322700396675
4.605,460519,0,4859.9999863654375,6100.00011511147,5480.511738032399,1240.0001287460327,680.0000192015432,580.1080903611538,760,187.5005924015997,0.3232166479265421,179.69142620148037,0.30975507700575444,212.91607175807368,0.36702827506770336,2.807043933489045e-09,0.05302267328950351,0.0007187425221634611,-0.04283038277680029,-0.06768474186154871
4.61,461019,0,5020.000040531158,6220.0000975281,5627.059229570158,1200.0000569969416,680.0000192015432,581.0179974619958,740,186.2797420341985,0.3206092459233726,182.7140695950322,0.31447230618184674,212.02418583276514,0.3649184478947807,2.841204426591067e-10,0.04938081354841831,0.0005307759482499528,-0.04805476400030273,-0.06543475979286034
4.615,461519,0,5180.000094696879,6379.999918863177,5773.220456321976,1199.999824166298,680.0000192015432,579.7554606575094,740,185.20839429671048,0.3194595081289322,182.77045283145281,0.31525438781407955,211.77661352934615,0.36528610405698825,1.3597148183220393e-09,0.05040144313673017,0.0005950639875713444,-0.045699703370257305,-0.0670840273068593
4.62,462019,0,5300.000077113509,6499.999901279807,5914.434325894896,1199.999824166298,680.0000192015432,579.6861254374363,740,185.3733593918747,0.3197822946891997,183.23817236353656,0.3160989444507808,211.0745936820251,0.36411876086001943,9.93512712520113e-10,0.050099456335952676,0.0005716481422797774,-0.04260479179334825,-0.06267127042181847
4.625,462519,0,5420.000059530139,6659.999955445528,6057.839822784107,1239.999895915389,680.0000192015432,583.5117226636979,760,186.10069371703074,0.31893222790365133,184.2635216391117,0.3157837528918171,213.1475073075555,0.36528401920453146,1.1892078997950609e-09,0.04343295967634766,0.000783401513198351,-0.037694364385929824,-0.06443970304569768
4.765,476519,0,4299.999913200736,6019.999971613288,5256.367333668305,1720.0000584125519,560.0000222329982,607.2625071545502,1000,203.81804971636032,0.3356341735494103,204.1773700662998,0.3362258786945594,199.2670873718901,0.32813994775603034,1.3513368634653134e-09,0.058854855384949605,0.0010285704040917012,-0.005060086920703977,-0.0027047347878960126
4.77,477019,0,4780.000075697899,6139.999954029918,5469.197834577659,1359.9998783320189,560.0000222329982,597.744645343461,800,202.0356145911417,0.3379965277230599,199.42347841935305,0.33362654098685457,196.28555233296623,0.32837693129008555,3.43063345248891e-10,0.06507256205271393,0.0006947626161288526,-0.004226081127634562,-0.0015720065359576263
4.775,477519,0,4979.999968782067,6300.000008195639,5625.19675948238,1320.0000394135714,640.0000202120282,603.6110561231155,800,206.30055792078596,0.34177730150573626,200.03105935108903,0.33139064853426026,197.27943885124054,0.3268320499600035,2.3369279499930474e-09,0.05550395251902391,0.0008876612401916433,-0.009770951405228823,0.00416457521306457
4.78,478019,0,5140.000022947788,6419.999990612268,5773.0805462629,1279.9999676644802,640.0000202120282,604.7482340881548,780,205.07596966863213,0.33910966268111165,202.67623701232606,0.33514151110821055,196.99602740719666,0.3257488262106778,2.223793342054038e-09,0.05341776417123065,0.0008675044852615161,-0.01658532256368145,0.0022020096099698017
4.785,478519,0,5300.000077113509,6539.999973028898,5918.247303008785,1239.999895915389,680.0000192015432,603.9708111154133,760,204.68298917236288,0.338895498599269,203.83341056484727,0.33748884352276515,195.45441137820316,0.3236156578779659,3.2195474858929013e-09,0.05430210295130284,0.0006441612159537686,-0.017870728281807524,-0.0007483530874269895
4.79,479019,0,5459.9998984485865,6700.000027194619,6061.544260889788,1240.0001287460327,680.0000192015432,607.3693811553003,740,205.54800938810462,0.3384233973025179,205.92799340431674,0.33904901991044284,195.89337836287888,0.3225275827870392,6.848623444365508e-10,0.04771410772424868,0.0006609036892776392,-0.024021201555830318,0.004588635467607793
4.93,493019,0,4140.000091865659,5619.999952614307,4912.487506449098,1479.9998607486486,640.000005660113,610.3133068289969,880,190.94446357520206,0.3128630187784888,193.63950826432298,0.31727885677344186,225.7293349894718,0.3698581244480692,9.842279166579904e-10,0.057321731904788564,0.0007515627740521218,-0.036872045890476546,-0.092980009468978
4.935,493519,0,4419.999895617366,5739.999935030937,5084.043033027548,1320.0000394135714,640.0000202120282,613.0494837114196,780,191.710844993149,0.3127167546615094,196.3329713654355,0.32025631956629325,225.0056673528352,0.3670269257721974,1.8528594875379965e-09,0.04667081207477202,0.0006158961993929609,-0.042061082862006605,-0.08075990661017712
4.94,494019,0,4620.000021532178,5860.000150278211,5234.749825069653,1240.0001287460327,640.0000202120282,608.369931703098,760,191.66604147439418,0.3150485115821482,192.71403953865888,0.31677114448961435,223.989850690045,0.3681803439282375,6.63862585793611e-11,0.05315463333838396,0.0004981280479218418,-0.03724020078474499,-0.07915705289017072
4.945,494519,0,4780.000075697899,6019.999971613288,5383.056495637838,1239.999895915389,680.0000192015432,608.9029281823385,740,191.63304825405498,0.31471855263712845,194.17227426189578,0.3188887181763561,223.0976056663878,0.3663927291865154,1.0793395106884002e-09,0.04786810668520877,0.0004949571986087379,-0.04256738488130141,-0.07915800515367138
4.95,495019,0,4940.00012986362,6180.000025779009,5526.186498561461,1239.999895915389,680.0000192015432,608.0939638943647,760,191.51295633966603,0.3149397423930601,192.5629762702127,0.31666648199728525,224.01803128448603,0.36839377560965464,6.645037633748925e-10,0.04896693815499211,0.0007043566699611301,-0.050596828740941124,-0.08508682616145374
4.955,495519,0,5060.00011228025,6300.000008195639,5668.633123532407,1239.999895915389,720.000003639143,610.9438548405093,760,193.46350316168255,0.31666330977694734,193.6202714160562,0.3169199098771555,223.86008026277057,0.36641678034589714,2.2861358820513932e-10,0.044489921978402604,0.0006136047651344358,-0.062001263611042357,-0.0772333736236363
4.96,496019,0,5219.999933615327,6460.00006236136,5811.883806063844,1240.0001287460327,720.000003639143,610.62778213178,760,193.08400497688993,0.31620573224298587,193.24055589379356,0.3164621092397171,224.30322126109652,0.367332158517297,1.1017191253814462e-09,0.0424192839429125,0.0005711851180165612,-0.064889206249578,-0.07830335335150018
4.965,496519,0,5339.999916031957,6580.000044777989,5952.1109557370655,1240.0001287460327,680.0000192015432,608.991753651724,760,192.9395853299565,0.3168180589852397,192.7030508959031,0.3164296556404735,223.34911742586453,0.3667522853742869,1.2371242707440202e-09,0.04461940642187874,0.0005780966691157374,-0.0626112539563265,-0.07052164916343251
5.105,510519,0,4220.000002533197,5579.999880865216,4946.461245921654,1359.9998783320189,560.0000222329982,525.8332110980984,820,199.92092288937377,0.3801983569502553,182.226421807873,0.3465479508746304,143.68586640085167,0.27325369217511425,8.942556648533076e-10,0.06011755011428628,0.000742426048372356,0.00791079118643756,0.0864284975779438
5.11,511019,0,4579.999949783087,5739.999935030937,5131.0972974095475,1159.9999852478504,600.0000212225132,524.9838682710184,700,198.16607618782345,0.3774707913225286,183.1236030517673,0.34881758110942807,143.6941890314278,0.27371162756804346,2.3435071864220733e-09,0.05604131511906738,0.0008486177380179941,0.007606338638746546,0.0874704174335415
5.115,511519,0,4740.000003948808,5860.000150278211,5284.731710667977,1120.000146329403,640.0000202120282,526.1023014247017,700,198.46290842884855,0.3772325418296113,183.94654839212782,0.349640265579517,143.6928446037254,0.2731271925908718,1.2614624091685446e-09,0.053078387801194796,0.0008441077827751587,0.008062146184702357,0.08148590450941706
5.12,512019,0,4900.000058114529,5980.00013269484,5430.268280787696,1080.0000745803118,680.0000192015432,524.9494376046524,680,198.75262908788454,0.37861290031054046,183.79315867752982,0.3501159264331802,142.40364983923814,0.2712711732562795,4.4468588774496234e-11,0.054856880802077436,0.0007809856489807261,0.014769730923728075,0.08715812633704617
5.125,512519,0,5060.00011228025,6139.999954029918,5574.550525240377,1079.9998417496681,680.0000192015432,527.2822903066935,680,199.067755089864,0.37753544685537666,185.21647794063233,0.35126625973518133,142.99805727619727,0.271198293409442,1.731219280073461e-09,0.05073716561253306,0.0008419409939867204,0.019203066549517644,0.08311982913955906
5.13,513019,0,5219.999933615327,6259.9999364465475,5716.48210383488,1040.0000028312206,680.0000192015432,529.2634264615067,660,200.88047813785124,0.3795472501866918,185.03605040542266,0.34961049858010607,143.3468979182327,0.270842251233202,4.1139450286879626e-10,0.04701392665798765,0.000732741665851215,0.02125119610954984,0.0812507538969493
5.135,513519,0,5339.999916031957,6419.999990612268,5857.493161174689,1080.0000745803118,680.0000192015432,528.68562017339,680,199.90820634790788,0.37812302570731,184.79651656227009,0.3495395174577728,143.98089726321197,0.2723374568349171,1.185949067367386e-09,0.04845008852791509,0.0007811775137150552,0.023724907166001508,0.07732691604647113
5.14,514019,0,5499.999970197678,6539.999973028898,5998.252282820982,1040.0000028312206,680.0000192015432,525.543923598983,660,198.6395061161536,0.37796937077275716,183.4061890547566,0.3489835593546029,143.49822842807282,0.2730470698726399,2.432988550475742e-10,0.05397166200942703,0.0006237434277893031,0.018865085437761997,0.08006815734439698
5.145,514519,0,5619.999952614307,6700.000027194619,6139.246972621537,1080.0000745803118,680.0000192015432,525.7310473702715,660,199.33484500998992,0.3791574532397716,183.2801994145277,0.3486196988580051,143.11600294575393,0.2722228479022232,1.3697023522028852e-09,0.05333075796864467,0.0006836500835623726,0.020512629380232905,0.08551290439540182
5.24,524019,0,3459.9999198690057,5099.999951198697,4253.732395321425,1640.0000313296914,640.000005660113,674.6931820754588,960,183.22929974203026,0.2715742571732963,215.1738109152742,0.31892098013109726,276.29007141815435,0.4095047626956065,1.3666068767077859e-09,0.0543065116384311,0.0007141848732574838,-0.012964998929829219,-0.19260603375069424
5.245,524519,0,3739.9999564513564,5180.000094696879,4418.853482866363,1440.000138245523,640.0000202120282,675.1553825824471,860,184.38579196271397,0.2731012693069918,214.7179011102131,0.31802738547225107,276.05168950952014,0.40887134522075713,7.362687996466763e-10,0.053626804797681615,0.00043869119036984576,-0.01832676951090767,-0.1771519540942353
5.25,525019,0,3900.0000106170774,5300.000077113509,4571.004549694382,1400.0000664964318,640.0000202120282,679.5936484708076,840,188.22130469347874,0.2769615418228322,215.5295498906912,0.3171447384413708,275.84279388663765,0.40589371973579685,2.417502360972499e-10,0.047464760272006426,0.0006205630893142327,-0.03224125130909017,-0.16894972979865358
5.255,525519,0,4020.000109449029,5459.9998984485865,4720.52597142843,1439.9997889995575,640.0000202120282,675.1133829553547,840,188.38896914717026,0.27904789610670244,211.2183713439449,0.3128635525181298,275.50604246423956,0.4080885513751677,1.6214418858439781e-09,0.055567380943827765,0.0006679465978699929,-0.03129586838588583,-0.16321912870652916
5.26,526019,0,4220.000002533197,5579.999880865216,4868.396210461982,1359.9998783320189,720.000003639143,680.2621301435566,820,191.16903968706762,0.28102261057325795,212.54816671531896,0.31245038830908406,276.54492374117007,0.406527001117658,5.066874260527909e-10,0.04971709345064558,0.0005210538603226195,-0.03515112333014464,-0.15750790244999463
5.265,526519,0,4380.000056698918,5739.999935030937,5015.580964153159,1359.9998783320189,720.000003639143,681.113865307312,800,191.6684208667427,0.2814043739665522,213.61969437856447,0.3136328670716185,275.8257500620049,0.4049627589618293,8.065121570916298e-10,0.049178796555390564,0.0003879291172861686,-0.03828700588727246,-0.15248787920347134
5.27,527019,0,4539.999878033996,5860.000150278211,5161.251569197109,1320.000272244215,680.0000192015432,680.3385255261275,800,192.0197795232396,0.2822415199473594,213.44938425548676,0.3137399636312225,274.86936174740123,0.40401851642141823,5.405418894413621e-10,0.04968036483447286,0.00042010683019833267,-0.04817992230599205,-0.14831856927131748
5.275,527519,0,4659.999860450625,6019.999971613288,5306.037323357257,1360.0001111626625,680.0000192015432,683.628683078083,820,192.90072975338077,0.2821717908102284,216.2821097854537,0.31637366181247595,274.4458435392484,0.4014545473772956,8.159502149057651e-10,0.044894642264490976,0.0005487040611473566,-0.04589515184034265,-0.1441713550733253
5.28,528019,0,4780.000075697899,6139.999954029918,5450.906854650649,1359.9998783320189,680.0000192015432,681.2059919630201,800,192.4798944766072,0.28255754756639917,216.5345058647667,0.31786934997559657,272.19159162164624,0.3995731024580042,8.19467310548901e-10,0.04819103774335404,0.0004769874634566406,-0.04794760470400261,-0.14590325984153124
5.285,528519,0,4940.00012986362,6300.000008195639,5595.805819898013,1359.9998783320189,680.0000192015432,684.9792604562396,820,195.09244993269803,0.2848151195158144,214.96767789162797,0.31383092934586937,274.9191326319136,0.4013539511383163,8.063208287101885e-10,0.04303477066952135,0.0005404818381672492,-0.040385732138088715,-0.14849072818018616
5.29,529019,0,5060.00011228025,6460.00006236136,5740.354602141504,1399.99995008111,680.0000192015432,683.0539253400505,840,195.16457932853314,0.28572353087843355,214.58559912443155,0.31415616126882306,273.30374688708577,0.40012030785274333,1.1789317737233505e-09,0.04584096625613578,0.0005863697777632512,-0.03444734935418853,-0.14624955071129997
5.295,529519,0,5219.999933615327,6580.000044777989,5884.769986852647,1360.0001111626625,680.0000192015432,685.9306738707196,820,194.8514621900036,0.2840687399069838,216.9684045762894,0.3163124392031233,274.11080710442667,0.3996188208898929,6.173650638392972e-10,0.041394952467908384,0.0004323150016202113,-0.03477970150989801,-0.14619073201378685
5.45,545019,0,3859.999938867986,5739.999935030937,4936.709391430562,1879.999996162951,520.0000232434832,567.8186011781304,1060,212.9081372700485,0.3749580179802125,191.62978429841343,0.3374841611402182,163.28067960966843,0.2875578208795693,1.3471436156137235e-10,0.06336935038532558,0.0010157831155833664,-0.008080104189987392,0.06423313660643448
5.455,545519,0,4419.999895617366,5860.000150278211,5147.94514334795,1440.0002546608448,520.0000232434832,562.3770425335908,860,209.97310059674967,0.37336712688482115,190.13262592602052,0.3380874600951796,162.27131601082073,0.28854541301999936,2.379997928149972e-09,0.06112850837793504,0.0010562527345553848,-0.01194364710364837,0.07014875950217647
5.46,546019,0,4699.999932199717,5940.000060945749,5316.822758323723,1240.0001287460327,600.0000212225132,560.699400022851,760,211.33575238702286,0.37691453277533377,185.57952035232296,0.3309786319456731,163.78412728350523,0.29210683527899317,2.2116184457215135e-09,0.0586529329209658,0.0009153680654765929,-0.017667028957381425,0.07541703960634183
5.465,546519,0,4780.000075697899,6060.000043362379,5460.874446514781,1279.9999676644802,640.0000202120282,561.0535877263459,760,209.67771849680526,0.37372137543317097,187.95099318730905,0.3349965088878145,163.4248760422316,0.29128211567901446,1.970569577455009e-10,0.057600903403054265,0.0010176151413736748,-0.02087018120287043,0.0727535783735091
5.47,547019,0,5020.000040531158,6220.0000975281,5617.397756240573,1200.0000569969416,680.000004649628,561.7775878876836,740,210.0000829425994,0.3738135651374273,188.60112773328729,0.33572205762504426,163.17637721179693,0.2904643772375285,3.83650865855588e-10,0.055351824703919576,0.0010996073953196276,-0.01147400130107279,0.07116497096231489
5.475,547519,0,5180.000094696879,6340.00007994473,5769.181804685687,1159.9999852478504,720.000003639143,566.8905592363549,720,211.0161000400886,0.3722342815592898,191.8667910490402,0.33845472979387675,164.00766814722613,0.2893109886468334,5.502923796065219e-10,0.04609203344508884,0.0008452714709119261,-0.00761655196715455,0.06162378342663283
5.48,548019,0,5300.000077113509,6499.999901279807,5910.975936013708,1199.999824166298,720.000003639143,566.0601216342284,740,209.4945170509174,0.37009234362968724,193.46619109966497,0.34177675428031157,163.099413483646,0.28813090209000114,9.210605781236189e-10,0.04786252336059755,0.001118695083967495,-0.006662691953144062,0.06173097960235824
5.485,548519,0,5459.9998984485865,6619.999883696437,6052.121464038567,1159.9999852478504,720.000003639143,569.010320646706,720,211.60503571981442,0.3718825969260377,194.71506083699208,0.3421995239307603,162.69022408989946,0.2859178791432019,3.3598533044804473e-10,0.042718584816475974,0.0009050642246986762,-0.007177699898507639,0.06269480701670671
5.635,563519,0,4459.999967366457,6100.00011511147,5412.234796865684,1640.0001477450132,680.000004649628,569.0065094387627,960,187.95935041543746,0.33032899852205627,194.79291935817398,0.34233864837558226,186.25423966515118,0.32733235310236136,5.284685994273882e-10,0.06066186838988107,0.0012166838455213895,0.018356410747173646,0.005500582910339502
5.64,564019,0,4820.00014744699,6220.0000975281,5592.8724993063115,1399.99995008111,640.0000202120282,570.9591584403958,820,187.79938174748563,0.3289191161421585,195.08862966716097,0.34168578747393347,188.07114702574916,0.32939509638390796,9.268124333258776e-10,0.05541306218891256,0.001029127452162353,0.018088253472877014,-0.005486038297499329
5.645,564519,0,5180.000094696879,6379.999918863177,5761.717482794584,1199.999824166298,680.0000192015432,570.1933402521364,740,188.56670848629213,0.33070661330928375,195.1217125511747,0.34220272103650484,186.50491921466954,0.3270906656542114,1.1599368836294156e-09,0.05166072694607033,0.0008422340438033447,0.014627606475950461,-0.003654536866545044
5.65,565019,0,5339.999916031957,6499.999901279807,5912.901761845721,1159.9999852478504,680.0000192015432,572.7428520743874,720,189.85732467098842,0.33148789894689057,195.48647401856144,0.3413163050582634,187.39905338483754,0.32719579599484605,1.2804254944376944e-10,0.04588818437833891,0.000746249153851624,0.01827533215258781,-0.012640033474201007
5.655,565519,0,5459.9998984485865,6659.999955445528,6054.507210596301,1200.0000569969416,680.0000192015432,570.9821632489192,740,188.8438063585452,0.33073503607190424,194.92386941240363,0.3413834651213557,187.21448747797035,0.32788149880674006,9.490727236322305e-11,0.048066571587107136,0.0009223806319676747,0.018704353259871798,-0.013504743780784312
5.785,578519,0,4380.000056698918,5980.00013269484,5187.995950484968,1600.000075995922,560.0000222329982,609.0593020466024,940,204.47435824071826,0.33572159156527065,198.96184261709027,0.3266707231110751,205.6231011887938,0.3376076853236542,3.8366459529505237e-10,0.062013924212375296,0.0009579285203508924,-0.019730973506547234,-0.029074257448367335
5.79,579019,0,4539.999878033996,6100.00011511147,5362.122138882251,1560.0002370774746,640.000005660113,612.7318737326378,920,205.22031545779816,0.33492678323984976,201.120669198566,0.3282360161441902,206.39088907627365,0.3368372006159601,1.3947539981230831e-09,0.05245539459171427,0.0012371584600945488,-0.011582148708751627,-0.02675772180597341
5.795,579519,0,4780.000075697899,6220.0000975281,5536.56908221277,1440.0000218302011,640.0000202120282,615.8835472123667,840,207.9360695277746,0.33762238083634805,201.0316855092828,0.32641184590690775,206.91579217530935,0.33596577325674426,1.9518522171168955e-10,0.044154170171078914,0.0009470422481787701,-0.006480643139785358,-0.026666562794869286
5.8,580019,0,5020.000040531158,6340.00007994473,5698.878553897124,1320.0000394135714,640.0000202120282,618.0106955351022,800,209.84819067844614,0.3395543025299099,201.4629035583353,0.3259861115897022,206.69960129832072,0.33445958588038777,1.8358393844685315e-09,0.0408123267159686,0.0007975841558390507,-0.010647643163075093,-0.02370742570936535
5.805,580519,0,5219.999933615327,6499.999901279807,5854.319778166362,1279.9999676644802,640.0000202120282,611.4899371925566,780,205.87758449618337,0.3366818846462114,199.84234013665446,0.3268121484617737,205.7700125597187,0.3365059668920149,1.6321820358482445e-09,0.05013221513954215,0.0007567663226730224,-0.011089587924634325,-0.01974824875183412
5.81,581019,0,5379.999987781048,6619.999883696437,5999.4740091721205,1239.999895915389,680.0000192015432,615.2034170381868,760,209.07836256463798,0.33985240779581055,199.7403066385479,0.3246735975560254,206.38474783500095,0.33547399464816413,1.0830193969554849e-09,0.043071879038893104,0.0006204648021876779,-0.01314532650199779,-0.01455554142264115
5.95,595019,0,3859.999938867986,5499.999970197678,4777.313438809511,1640.0000313296914,560.0000222329982,591.6477045701232,960,178.72196603149007,0.3020749757853706,191.30895871522944,0.32334944805410826,221.61677982340365,0.37457557616052106,1.6433069519970253e-10,0.050327144211971445,0.0007163559409790192,-0.0063628603144862406,-0.12264135354086675
5.955,595519,0,4220.000002533197,5619.999952614307,4968.129593350192,1399.99995008111,600.0000212225132,594.4184849782591,840,181.88203495547128,0.3059831407533089,190.48316065385913,0.320452956069874,222.05328936892872,0.37356390317681715,4.6178523947458234e-11,0.04374724261143001,0.0008660965348878704,-0.023450966816547847,-0.10743174810764555
5.96,596019,0,4500.000039115548,5780.000006780028,5127.397416706952,1279.9999676644802,640.0000202120282,592.1773151866335,780,181.54049651110537,0.3065644222691817,189.13398561003333,0.3193874212328194,221.5028330654947,0.37404815649799894,1.4973228803691314e-09,0.04518471585888844,0.0007565423349904747,-0.02468673424855844,-0.09640277233413569
5.965,596519,0,4659.999860450625,5899.999989196658,5273.963400574933,1240.0001287460327,640.0000202120282,590.2873627128921,760,181.7550769000977,0.30790948338241986,188.36035448064567,0.3190994189930873,220.17193133214872,0.3729910976244928,1.0813631671840168e-09,0.04737096298335954,0.0009102649279451794,-0.033494054338346735,-0.08818031855106206
5.97,597019,0,4820.00014744699,6019.999971613288,5420.9016852731265,1199.999824166298,640.0000202120282,585.8270712854785,720,181.49791003867705,0.30981482238507135,184.30420227543576,0.3146051306079414,220.0249589713657,0.37558004700698727,6.172031162890261e-10,0.05435696049818508,0.000688238479316286,-0.03651535373598935,-0.08444231067296054
5.975,597519,0,4979.999968782067,6180.000025779009,5568.112653366372,1200.0000569969416,680.0000192015432,595.1813355263326,740,183.22382324350667,0.3078453780501662,189.25385296893074,0.31797679408338503,222.70365931389512,0.3741778278664487,1.7218355839534002e-09,0.03989414837730582,0.0007865364016988837,-0.04859528856130807,-0.08235501890599195
5.98,598019,0,5140.000022947788,6300.000008195639,5711.424299321325,1159.9999852478504,720.000003639143,594.2951498057058,720,181.92075457854952,0.30611179417840656,189.91081184677623,0.31955638862081265,222.46358338038002,0.3743318172007806,4.316451705420771e-10,0.04098605260756624,0.0004509190556828127,-0.05163076427444646,-0.07699617709056128
5.985,598519,0,5260.000005364418,6460.00006236136,5852.427958475628,1200.0000569969416,680.0000192015432,593.1191718935985,740,182.13053795494704,0.3070724174595051,189.66178646187092,0.3197701161072819,221.32684747678059,0.373157466433213,7.130101959509384e-10,0.04251063807514384,0.000480582568105476,-0.05796892692213468,-0.07806067509739079
5.99,599019,0,5379.999987781048,6619.999883696437,5991.443053029144,1239.999895915389,680.0000192015432,590.9049674004976,760,181.860163657062,0.3077655015443501,188.68014083278493,0.31930708192016805,220.36466291065074,0.3729274165354819,6.993447772934088e-10,0.045495573702054745,0.0005914394083822559,-0.058778069426240864,-0.07620258820644271
6.1,610019,0,3419.9999645352364,5099.999951198697,4413.025804032617,1679.9999866634607,560.0000076810829,510.31680183700803,980,170.96831938155938,0.335023888623925,179.98507127910887,0.3526928187181165,159.36341117633978,0.31228329265795846,3.425711730146958e-09,0.07533005489934472,0.000796708996147565,0.05681267539040885,-0.03663852378013194
6.105,610519,0,3660.0000457838178,5260.000005364418,4604.437978343643,1599.9999595806003,560.0000222329982,508.4215940708157,940,169.47621455250652,0.33333795521065335,178.97175113416284,0.3520144565481117,159.9736283841463,0.31464758824123495,3.5845668847538605e-10,0.06754821033978448,0.0008806444943107913,0.06139314249489458,-0.052105271145591325
6.11,611019,0,3859.999938867986,5379.999987781048,4774.686168711156,1520.0000489130616,600.0000212225132,505.870409681613,900,168.52771140052732,0.33314403881934124,178.80298931717687,0.35345611424418494,158.53970896390882,0.3133998469364738,2.650042980654603e-09,0.06930876116681327,0.0010312627370661718,0.05697066470090162,-0.052009725739216306
6.115,611519,0,4220.000002533197,5499.999970197678,4944.976749647064,1279.9999676644802,600.0000212225132,500.59350683520495,780,166.8269500989011,0.3332583180185364,176.55636447538132,0.35269407626076854,157.21019226092253,0.31404760572069507,1.33758665897994e-10,0.06613690474986458,0.0009924050321369318,0.04846392839798669,-0.03892976574074758
6.12,612019,0,4500.000039115548,5660.000024363399,5108.507800927847,1159.9999852478504,640.0000202120282,504.2314142997341,720,168.9373704232502,0.33503936016732877,176.89385349952326,0.35081878772902253,158.40019037696064,0.3141418521036486,1.1008652060073912e-09,0.05730428089534722,0.0009365177581891653,0.03538199350101551,-0.021102297410254323
6.125,612519,0,4699.999932199717,5820.0000785291195,5264.680404177022,1120.000146329403,640.0000202120282,500.9176050853443,700,166.1284977356493,0.33164835104436985,176.99311321807133,0.3533377773534551,157.79599413162364,0.315013871602175,3.72915880531942e-11,0.06628929492846244,0.0008025139647752684,0.03693880718424547,-0.022993312864389548
6.13,613019,0,4859.9999863654375,5940.000060945749,5411.420197541733,1080.0000745803118,680.0000192015432,505.6110763553487,680,170.077289077793,0.3363796740842381,177.84787199849947,0.3517483700723086,157.68591527905625,0.3118719558434534,1.1759918115096857e-09,0.058000512651924296,0.0007220356486511864,0.03147515125992484,-0.02137487120481041
6.135,613519,0,4979.999968782067,6100.00011511147,5550.24168113567,1120.000146329403,680.0000192015432,507.968889340714,700,171.65207686158624,0.3379184837173221,176.95472934887064,0.3483574153104884,159.3620831302571,0.3137241009721895,3.421936610201559e-11,0.053935102627362466,0.0008412571871567713,0.025792877834489247,-0.012939848697680889
6.14,614019,0,5140.000022947788,6220.0000975281,5696.276008648082,1080.0000745803118,680.0000192015432,507.1625237054844,680,172.56314782313902,0.34025216721917845,176.00681473117456,0.34704223302071885,158.59256115117086,0.3127055997601028,2.012120364801423e-11,0.05443072865190424,0.0008335775727669445,0.012217687361803009,-0.003557098057989483
6.145,614519,0,5260.000005364418,6379.999918863177,5836.6502575954355,1119.9999134987593,680.0000192015432,509.5704593333866,700,174.0856938001626,0.3416322328180076,176.4838758701185,0.34633851440484287,159.00088966310554,0.31202925277714966,2.355659551954464e-10,0.049693877941801065,0.0009153307949788828,0.0023569135820851184,0.00812764627394763
6.15,615019,0,5459.9998984485865,6499.999901279807,5986.958892491557,1040.0000028312206,680.0000192015432,510.07320430277287,660,174.68758406193479,0.34247551643242663,176.91140881457974,0.3468353313254374,158.47421142625834,0.31068915224213595,1.132472140816368e-09,0.047901728703225295,0.0007756920059236306,0.003933244349707099,0.007877478785792924
6.155,615519,0,5619.999952614307,6659.999955445528,6131.28935625104,1040.0000028312206,680.0000192015432,510.8287488781039,660,177.18403828200556,0.3468560425996814,176.2181745381793,0.3449652646316294,157.42653605791904,0.30817869276868914,3.7859235935452543e-10,0.0466158903587436,0.0006496623643585295,-0.001124830204334959,0.011915897741012815
6.275,627519,0,4339.999984949827,5980.00013269484,5244.632632927249,1640.0001477450132,560.0000222329982,575.6210375196323,960,185.8879750367296,0.32293464435859787,189.42014432343842,0.32907091988794446,200.31291815946432,0.3479944357534576,8.402818957083457e-10,0.050494456087915446,0.001059720432469398,-0.02453884644053833,-0.08831237584237506
6.28,628019,0,4820.00014744699,6100.00011511147,5446.138218157906,1279.9999676644802,600.0000212225132,573.4774918053508,760,184.84665416386602,0.32232590956962354,187.493956711089,0.3269421370328655,201.1368809303958,0.350731953397511,1.6739345381753913e-11,0.045319651562616824,0.0009216572857864644,-0.01763509970762034,-0.0818992995366481
6.285,628519,0,5020.000040531158,6220.0000975281,5602.863442014197,1200.0000569969416,640.0000202120282,575.2066764494019,740,186.43555554669,0.3241192482283189,188.15519915668028,0.32710885819008984,200.61592174603157,0.3487718935815912,2.924951915413203e-09,0.04160502183118243,0.00115894872796307,-0.028305069580604747,-0.06771373530114694
6.29,629019,0,5180.000094696879,6340.00007994473,5751.078262127097,1159.9999852478504,680.0000192015432,570.2438939035912,720,187.36896628873552,0.3285768919086632,183.0053416841326,0.32092468440367466,199.86958593072325,0.3504984236876622,8.653324789891513e-10,0.048881416453148724,0.0007939269303249262,-0.02129165764872326,-0.060528384316374695
6.295,629519,0,5339.999916031957,6460.00006236136,5895.857560274799,1120.000146329403,680.0000192015432,568.404498472186,700,186.8756849706652,0.32877235397145554,182.97520024397195,0.32191019025322787,198.55361325754876,0.34931745577531653,1.1679607936532247e-09,0.05087673602390735,0.0005447823119585472,-0.03677128355840592,-0.05505130219247667
6.3,630019,0,5459.9998984485865,6619.999883696437,6037.872577531034,1159.9999852478504,680.0000192015432,570.1791896666621,720,188.07024381190342,0.32984410378402795,183.9192101956718,0.32256387733686775,198.18973565908672,0.34759201887910424,4.502985549906424e-10,0.047922983971454516,0.001025925911558278,-0.044847391581841756,-0.05314881615872008
6.43,643019,0,3459.9999198690057,5379.999987781048,4543.9568295103045,1920.0000679120421,680.000004649628,709.4454507886146,1100,225.87934801630638,0.3183886058684575,217.17130085502464,0.30611416369450045,266.3948019172836,0.3754972304370421,5.57977242519672e-10,0.0486478397570742,0.0007359789203678865,-0.030954447022692066,-0.11801861504909494
6.435,643519,0,3819.999983534217,5499.999970197678,4731.304805451041,1679.9999866634607,680.000004649628,706.6892508459354,980,226.64754736532728,0.3207174116402946,215.26498326369176,0.30461052436556935,264.77672021691643,0.37467206399413616,5.096966471330214e-10,0.052072694801851345,0.0007754232920593366,-0.029010034051303923,-0.11720115127644515
6.44,644019,0,4059.9999483674765,5660.000024363399,4905.733475720921,1600.000075995922,680.000004649628,709.3808069683431,940,227.20417289189976,0.32028519895103247,217.3012532243169,0.30632525026013874,264.87538085212645,0.3733895507888287,1.0921669603636791e-09,0.04838965675254449,0.0007266575784701085,-0.032394695248508076,-0.10446651676258978
6.445,644519,0,4260.000074282289,5780.000006780028,5059.025995148744,1519.9999324977398,680.000004649628,709.5942771486849,900,228.03829039470776,0.32136433133454617,217.6569711761155,0.306734394830116,263.8990155778617,0.3719012738353379,3.498576144686889e-10,0.04776286600267236,0.0005561345557071282,-0.04067817040850635,-0.08148135055765032
6.45,645019,0,4459.999967366457,5940.000060945749,5209.422396595568,1480.0000935792923,720.000003639143,710.7245281525867,880,227.650417844148,0.32030752960769254,218.6592970939125,0.30765688875587555,264.41481321452625,0.37203558163643197,1.1353212031229089e-09,0.046422525848887744,0.0006460070555171181,-0.039121670637697115,-0.0736327348866927
6.455,645519,0,4620.000021532178,6060.000043362379,5359.492515256417,1440.0000218302011,720.000003639143,712.9749506004628,860,226.87479942945816,0.3182086540885984,221.99147334744714,0.31135942877163836,264.10867782355734,0.3704319171397632,8.171144975474169e-10,0.04342602736177697,0.0005508825376129495,-0.039214500918109796,-0.06798464951820643
6.46,646019,0,4820.00014744699,6220.0000975281,5505.88593417367,1399.99995008111,720.000003639143,716.3995183781301,820,227.48629796412703,0.3175411095740787,224.13358582723134,0.3128611620714814,264.7796345867717,0.36959772835443994,2.167972964301737e-09,0.03867998100883196,0.00035205597927934613,-0.030425816422107566,-0.0711452494043236
6.465,646519,0,4940.00012986362,6379.999918863177,5650.350357404235,1439.9997889995575,680.0000192015432,715.1073776315649,860,227.49925983681675,0.31813300624906726,223.6387492614521,0.31273450149842313,263.96936853329606,0.3691324922525096,1.8029309139019292e-10,0.04095843978733672,0.0006138661454497433,-0.02386283482576851,-0.06742033350239052
6.47,647019,0,5099.999951198697,6499.999901279807,5793.512474291748,1399.99995008111,680.0000192015432,712.6011378213605,840,225.55441043292066,0.3165226638881176,224.02587389177467,0.3143776539238911,263.0208534966651,0.3690996821879913,4.4868469468275294e-10,0.044156601159258894,0.0005037890015858806,-0.017786821722404922,-0.06757184736452249
6.475,647519,0,5260.000005364418,6659.999955445528,5936.541442923027,1399.99995008111,680.0000192015432,714.1724040722769,840,226.16313668177727,0.316678627446502,224.92707893695302,0.31494787204657876,263.08218845354656,0.36837350050691914,1.4364529883526208e-09,0.04216923774941894,0.0005421072148778389,-0.012036161208842544,-0.06428076758431012
