time_s,vtk_index,droplet_in_frame,x_min_um,x_max_um,x_centroid_um,L_um,w_um,V_nL,n_cells,V1_nL,c1,V2_nL,c2,V3_nL,c3,dye_closure_err,dye_outside_frac,core_bias_strict,asym_strict
0.135,13519,0,3066.6666571050882,4669.999936595559,3952.54429081399,1603.3332794904709,615.3846115921624,517.9916598084544,442,172.65501844684923,0.33331621306546616,172.6546313257719,0.3333154657154461,172.68201003583323,0.3333683212190877,0.13611078705819055,0.1354083925922214,-2.5610701200606822e-05,-5.0019954327962246e-05
0.1375,13769,0,3303.7037355825305,4729.999927803874,4076.6687783664447,1426.2961922213435,615.3846115921624,518.4921826581216,403,172.821169301089,0.33331489862604574,172.8207253192925,0.3333140423319466,172.85028803774006,0.33337105904200764,0.13539410969716717,0.13052357969801506,-2.569492014842245e-05,-5.0090206225317235e-05
0.14,14019,0,3481.481457129121,4849.999910220504,4182.5046886153095,1368.518453091383,676.9230749341659,519.628113939493,390,173.20017438711602,0.33331563427933375,173.1997562261451,0.33331482954810443,173.22818332623194,0.33336953617256193,0.14095765035586874,0.13246467498152142,-2.687277611712613e-05,-5.230319846871723e-05
0.1425,14269,0,3659.259295091033,4909.999901428819,4277.044445364118,1250.7406063377857,676.9230749341659,516.9956752679635,364,172.32290244871623,0.3333159457463541,172.3224950733738,0.3333151577797193,172.35027774587357,0.3333688964739267,0.14775022704655288,0.13002532256620897,-2.7847392776836344e-05,-5.414716705753886e-05
0.145,14519,0,3718.518535606563,5029.9998838454485,4365.677741549383,1311.4813482388854,676.9230749341659,513.8961704523813,377,171.28978116040955,0.33331593230131223,171.28937652765123,0.33331514491899344,171.3170127643205,0.33336892277969427,0.15234297792092097,0.14004881594039353,-2.940122929073752e-05,-5.7147059740580985e-05
0.1475,14769,0,3837.0370166376233,5089.999875053763,4450.324957396934,1252.96285841614,676.9230749341659,513.7709707406309,364,171.24800648496577,0.333315847405901,171.2476015510411,0.33331505924551885,171.27536270462403,0.33336909334858017,0.157535288887258,0.13272102129035387,-3.0208468458248205e-05,-5.871057013495662e-05
0.15,15019,0,3955.5556140840054,5149.999866262078,4532.1968299155615,1194.444252178073,676.9230749341659,505.21753767383996,351,168.3969482874635,0.33331572190231007,168.39654462086608,0.3333149229066947,168.42404476551042,0.33336935519099536,0.16630994478899255,0.13754867273188098,-2.9150734357552555e-05,-5.665931267001545e-05
0.1525,15269,0,4014.8147381842136,5209.999857470393,4612.385298760891,1195.1851192861795,676.9230749341659,501.35890682726887,351,167.11061872954264,0.33331534845379057,167.11021264686192,0.33331453848976045,167.13807545086428,0.3333701130564489,0.16862961122083472,0.14075456453105117,-2.9300749163796436e-05,-5.695600818866886e-05
0.155,15519,0,4133.3334520459175,5329.999839887023,4691.331671977524,1196.6663878411055,676.9230749341659,497.83448771195015,351,165.93596194359063,0.33331552160283867,165.93556245967375,0.3333147191596035,165.9629633086858,0.3333697592375579,0.17615456709472416,0.14186315177176317,-2.9800683325198474e-05,-5.7925869939634556e-05
0.1575,15769,0,4192.592576146126,5389.999831095338,4769.9811428655985,1197.407254949212,676.9230749341659,495.9382666703507,351,165.30379843323593,0.33331527236859315,165.3033956608039,0.3333144602263184,165.33107257631085,0.33337026740508835,0.1812427630065253,0.14183369133751086,-3.0153172255797944e-05,-5.8606519907467014e-05
0.16,16019,0,4251.851700246334,5449.999822303653,4848.814909167168,1198.1481220573187,676.9230749341659,490.3017468988308,351,163.42494311529916,0.333315033342152,163.42454167059756,0.333314214571458,163.452262112934,0.3333707520863899,0.18620808524434032,0.14792293444843793,-3.0169578207395187e-05,-5.8642334807401664e-05
0.1625,16269,0,4370.370414108038,5569.999804720283,4927.982924075653,1199.6293906122446,676.9230749341659,487.07339794127796,351,162.348908330252,0.3333150794448128,162.34850981161028,0.3333142612546932,162.37597979941566,0.3333706593004939,0.1887693367311259,0.14796625362892024,-3.026750774715037e-05,-5.88379745961598e-05
0.165,16519,0,4429.9999717622995,5629.999795928597,5007.168963079718,1199.999824166298,676.9230749341659,482.88205469618157,338,160.95175218531682,0.333314834585402,160.95135296265477,0.3333140078355608,160.97894954820995,0.33337115757903707,0.19551912883689893,0.14591052383935346,-3.070599399002116e-05,-5.969282507661822e-05
0.1675,16769,0,4489.999962970614,5689.999787136912,5086.685648044282,1199.999824166298,676.9230749341659,479.8384896810087,338,159.93721714014634,0.3333146893790676,159.93681798350912,0.3333138575228372,159.9644545573532,0.3333714530980951,0.20219998417094096,0.14797009334142944,-3.084676315262547e-05,-5.9958792306358255e-05
0.17,17019,0,4609.999945387244,5810.000002384186,5167.06230794842,1200.0000569969416,676.9230749341659,471.81995627293463,338,157.26448858612022,0.3333146182039556,157.26409543762665,0.33331378494438624,157.29137224918776,0.33337159685165824,0.2069969452673245,0.15641120631076189,-3.0827953863055146e-05,-5.993146784288861e-05
0.1725,17269,0,4669.999936595559,5870.000226423144,5247.466263612447,1200.0002898275852,676.9230749341659,471.4928376393779,351,157.1554907031385,0.3333146935804338,157.15510026164043,0.3333138654840835,157.18224667459896,0.3333714409354826,0.2134747473740987,0.15982192738556028,-3.145977542456935e-05,-6.115353602603735e-05
0.175,17519,0,4729.999927803874,5930.000217631459,5327.820325479151,1200.0002898275852,738.4615382761694,466.9371450471303,351,155.6369294311553,0.3333145179860259,155.63653903361268,0.3333136819044531,155.6636765823623,0.33337180010952094,0.22084156727159418,0.1648165672905727,-3.1176342358552045e-05,-6.0598122351041006e-05
0.1775,17769,0,4849.999910220504,6050.000200048089,5408.680910353066,1200.0002898275852,738.4615382761694,465.2333147566027,351,155.06908417974455,0.3333146601095677,155.06869868967965,0.33331383151442484,155.09553188717848,0.33337150837600743,0.22340100657632883,0.16070959201805565,-3.1019484961147814e-05,-6.0299794221563285e-05
0.18,18019,0,4909.999901428819,6110.000191256404,5489.655378005987,1200.0002898275852,738.4615382761694,464.9691533444088,351,154.981063583852,0.3333147209209715,154.98068000837588,0.3333138959727499,155.00740975218093,0.3333713831062787,0.23201961574998292,0.1583018474637018,-3.1444462298857445e-05,-6.112259788526586e-05
0.1825,18269,0,4969.999892637134,6170.000182464719,5570.126508026974,1200.0002898275852,738.4615382761694,457.8642824396746,351,152.61284093505975,0.3333145798617019,152.61246176118368,0.3333137517257441,152.63897974343118,0.333371668412554,0.2379241409949372,0.16821534481574946,-3.099387736354986e-05,-6.024830770046119e-05
0.185,18519,0,5089.999875053763,6290.000164881349,5650.542302631358,1200.0002898275852,738.4615382761694,459.4319668941203,351,153.13549208178037,0.3333148390109121,153.13511521885204,0.3333140187307498,153.1613595934879,0.3333711422583382,0.24104686925243468,0.15717405263595602,-3.07272013783666e-05,-5.972445931168302e-05
0.1875,18769,0,5149.999866262078,6350.0001560896635,5730.932877511197,1200.0002898275852,738.4615382761694,456.206490987856,351,152.06041710674165,0.33331489163487027,152.06004574584497,0.33331407761555226,152.08602813526934,0.3333710307495774,0.2488066477705234,0.1603038368623146,-3.067848922949645e-05,-5.9634035310229816e-05
0.19,19019,0,5209.999857470393,6410.000147297978,5811.273815090326,1200.0002898275852,738.4615382761694,448.4042617508971,351,149.45976938920109,0.33331478341798354,149.45940366239134,0.3333139677994872,149.48508869930473,0.33337124878252933,0.2538586261684845,0.1718084400106638,-3.0395585774889433e-05,-5.908519513564414e-05
0.1925,19269,0,5329.999839887023,6530.000129714608,5892.062201659823,1200.0002898275852,738.4615382761694,448.5614883724939,351,149.51227869218368,0.33331501381149753,149.51191628856353,0.3333142058874346,149.53729339174666,0.3333707803010678,0.2578050216348176,0.1624736778392996,-2.9857248797227065e-05,-5.8039931128628375e-05
0.195,19519,0,5389.999831095338,6590.000120922923,5972.6984793583815,1200.0002898275852,738.4615382761694,448.35157600596585,351,149.4423904468765,0.33331518933901993,149.44203226873648,0.3333143904611768,149.46715329035285,0.33337042019980323,0.26413972344486575,0.16006049713025355,-2.9357801362095426e-05,-5.707171776425657e-05
0.1975,19769,0,5449.999822303653,6710.000103339553,6053.496226321986,1260.0002810359001,738.4615382761694,442.88605656149946,338,147.62069892820185,0.3333153002700214,147.62034948717564,0.3333145112611532,147.645008146122,0.3333701884688255,0.2689395588242754,0.16012904104415054,-2.9291237230277822e-05,-5.6952155165712615e-05
0.2925,29269,0,3125.9258976206183,4669.999936595559,3991.621531570365,1544.0740389749408,615.3846115921624,520.6108478289087,429,165.01715731400645,0.31696834209693026,146.55531304076825,0.28150645276014596,209.03837747413405,0.4015252051429238,0.1300000958147502,0.16951566305694388,-0.08209429676069813,-0.09896794631485006
0.295,29519,0,3362.9629760980606,4789.999919012189,4110.790432809329,1427.0369429141283,615.3846115921624,523.8926637384192,403,166.34297177860347,0.3175134589432978,147.2459261070119,0.28106124841735164,210.30376585280382,0.40142529263935056,0.12791811880996992,0.17210061524058562,-0.08287239019084669,-0.09835478995741115
0.2975,29769,0,3540.740697644651,4849.999910220504,4212.189691582591,1309.2592125758529,676.9230749341659,521.1979483518742,377,165.31934829493028,0.3171910956627921,146.45844952207312,0.28100350353488973,209.42015053487074,0.4018054008023182,0.134803632071452,0.17188059954094514,-0.08369511539185509,-0.09647296965925656
0.3,30019,0,3659.259295091033,4969.999892637134,4304.739083292029,1310.7405975461006,676.9230749341659,518.7630265128446,377,164.34513327298737,0.3168019401415806,145.74258496027826,0.28094250652358255,208.67530827957893,0.4022555533348368,0.1384469330526286,0.1839755296187835,-0.0849890717074136,-0.09776360317074961
0.3025,30269,0,3777.777776122093,5029.9998838454485,4392.169937310958,1252.2221077233553,676.9230749341659,517.6650340899045,364,164.054557729598,0.3169125726600768,145.33058995979488,0.2807425272894805,208.27988640051163,0.40234490005044266,0.1456754629257909,0.18041751901440103,-0.08661166922535124,-0.10053970930409362
0.305,30519,0,3896.2963735684752,5089.999875053763,4475.810339935217,1193.7035014852881,676.9230749341659,508.9653227838417,351,160.75533773075475,0.31584732895256157,142.74093473277944,0.28045316319792124,205.4690503203075,0.4036995078495171,0.15262984200729118,0.18742037664503042,-0.0864302277126085,-0.10111282241312075
0.3075,30769,0,3955.5556140840054,5149.999866262078,4557.241770080473,1194.444252178073,676.9230749341659,509.38077788164446,351,161.08679526294756,0.3162404280995,142.66498154439228,0.280075314458648,205.62900107430457,0.403684257441852,0.15414854826541946,0.18466038282042285,-0.08501587789311849,-0.09794519835180532
0.31,31019,0,4074.0740951150656,5269.999848678708,4637.333504948538,1195.9257535636425,676.9230749341659,506.67027180909736,351,159.90420962962943,0.3155981681314785,142.06943059996573,0.280398196824728,204.69663157950225,0.4040036350437935,0.15979995429103663,0.19212629306675486,-0.08582571391369204,-0.09927560532539798
0.3125,31269,0,4133.3334520459175,5329.999839887023,4716.038237915596,1196.6663878411055,676.9230749341659,505.1781662877516,351,159.5422791529036,0.31581388468405747,141.38043302297135,0.27986251674709245,204.2554541118767,0.40432359856885014,0.16460400748673307,0.1924181429456164,-0.08612857947133334,-0.0986998232066233
0.315,31519,0,4192.592576146126,5389.999831095338,4794.673379621929,1197.407254949212,676.9230749341659,496.4173663115567,351,156.63203370880288,0.3155248876013314,138.35951076582845,0.2787160968881024,201.42582183692534,0.4057590155105662,0.16740746043375684,0.2039717727754377,-0.08561081698749123,-0.09740265892800909
0.3175,31769,0,4311.111057177186,5509.999813511968,4873.867604211391,1198.8887563347816,676.9230749341659,501.318234768929,351,158.14935944651626,0.3154669997579711,140.24663240758875,0.2797556974408325,202.922242914824,0.40477730280119634,0.1683549967171331,0.19839894197834634,-0.08579781134338804,-0.09852898953752331
0.32,32019,0,4370.370414108038,5569.999804720283,4953.050960250089,1199.6293906122446,676.9230749341659,495.73081657985927,351,156.38957415389885,0.3154727705508811,138.46777650180127,0.27932049384606883,200.8734659241591,0.40520673560305,0.17511591789171915,0.205121954302087,-0.08682604633265262,-0.09877156918114832
0.3225,32269,0,4429.9999717622995,5629.999795928597,5031.9326547024575,1199.999824166298,676.9230749341659,488.32092186228795,338,153.90939076093727,0.3151808244749781,136.31416168729294,0.27914872286740783,198.09736941405777,0.4056704526576141,0.18018479930127318,0.2022045925710127,-0.08600867720505678,-0.09753625362678664
0.325,32519,0,4549.999954178929,5749.999778345227,5112.243733949931,1199.999824166298,676.9230749341659,489.6553320848878,338,154.45367023399226,0.3154334490269899,136.7916313980991,0.2793630997862484,198.41003045279638,0.40520345118676165,0.1799080679220372,0.20251247350668414,-0.08556821553644656,-0.09710773778096754
0.3275,32769,0,4609.999945387244,5810.000002384186,5192.455953566488,1200.0000569969416,676.9230749341659,488.3811073362558,338,154.18949949385777,0.31571552866744407,136.47871050485793,0.27945124914688974,197.71289733754008,0.4048332221856661,0.18592620130230567,0.20244978572296307,-0.08594024018430563,-0.09646083938309946
0.33,33019,0,4669.999936595559,5870.000226423144,5273.040980500274,1200.0002898275852,676.9230749341659,480.45510782025144,351,151.60370057178116,0.31554186458664807,134.26059701478076,0.27944462412711096,194.59081023368955,0.405013511286241,0.19260370791917233,0.22550855299689454,-0.08527525998277419,-0.09610408472409665
0.3325,33269,0,4789.999919012189,5990.000208839774,5353.966564518379,1200.0002898275852,738.4615382761694,483.4514104605363,351,152.67979534300736,0.31581207964118757,135.32457644248544,0.2799135001252248,195.4470386750435,0.4042744202335876,0.19395959886945838,0.22270461502755304,-0.08425780744215433,-0.09426813206275708
0.335,33519,0,4849.999910220504,6050.000200048089,5434.9457891167785,1200.0002898275852,738.4615382761694,483.9687580209051,351,152.95524878981882,0.3160436417741079,135.64108391620024,0.2802682645691381,195.37242531488607,0.403688093656754,0.19914595572796367,0.2202830126033984,-0.08408638412412256,-0.09305230302157735
0.3375,33769,0,4969.999892637134,6110.000191256404,5515.942827983519,1140.0002986192703,738.4615382761694,475.34637707265756,338,150.0365444329255,0.31563624268454693,133.21092963851635,0.2802397074295042,192.09890300121575,0.4041240498859489,0.20497212950251842,0.22335326990538334,-0.08356352173983805,-0.09282377023939514
0.34,34019,0,5029.9998838454485,6230.000173673034,5596.837109518446,1200.0002898275852,738.4615382761694,478.34591645735946,351,151.20316784352505,0.31609586836935727,134.23728286256843,0.2806280523030964,192.90546575126598,0.4032760793275464,0.20708466695986955,0.22930608026305818,-0.08284693092829026,-0.09196900548835502
0.3425,34269,0,5089.999875053763,6290.000164881349,5677.187106396817,1200.0002898275852,738.4615382761694,477.6995706877325,351,151.05173828678676,0.3162065606827346,134.18645113594974,0.2809013433752196,192.46138126499602,0.4028920959420458,0.21181844660804308,0.22899322225655527,-0.08199629037613604,-0.09020556348502867
0.345,34519,0,5209.999857470393,6350.0001560896635,5757.654114795647,1140.0002986192703,738.4615382761694,466.5422050629217,338,147.35662946217923,0.3158484438558041,130.98088756464506,0.28074820700729514,188.20468803609742,0.4034033491369009,0.2178426207531773,0.23579452543860754,-0.0815030997502249,-0.09015451924301349
0.3475,34769,0,5269.999848678708,6470.000138506293,5838.578235209149,1200.0002898275852,738.4615382761694,471.4138968918626,351,149.0833942426275,0.316247347024701,132.59823781493932,0.2812777448632491,189.7322648342957,0.4024749081120498,0.21917266968951116,0.23846518612666903,-0.08066871033182416,-0.0895636088454485
0.35,35019,0,5329.999839887023,6530.000129714608,5919.1137138259155,1200.0002898275852,738.4615382761694,472.4757071427849,351,149.38411861618727,0.3161731203484765,132.96536916460352,0.2814226576191369,190.12621936199406,0.4024042220323865,0.2227974502168189,0.23537262586530436,-0.08003154286148811,-0.08830479793934054
0.3525,35269,0,5449.999822303653,6590.000120922923,5999.822391383314,1140.0002986192703,738.4615382761694,460.6046034140152,338,145.4204710672034,0.31571649520943235,129.5723336326236,0.2813092458742913,185.61179871418815,0.4029742589162764,0.22781619147205193,0.24264833556455948,-0.07960634159376156,-0.08877582798975292
0.4475,44769,0,2888.888935558498,4609.999945387244,3893.799017918107,1721.1110098287463,615.3846115921624,514.8536966758281,442,135.28892553894704,0.2627715920317655,154.12819590827812,0.2993630946100076,225.43657522860303,0.437865313358227,0.13335712461414018,0.17558248281429292,-0.04646524889148118,-0.20649977383223553
0.45,45019,0,3185.1851381361485,4729.999927803874,4021.5583377680678,1544.8147896677256,615.3846115921624,520.3836881118879,429,137.82447346102245,0.2648516404522441,155.9759394601335,0.2997325685323885,226.5832751907319,0.4354157910153674,0.13398184191248932,0.17778118610281032,-0.044686280589961436,-0.19953036173346164
0.4525,45269,0,3422.2222166135907,4789.999919012189,4135.687115888546,1367.7777023985982,615.3846115921624,514.5566625129244,390,134.9424560818974,0.2622499442974523,154.29827145464742,0.29986643395327106,225.3159349763796,0.43788362174927664,0.1368053914959776,0.1817206381770721,-0.04661865699126899,-0.20342441165364133
0.455,45519,0,3600.000054575503,4909.999901428819,4234.5580354286385,1309.9998468533158,676.9230749341659,516.3857843423555,377,136.18741841063482,0.2637319278339094,154.66505640041862,0.29951455111684133,225.53330953130205,0.43675352104924925,0.14222620517644313,0.18613453153602194,-0.04886474092108278,-0.2051288010856055
0.4575,45769,0,3718.518535606563,4969.999892637134,4325.637520251729,1251.4813570305705,676.9230749341659,512.3270738405325,364,135.19188925985586,0.2638780891402508,153.17009023393982,0.298969346058053,223.96509434673675,0.4371525648016961,0.1506096972151399,0.1876834365545014,-0.0518880334111424,-0.21074667731683083
0.46,46019,0,3777.777776122093,5029.9998838454485,4412.066472984068,1252.2221077233553,676.9230749341659,507.17646129943006,364,133.16073256141465,0.26255306135510564,151.944778381993,0.2995895708422613,222.0709503560224,0.43785736780263296,0.15524668249216708,0.1942729693561239,-0.05308897401501639,-0.2073634898530677
0.4625,46269,0,3896.2963735684752,5149.999866262078,4495.328056358461,1253.703492693603,676.9230749341659,507.8509056690077,364,133.56838425200976,0.26300708093856007,152.12970999054488,0.29955585053085554,222.15281142645307,0.4374370685305844,0.15818094763948132,0.19898306313483105,-0.054990388198079276,-0.20843283881175778
0.465,46519,0,3955.5556140840054,5209.999857470393,4576.398552753125,1254.4442433863878,676.9230749341659,506.0405768140574,364,133.0039567861227,0.26283259264206094,151.48724288772854,0.29935789703162863,221.54937714020608,0.4378095103263103,0.16159431397338628,0.19975137421667669,-0.05342724722693404,-0.20257735286044173
0.4675,46769,0,4074.0740951150656,5269.999848678708,4656.007474465142,1195.9257535636425,676.9230749341659,504.7032995477642,351,132.75637147445707,0.2630384457430979,150.81992726655562,0.2988288909577107,221.12700080675143,0.43813266329919126,0.1670529720165263,0.1933231086772577,-0.053472079241394854,-0.20314072082012194
0.47,47019,0,4133.3334520459175,5329.999839887023,4734.591919370644,1196.6663878411055,676.9230749341659,494.0917554520512,351,128.9009917895216,0.2608847250883358,147.9615517881099,0.2994616893632194,217.2292118744197,0.43965358554844486,0.17170397488548528,0.20814024900263844,-0.05340649802539743,-0.19794081740412062
0.4725,47269,0,4251.851700246334,5449.999822303653,4813.6251744817355,1198.1481220573187,676.9230749341659,499.20544422941305,351,131.21693855110942,0.2628515775777634,148.51357095393055,0.29749990243632074,219.4749347243731,0.43964851998591586,0.17224450421605111,0.20236703086532212,-0.054657178207042245,-0.19964829310283888
0.475,47519,0,4311.111057177186,5509.999813511968,4892.688708534329,1198.8887563347816,676.9230749341659,493.8274032665858,351,129.73589299132135,0.26271505415280744,147.01791875344264,0.2977111391165084,217.07359152182184,0.4395738067306842,0.17861166264137665,0.20909539693762738,-0.05509276353666043,-0.19955621280901675
0.4775,47769,0,4370.370414108038,5569.999804720283,4971.791386012612,1199.6293906122446,676.9230749341659,486.97173208598826,351,127.60364961206173,0.2620350242209332,144.25951498011204,0.29623796511177997,215.10856749381452,0.44172701066728687,0.18291306154069106,0.21794042638540823,-0.0562076550908841,-0.19428053642597543
0.48,48019,0,4489.999962970614,5689.999787136912,5051.293156229323,1199.999824166298,676.9230749341659,487.1080615191646,338,127.96619940008817,0.26270597739851514,144.21292196417826,0.2960594031525886,214.92894015489816,0.4412346194488963,0.18248719027270446,0.20762376187671075,-0.058688250613076864,-0.1956296929033855
0.4825,48269,0,4549.999954178929,5749.999778345227,5131.3675204845895,1199.999824166298,676.9230749341659,486.1567660445596,338,128.20072345408784,0.2637024359388168,143.7352104170876,0.2956560937874786,214.2208321733841,0.4406414702737045,0.18789307168695066,0.20737279553130583,-0.05952634409568408,-0.19439971260681327
0.485,48519,0,4609.999945387244,5810.000002384186,5211.462844667232,1200.0000569969416,676.9230749341659,480.1903826905557,338,126.60274270789812,0.26365114186279626,141.27307176522746,0.29420220991028606,212.31456821743018,0.4421466482269178,0.19331330407873443,0.21513359720365022,-0.0602372739702382,-0.1905679095323246
0.4875,48769,0,4729.999927803874,5930.000217631459,5292.542784849235,1200.0002898275852,676.9230749341659,480.66997139770115,351,127.43523998680644,0.2651200357206585,141.36312595104192,0.2940960208934699,211.87160545985273,0.4407839433858714,0.19448709630208547,0.2304867445737233,-0.06228522366545003,-0.19000511374396872
0.49,49019,0,4789.999919012189,5990.000208839774,5373.293850656248,1200.0002898275852,738.4615382761694,484.0483960261319,351,128.80846490528637,0.26610658347958355,142.4992640588963,0.29439053042787755,212.74066706194918,0.43950288609253885,0.19896448247927545,0.22394653454261443,-0.06294567276350133,-0.18773582180652076
0.4925,49269,0,4849.999910220504,6050.000200048089,5454.201767990301,1200.0002898275852,738.4615382761694,475.9480247201228,351,126.41049114955972,0.2655972597509872,139.6243796827519,0.2933605613025852,209.9131538878112,0.4410421789464277,0.2041000167287573,0.2356826584156473,-0.06434538337294154,-0.18695822632358905
0.495,49519,0,4969.999892637134,6170.000182464719,5535.517509133848,1200.0002898275852,738.4615382761694,478.7541247593936,351,127.9039361777549,0.2671599670123684,140.66613830817315,0.29381707860766193,210.18405027346563,0.43902295437996974,0.20621984269040686,0.23428953481858678,-0.06437082198130056,-0.18368469464933318
0.4975,49769,0,5029.9998838454485,6230.000173673034,5615.999444174575,1200.0002898275852,738.4615382761694,477.12172524528205,351,127.70184655452412,0.2676504543759232,140.10520099226022,0.2936466599173072,209.31467769849763,0.43870288570676946,0.21085036108527777,0.23615411996548438,-0.06437478116609663,-0.18077990463976595
0.5,50019,0,5149.999866262078,6290.000164881349,5696.365724468017,1140.0002986192703,738.4615382761694,469.4955529168716,338,125.11453480870045,0.2664871563349038,137.5693982289206,0.2930153382161609,206.8116198792506,0.4404975054489354,0.21497175446717143,0.2379899732149126,-0.06539774158334155,-0.1809274521077081
0.5025,50269,0,5209.999857470393,6410.000147297978,5777.227954810536,1200.0002898275852,738.4615382761694,472.1103979329731,351,126.71670799034787,0.2684048234166158,138.5980588034766,0.29357129055046516,206.7956311391487,0.4380238860329191,0.21785310124787194,0.24609339101043787,-0.0648001253233274,-0.17975586619260464
0.505,50519,0,5269.999848678708,6470.000138506293,5857.717246431778,1200.0002898275852,738.4615382761694,473.32630636272177,351,127.03538004045198,0.26838859013912825,139.29434950919688,0.2942882059093756,206.99657681307298,0.4373232039514962,0.22139976265387373,0.24335420071532624,-0.06349318085393585,-0.17653079732706495
0.5075,50769,0,5389.999831095338,6530.000129714608,5938.265621146944,1140.0002986192703,738.4615382761694,461.4219310267893,338,123.3377131456555,0.26729920025950116,135.51774337195928,0.2936959304695281,202.56647450917453,0.4390048692709707,0.22664314749650155,0.2516330111337288,-0.06415865674204269,-0.17649676987916252
0.51,51019,0,5449.999822303653,6650.000112131238,6019.1026785565255,1200.0002898275852,738.4615382761694,466.2079219340151,338,125.37721162126155,0.2689298180544578,137.14915892953644,0.2941802412120914,203.68155138321706,0.43688994073345067,0.22835134715188524,0.24257334369436506,-0.06297389037349505,-0.17522077168416478
0.605,60519,0,2948.148176074028,4609.999945387244,3920.679545891751,1661.8517693132162,615.3846115921624,514.6708092796912,442,131.04161547892886,0.2546124884415506,177.5223046954518,0.3449239814939254,206.10688910531053,0.40046353006452406,0.1371950394418455,0.17387721813813592,0.02364053324931814,-0.18218852027383636
0.6075,60769,0,3244.4443786516786,4729.999927803874,4048.9351798945786,1485.5555491521955,615.3846115921624,517.5632319513345,416,132.41941063050746,0.25585165725790704,178.2963425571417,0.34449190272833485,206.84747876368536,0.3996564400137583,0.136488161463181,0.1776913376545192,0.02350638707096042,-0.1798210683054443
0.61,61019,0,3481.481457129121,4789.999919012189,4158.807207173209,1308.518461883068,676.9230749341659,513.2443761253477,377,130.30048791859718,0.2538761143420194,176.59408292122487,0.3440740729677201,206.34980528552572,0.40204981269026063,0.13944811368635357,0.17890215217300956,0.018909643622480987,-0.1787081241117132
0.6125,61269,0,3600.000054575503,4909.999901428819,4255.570478028195,1309.9998468533158,676.9230749341659,513.9558885077869,377,131.66426001241894,0.256178133097553,176.60991803054682,0.3436285525267817,205.6817104648211,0.4001933143756652,0.14664784013464432,0.18726509122638643,0.016794383363694654,-0.18576113531401964
0.615,61519,0,3718.518535606563,4969.999892637134,4345.397302060645,1251.4813570305705,676.9230749341659,513.3728531115031,364,131.7569737917585,0.2566496708838269,176.48170518679524,0.34376906397982815,205.1341741329493,0.3995812651363448,0.15291267629438454,0.18350862031123583,0.011540065803619659,-0.1864886218183597
0.6175,61769,0,3837.0370166376233,5089.999875053763,4431.140856167592,1252.96285841614,676.9230749341659,509.1938018003046,364,130.0472258222647,0.2553982891434852,175.09328613356232,0.3438637420850427,204.05328984447752,0.40073796877147194,0.15655455476003305,0.19630983244214756,0.00885421487137844,-0.18920376272404765
0.62,62019,0,3896.2963735684752,5149.999866262078,4513.666647600117,1253.703492693603,676.9230749341659,508.6069208865115,364,130.38624992332424,0.2563595668262999,174.61945821913437,0.34332890695779233,203.6012127440529,0.4003115262159078,0.16055034960531833,0.1955161317319546,0.007494732880762411,-0.18389106091077767
0.6225,62269,0,4014.8147381842136,5209.999857470393,4594.455652803472,1195.1851192861795,676.9230749341659,504.5523671982035,351,128.87741318195927,0.25542921123850815,172.79133991853737,0.3424646303376864,202.88361409770687,0.4021061584238054,0.16666695908823795,0.19360176203931767,0.009128685590395647,-0.18209553081739446
0.625,62519,0,4074.0740951150656,5269.999848678708,4673.605074064558,1195.9257535636425,676.9230749341659,494.11949958694976,351,124.95798718437923,0.2528902164129034,169.26666882370662,0.34256221210699445,199.8948435788639,0.4045475714801023,0.17163262496620116,0.20829567984102607,0.008906256353906072,-0.17641500670154694
0.6275,62769,0,4192.592576146126,5389.999831095338,4752.468160430754,1197.407254949212,676.9230749341659,497.56690093385373,351,127.26851982543675,0.25578172419944745,169.11490527853027,0.33988375223739475,201.18347582988673,0.4043345235631579,0.17298809609368337,0.20508981422849892,0.008041126567783219,-0.17636108460619185
0.63,63019,0,4251.851700246334,5449.999822303653,4831.363259307755,1198.1481220573187,676.9230749341659,494.440379000137,351,126.45027538776831,0.2557442327899625,168.3595558449188,0.34050527221376503,199.63054776744994,0.40375049499627264,0.17776489549438212,0.20840514250837122,0.005833876073911726,-0.1775083771358107
0.6325,63269,0,4311.111057177186,5509.999813511968,4910.315574837203,1198.8887563347816,676.9230749341659,491.81287937191655,351,126.24988968579098,0.2567030978266001,167.06514257193422,0.3396924919601321,198.49784711419144,0.4036044102132679,0.18137984649089214,0.2104928385200855,0.005068871558251087,-0.17082475729377844
0.635,63519,0,4429.9999717622995,5629.999795928597,4989.580764372004,1199.999824166298,676.9230749341659,487.36715411180035,338,125.09327406708404,0.2566715319481462,164.46509998447726,0.3374562659730441,197.808780060239,0.40587220207880964,0.1825556680327435,0.2073451435908242,0.0022430141051445474,-0.17187943098490954
0.6375,63769,0,4489.999962970614,5689.999787136912,5069.132129958523,1199.999824166298,676.9230749341659,484.7035730003164,338,124.56814603488215,0.2569986131189523,163.63512746403157,0.337598352021896,196.5002995014027,0.4054030348591518,0.18851795028203364,0.20991532395583787,0.0004228211238435642,-0.1711615317887438
0.64,64019,0,4549.999954178929,5749.999778345227,5149.1107909752445,1199.999824166298,676.9230749341659,480.60219427802116,338,123.67763382684933,0.25733888712814257,161.29750472416168,0.3356154146704821,195.62705572701012,0.4070456982013752,0.19281788920314272,0.21454876311503063,-0.0007611481440963908,-0.16651327060565635
0.6425,64269,0,4669.999936595559,5870.000226423144,5229.995236815239,1200.0002898275852,676.9230749341659,476.8940680657737,351,123.2068602178633,0.2583526792806961,159.69252925385143,0.33485954208142193,193.994678594059,0.40678777863788196,0.19488617917154746,0.23626879140431772,-0.0024240178140418345,-0.16509838210233446
0.645,64519,0,4729.999927803874,5930.000217631459,5310.600348716906,1200.0002898275852,676.9230749341659,479.613903944931,351,124.5632549349913,0.25971568778642745,160.4434500513191,0.3345262694255443,194.60719895862067,0.4057580427880284,0.19830347025771616,0.23080271181195727,-0.0035838110245848265,-0.16275489784615116
0.6475,64769,0,4789.999919012189,5990.000208839774,5391.284062262581,1200.0002898275852,738.4615382761694,476.2729670166677,351,123.74527868629086,0.2598200764184045,159.01715151751475,0.33387818022421956,193.51053681286206,0.40630174335737584,0.20370114449915316,0.23492384895548227,-0.003949570172759931,-0.15829093969017838
0.65,65019,0,4909.999901428819,6110.000191256404,5472.648689944388,1200.0002898275852,738.4615382761694,479.0781696041381,351,125.46064561756434,0.2618792789519764,160.025945462453,0.33402888216485066,193.59157852412085,0.40409183888317307,0.20504758621188943,0.2331939986894501,-0.00492757321050058,-0.15735687661866193
0.6525,65269,0,4969.999892637134,6170.000182464719,5553.524004218146,1200.0002898275852,738.4615382761694,477.57666261467773,351,125.4203429463064,0.26261824072316337,159.20974921248532,0.33337003600810416,192.946570455886,0.4040117232687325,0.20987824632500382,0.2347411701141506,-0.004940751906047702,-0.15432136680315212
0.655,65519,0,5029.9998838454485,6230.000173673034,5633.816411933629,1200.0002898275852,738.4615382761694,471.10902116418373,351,123.36885808572255,0.261869020849694,156.82896336681625,0.3328931443071658,190.91119971164494,0.4052378348431402,0.21435217138013243,0.24412551436534602,-0.006382941884988003,-0.1535846554092048
0.6575,65769,0,5149.999866262078,6350.0001560896635,5714.655288915785,1200.0002898275852,738.4615382761694,472.3908554126765,351,124.67245500048209,0.26391801105372653,157.27266443835416,0.3329291044403519,190.44573597384033,0.4031528845059217,0.21687144324532237,0.2446526278052815,-0.0050451905666034635,-0.15050659801612853
0.66,66019,0,5209.999857470393,6410.000147297978,5795.1726910202915,1200.0002898275852,738.4615382761694,472.18819310031637,351,124.78549182264808,0.26427067352812317,157.26242575376318,0.3330503135226695,190.14027552390513,0.4026790129492074,0.2212213166159725,0.2442500055606427,-0.003926332883630201,-0.14756754684906515
0.6625,66269,0,5269.999848678708,6470.000138506293,5875.575755931771,1200.0002898275852,738.4615382761694,464.93608472180546,351,122.46470149077619,0.2634011545136424,154.67660463531018,0.3326835875255003,187.79477859571907,0.40391525796085737,0.2248233761781382,0.25482765610198016,-0.005311904612660179,-0.14736842994469002
0.665,66519,0,5389.999831095338,6590.000120922923,5956.5281687043,1200.0002898275852,738.4615382761694,466.33182166759,351,123.65466618744114,0.2651645468783481,155.21707413855515,0.33284684194079456,187.46008134159376,0.4019886111808573,0.2276493384017232,0.25455591011523904,-0.004103563600826365,-0.14648254759553098
0.6675,66769,0,5449.999822303653,6650.000112131238,6037.135894079466,1200.0002898275852,738.4615382761694,468.07452992790144,338,124.08231318169382,0.2650909315676854,155.9661873509686,0.33320802004542405,188.0260293952389,0.4017010483868904,0.2305592353128883,0.23745759784763748,-0.0017224747609161928,-0.14192049578699517
0.7625,76269,0,3066.6666571050882,4669.999936595559,3950.706010292478,1603.3332794904709,615.3846115921624,515.0449788984337,442,132.69613527423152,0.2576398969232532,173.93497491532966,0.3377083207127614,208.41386870887243,0.4046517823639854,0.138331344876267,0.18121641880102662,0.01285535902691376,-0.18311045373428853
0.765,76519,0,3303.7037355825305,4729.999927803874,4075.1339431382307,1426.2961922213435,615.3846115921624,513.4326428781841,403,131.80895982269126,0.25672103566263504,173.2778769339945,0.3374890150393223,208.34580612149833,0.40578994929804263,0.1397894218713658,0.17918151974831245,0.013032342150291809,-0.1849318868824278
0.7675,76769,0,3481.481457129121,4849.999910220504,4181.3987954290815,1368.518453091383,676.9230749341659,515.7894234883606,390,133.11759109848072,0.258085150715551,173.8712432668384,0.33709734118028495,208.8005891230415,0.40481750810416395,0.1427824267896817,0.18432221005889435,0.00846754701804231,-0.18821090926910192
0.77,77019,0,3659.259295091033,4909.999901428819,4276.159526112965,1250.7406063377857,676.9230749341659,514.5192071620299,364,132.96782751383176,0.2584312221253155,173.32276794299105,0.33686355247843847,208.2286117052071,0.404705225396246,0.14920312838340158,0.17979366052763904,0.004919032344799734,-0.1872640146179712
0.7725,77269,0,3718.518535606563,4969.999892637134,4364.847009237397,1251.4813570305705,676.9230749341659,508.29046103478555,364,130.56759759232207,0.25687595499335275,171.4348298966252,0.3372772913101999,206.2880335458383,0.4058467536964474,0.15301933397018952,0.18830570438978933,0.0007329718354058268,-0.18955714554561184
0.775,77519,0,3837.0370166376233,5089.999875053763,4449.877216721949,1252.96285841614,676.9230749341659,509.28333884855664,364,131.6821286269693,0.2585635904066499,171.74369034858685,0.33722621033879435,205.85751987300048,0.4042101992545557,0.15841490994197516,0.19342204437896945,-0.0031963769113947937,-0.19310174302606006
0.7775,77769,0,3955.5556140840054,5149.999866262078,4531.915799843069,1194.444252178073,676.9230749341659,504.5436075460631,351,129.85334681892684,0.2573679358469955,169.5487305065286,0.3360437590938052,205.14153022060768,0.40658830505919935,0.1651181441600277,0.1928856827548649,-0.0013189390151929214,-0.190546472752044
0.78,78019,0,4014.8147381842136,5209.999857470393,4612.274182948107,1195.1851192861795,676.9230749341659,495.9521096317529,351,126.53707059612341,0.25513969623010146,166.83372888323228,0.33639080395707405,202.58131015239718,0.4084694998128245,0.1698780316683298,0.20491705564967272,-0.0005513101007896259,-0.18100223547289288
0.7825,78269,0,4133.3334520459175,5329.999839887023,4691.431467532116,1196.6663878411055,676.9230749341659,498.174323194867,351,128.30077353795727,0.25754192370884366,166.14819505164155,0.3335141682656548,203.72535460526817,0.4089439080255015,0.1717314867354715,0.20368118059471588,-0.0013729456011352115,-0.18107202421192772
0.785,78519,0,4192.592576146126,5389.999831095338,4770.13503428475,1197.407254949212,676.9230749341659,496.8059064267156,351,128.1875589399566,0.2580234197736248,165.85647791094644,0.3338456241470071,202.76186957581248,0.40813095607936806,0.17587871165494826,0.20435673345612554,-0.0042701348270745565,-0.1835443885768116
0.7875,78769,0,4251.851700246334,5449.999822303653,4848.970467841899,1198.1481220573187,676.9230749341659,491.1026803396633,351,126.59375889891447,0.25777452245090154,163.79232456467327,0.33351950848932227,200.71659687607556,0.4087059690597761,0.18115969811335814,0.211486532618354,-0.005115175158799057,-0.17621538224374939
0.79,79019,0,4370.370414108038,5569.999804720283,4928.265442551523,1199.6293906122446,676.9230749341659,486.7152386619219,351,125.4455810226459,0.2577391687334899,161.20396197470797,0.3312079613900935,200.06569566456798,0.41105286987641654,0.18197379543899905,0.22063975678072384,-0.007038213480348665,-0.1775273333572264
0.7925,79269,0,4429.9999717622995,5629.999795928597,5007.377609848045,1199.999824166298,676.9230749341659,485.9893459807053,338,125.63982799732771,0.2585238319243234,161.01241127125544,0.3313085206556111,199.3371067121221,0.4101676474200654,0.18661565141462674,0.20755669342943112,-0.009077084759085363,-0.1776184227301102
0.795,79519,0,4489.999962970614,5689.999787136912,5086.92017906906,1199.999824166298,676.9230749341659,484.8098695962321,338,125.99470815669102,0.25988478382592367,160.03672611647005,0.33010203824801393,198.778435323071,0.41001317792606234,0.1900899483209895,0.20737710998336137,-0.010441780700163772,-0.17111237610477548
0.7975,79769,0,4609.999945387244,5810.000002384186,5167.474768386471,1200.0000569969416,676.9230749341659,477.67859661125914,338,124.24779333043725,0.260107516250203,156.7783645650924,0.3282088954315879,196.65243871572952,0.41168358831820917,0.19375889240578545,0.22189157040169086,-0.012402956855914582,-0.1712818624406533
0.8,80019,0,4669.999936595559,5870.000226423144,5248.063720286649,1200.0002898275852,676.9230749341659,480.88813672512924,351,125.61557732525884,0.2612157957996361,157.8131258088334,0.3281701372039414,197.45943359103703,0.41061406699642256,0.19614598781427972,0.22822069512923837,-0.013881450455982769,-0.16954231407510512
0.8025,80269,0,4729.999927803874,5930.000217631459,5328.555343213399,1200.0002898275852,738.4615382761694,476.27186566860024,351,124.45973335017962,0.261320775636118,155.7599050183104,0.3270399035635906,196.05222730011027,0.4116393208002915,0.20178285410878616,0.23430604545561245,-0.014689869830688818,-0.1646600728633013
0.805,80519,0,4849.999910220504,6050.000200048089,5409.680860428653,1200.0002898275852,738.4615382761694,470.34023212068297,351,123.4079900302218,0.26238025497796874,153.56756268501474,0.3265031400622589,193.36467940544645,0.41111660495977237,0.20572079293744008,0.24655033175297772,-0.015619679642738138,-0.1633584413565678
0.8075,80769,0,4909.999901428819,6110.000191256404,5490.799186179153,1200.0002898275852,738.4615382761694,476.27846900903444,351,125.68689106602432,0.2638937076612636,155.6944148010735,0.32689786528670506,194.8971631419367,0.4092084270520314,0.20786339422187478,0.23616477131018943,-0.015990495498438395,-0.16043835453366573
0.81,81019,0,4969.999892637134,6170.000182464719,5571.449523289654,1200.0002898275852,738.4615382761694,472.2947910184782,351,124.56620215809177,0.26374672032581914,154.15071210175802,0.32638664459826106,193.5778767586284,0.4098666350759198,0.21247836246097582,0.24157030674839677,-0.017308012978749288,-0.1589082556273504
0.8125,81269,0,5089.999875053763,6290.000164881349,5652.192334639039,1200.0002898275852,738.4615382761694,471.7170236060567,351,125.40522472492705,0.2658484185418253,154.03094688488878,0.32653251669272815,192.2808519962409,0.40761906476544657,0.21551950845465156,0.24529557692159493,-0.016063224187898628,-0.15535604785442397
0.815,81519,0,5149.999866262078,6350.0001560896635,5732.6584615397915,1200.0002898275852,738.4615382761694,473.39216224500115,351,126.22122514720266,0.26663142150181535,154.6187567566903,0.32661875098106996,192.5521803411082,0.40674982751711475,0.21895235064568508,0.24194361595100614,-0.01522479221017381,-0.15219484081107776
0.8175,81769,0,5209.999857470393,6410.000147297978,5813.045724246125,1200.0002898275852,738.4615382761694,466.0876695301665,351,123.87227062043993,0.265770323307003,152.05904577128314,0.3262455879267611,190.15635313844345,0.4079840887662358,0.22307114895220714,0.2527826347730987,-0.01644135391862328,-0.15136743507847827
0.82,82019,0,5329.999839887023,6530.000129714608,5894.06605904624,1200.0002898275852,738.4615382761694,467.27725011092537,351,125.15854251208421,0.26784642839422046,152.58664959686246,0.32654414389025027,189.53205800197873,0.4056094277155294,0.22557432877656028,0.25320759901905,-0.014244073329913454,-0.14885464078434157
0.8225,82269,0,5389.999831095338,6590.000120922923,5974.674887821125,1200.0002898275852,738.4615382761694,468.8734435321999,351,125.65146331477575,0.2679858820072983,153.4562795385357,0.327287206506071,189.7657006788884,0.40472691148663076,0.2289412563780042,0.249784140861914,-0.012335325209076486,-0.1464067149900481
0.825,82519,0,5449.999822303653,6710.000103339553,6055.286408831616,1260.0002810359001,738.4615382761694,464.60125265904315,338,124.42489770215741,0.26781007797555184,151.9083858417977,0.32696508021100557,188.26796911508805,0.40522484181344265,0.23156288880123235,0.24128535439576293,-0.01337320472516379,-0.14656029014854055
0.92,92019,0,3125.9258976206183,4669.999936595559,3979.828481192489,1544.0740389749408,615.3846115921624,514.2821950733725,429,134.18394365869742,0.2609150091994794,171.6966364852233,0.3338568554968686,208.40161492945168,0.4052281353036519,0.14030542805764645,0.1781781955911172,0.008433546137045334,-0.1818478031767304
0.9225,92269,0,3362.9629760980606,4789.999919012189,4100.642788220173,1427.0369429141283,615.3846115921624,516.2128466424396,403,134.8660584399995,0.2612605620282363,171.9934741463526,0.3331832504073378,209.3533140560874,0.40555618756442585,0.13826109265660777,0.1830609963818374,0.005962502155545668,-0.1803698870177901
0.925,92519,0,3540.740697644651,4849.999910220504,4203.3627461763235,1309.2592125758529,676.9230749341659,513.1507130467119,377,133.86424118786684,0.26086730035524913,171.1285308051299,0.3334859066824529,208.15794105371504,0.4056467929622979,0.1463461233480287,0.1833795877370151,0.002230864364973606,-0.18320951417571862
0.9275,92769,0,3659.259295091033,4909.999901428819,4296.46033381386,1250.7406063377857,676.9230749341659,510.5952990336725,364,133.18572360369063,0.26084400670306085,170.61358845822983,0.33414641455008437,206.79598697175206,0.4050095787468548,0.15151420716316932,0.18342657116409197,-0.00041803034063858657,-0.1842190665893259
0.93,93019,0,3777.777776122093,5029.9998838454485,4384.399675889924,1252.2221077233553,676.9230749341659,509.87327298893473,364,133.44303801054815,0.26171804854231717,169.59513560417935,0.3326221329664791,206.83509937420723,0.4056598184912037,0.1563650298949851,0.19161403180211176,-0.005625337999512703,-0.19360798194161094
0.9325,93269,0,3837.0370166376233,5089.999875053763,4468.360363133973,1252.96285841614,676.9230749341659,503.7461187808384,364,131.15253176475002,0.26035442631729677,167.03891868407,0.33159346038900717,205.55466833201834,0.40805211329369606,0.16208947557268394,0.1996365095015574,-0.009948270784438051,-0.19376169899455994
0.935,93519,0,3955.5556140840054,5149.999866262078,4550.048533886993,1194.444252178073,676.9230749341659,503.03225305306694,351,130.85119987126453,0.26012487087475183,167.48077699813464,0.33294242264117085,204.7002761836678,0.40693270648407737,0.16572840281140108,0.19339300590933434,-0.006801572310612625,-0.18251572586993062
0.9375,93769,0,4014.8147381842136,5269.999848678708,4630.212815160612,1255.1851104944944,676.9230749341659,503.5832857869419,364,132.04329310634535,0.2622074576998784,166.85316721187118,0.331331821212319,204.6868254687254,0.4064607210878027,0.16807286158751164,0.20279416413200016,-0.005672735401512863,-0.17740852552313527
0.94,94019,0,4133.3334520459175,5329.999839887023,4709.085097220811,1196.6663878411055,676.9230749341659,499.48660842895674,351,130.52510016702945,0.2613185177828334,165.02520502663344,0.33038964857474334,203.93630323529382,0.4082918336424233,0.17340808392245563,0.20010574909716428,-0.008168819610409772,-0.1829162103312054
0.9425,94269,0,4192.592576146126,5389.999831095338,4787.761529714059,1197.407254949212,676.9230749341659,492.44818838931144,351,128.1650732287937,0.2602610310091568,162.71974324868827,0.3304301794284357,201.56337191182945,0.40930878956240746,0.17937480949796406,0.2093894551899068,-0.010124434838798269,-0.17642372315782073
0.945,94519,0,4311.111057177186,5509.999813511968,4866.884123888289,1198.8887563347816,676.9230749341659,488.0872567634134,351,126.99237121868535,0.26018374677673944,160.1099175527684,0.32803543902064464,200.98496799195962,0.4117808142026159,0.17994270311535848,0.21842151643695334,-0.010436888429723512,-0.17515469822233676
0.9475,94769,0,4370.370414108038,5569.999804720283,4946.093748004644,1199.6293906122446,676.9230749341659,488.87763610035915,351,127.96744083704277,0.2617576084228426,160.4174022137771,0.328134057211907,200.49279304953927,0.41010833436525035,0.18414708081832276,0.215596263667524,-0.013683870614804028,-0.17753513616893166
0.95,95019,0,4429.9999717622995,5629.999795928597,5025.0494899454225,1199.999824166298,676.9230749341659,487.71549134449026,338,128.34037137473607,0.26314598090976943,159.5086087936451,0.3270525780387375,199.86651117610907,0.40980144105149297,0.18793651862724053,0.20260117172792064,-0.014641738663571047,-0.17259104265981118
0.9525,95269,0,4549.999954178929,5689.999787136912,5104.813610660342,1139.999832957983,676.9230749341659,476.76873833784856,325,124.74546931306581,0.26164775347470137,154.88001357209183,0.3248535424366279,197.14325545269097,0.4134987040886708,0.19175322111353973,0.20964813200078533,-0.016907667370401336,-0.1732594737362141
0.955,95519,0,4609.999945387244,5810.000002384186,5185.53287273957,1200.0000569969416,676.9230749341659,480.3654094358404,338,126.60486003503681,0.26355948523380657,156.1036373152522,0.3249685223975355,197.65691208555137,0.41147199236865795,0.19496724803299612,0.21570409020777176,-0.01870685405005329,-0.16994868516801953
0.9575,95769,0,4669.999936595559,5870.000226423144,5266.087345706735,1200.0002898275852,676.9230749341659,479.4531417431579,351,126.95856876942416,0.2647987002605473,155.32889885258732,0.32397096885809273,197.16567412114634,0.41123033088135985,0.19849052489181715,0.228650567432531,-0.01963759014455313,-0.1637279212679859
0.96,96019,0,4789.999919012189,5990.000208839774,5346.93797939717,1200.0002898275852,738.4615382761694,471.846407049225,351,124.9529781891794,0.2648170597940863,152.34325370049837,0.32286619422028423,194.55017515954722,0.41231674598562945,0.20328385716510197,0.24345863306765778,-0.021061805970321257,-0.1634844672154543
0.9625,96269,0,4849.999910220504,6050.000200048089,5427.944850588595,1200.0002898275852,738.4615382761694,477.76787143405056,351,127.31060129143566,0.26646957425015794,154.3791529262442,0.32312585704615376,196.0781172163707,0.41040456870368824,0.20520668650264812,0.23304645963259304,-0.02180475536465948,-0.1608184199215738
0.965,96519,0,4909.999901428819,6110.000191256404,5508.890351396085,1200.0002898275852,738.4615382761694,472.42069796540034,351,125.86112404182327,0.26641746346820994,152.14514276966662,0.3220543541485763,194.41443115391033,0.4115281823832136,0.21033315965327298,0.24055494489034945,-0.022034355402221317,-0.15595634177526868
0.9675,96769,0,5029.9998838454485,6230.000173673034,5589.864472974237,1200.0002898275852,738.4615382761694,469.4474107864251,351,125.56673171595011,0.2674777383596576,151.35331075880927,0.322407382128831,192.52736831166567,0.41011487951151127,0.21325793298913306,0.24806588036110955,-0.02243484989700839,-0.155215813662058
0.97,97019,0,5089.999875053763,6290.000164881349,5670.2834862706195,1200.0002898275852,738.4615382761694,472.17600736485707,351,127.02133748077657,0.2690126891234128,152.19470308998544,0.3223262103878617,192.95996679409507,0.40866110048872556,0.21685070854303448,0.2430634213175898,-0.02191513658501315,-0.15199289744736083
0.9725,97269,0,5149.999866262078,6350.0001560896635,5750.631360974056,1200.0002898275852,738.4615382761694,467.3983041339489,351,125.58327000680106,0.26868576307630526,150.4369092979536,0.321860194971612,191.3781248291942,0.4094540419520827,0.2209349203314605,0.2498657356619987,-0.02199604494957963,-0.1481491195328553
0.975,97519,0,5269.999848678708,6470.000138506293,5831.607511845597,1200.0002898275852,738.4615382761694,467.0316771159676,351,126.54153352158151,0.2709485024720502,150.36314033984175,0.3219549073595396,190.1270032545444,0.4070965901684103,0.22349015255536805,0.25285312951664213,-0.021273310599205952,-0.14801580402697667
0.9775,97769,0,5329.999839887023,6530.000129714608,5912.188996765513,1200.0002898275852,738.4615382761694,468.4617648303121,351,127.09688992956751,0.2713068588972357,151.1061197375643,0.32255806360695943,190.2587551631803,0.4061350774958048,0.22738461190232245,0.24992147986032598,-0.019564441114039044,-0.1451846372053831
0.98,98019,0,5389.999831095338,6590.000120922923,5992.736521078064,1200.0002898275852,738.4615382761694,461.61284117774994,351,124.7569392722796,0.2702631472598925,148.87492047188246,0.3225103532476391,187.98098143358789,0.4072264994924684,0.23084802401456306,0.25976912447072614,-0.020603770827620937,-0.14450879987804577
0.9825,98269,0,5509.999813511968,6710.000103339553,6073.273963142696,1200.0002898275852,738.4615382761694,453.78517756092134,325,122.9138318737299,0.2708634789139373,146.71016537899095,0.323303123666473,184.16118030820044,0.4058333974195896,0.23865044563966573,0.2454750011945464,-0.01867990444631923,-0.142479464440477
1.0775,107769,0,3185.1851381361485,4669.999936595559,4008.6694369905317,1484.8147984594107,615.3846115921624,509.5163654561915,416,132.96029345866364,0.2609539211554445,169.67760470520105,0.3330169867130402,206.87846729232675,0.4060290921315152,0.14161357106961858,0.181439963131507,0.0064058020942692195,-0.17786226574732614
1.08,108019,0,3422.2222166135907,4789.999919012189,4125.104401944265,1367.7777023985982,615.3846115921624,517.140352680673,390,136.66089869433563,0.26426268610819825,171.84636267973818,0.33230120563778737,208.6330913065992,0.40343610825401444,0.13979795607993825,0.17695558081258744,0.0035852247416506278,-0.1817215596016953
1.0825,108269,0,3600.000054575503,4849.999910220504,4224.909796849216,1249.999855645001,676.9230749341659,508.7751773670106,364,133.1478582067484,0.261702740483152,169.07799716023828,0.3323235973013518,206.54932200002392,0.4059736622154962,0.14849230589153128,0.18467294009318097,0.0014858562932182906,-0.17928061064879375
1.085,108519,0,3718.518535606563,4969.999892637134,4316.719335765954,1251.4813570305705,676.9230749341659,510.12118680744845,364,134.59377881186873,0.26384667465825684,169.19011220891525,0.3316665070662476,206.33729578666447,0.4044868182754955,0.15273526512146351,0.19015260163698183,-0.00509551446634765,-0.18859298726752513
1.0875,108769,0,3777.777776122093,5029.9998838454485,4403.608782833231,1252.2221077233553,676.9230749341659,509.1843740794793,364,134.78049278908804,0.2646987999833042,168.62669829841963,0.3311702143320259,205.7771829919717,0.40413098568466993,0.1581057402255508,0.1902959991613211,-0.00810994635109269,-0.18892758909105015
1.09,109019,0,3896.2963735684752,5089.999875053763,4486.904675026334,1193.7035014852881,676.9230749341659,502.38370033628183,351,131.5052133648309,0.2617625000110571,166.8479019043595,0.33211249049815134,204.0305850670914,0.4061250094907915,0.16392966170723144,0.19419883933576743,-0.012302644364749094,-0.19057709544542145
1.0925,109269,0,3955.5556140840054,5209.999857470393,4568.3726171504695,1254.4442433863878,676.9230749341659,502.934737376647,364,132.642648766278,0.26373729811974017,166.44835867637957,0.33095419008953175,203.8437299339895,0.40530851179072813,0.16654156106482126,0.20379949488409949,-0.006502834521354139,-0.17611916227250127
1.095,109519,0,4074.0740951150656,5269.999848678708,4648.095334923423,1195.9257535636425,676.9230749341659,501.79934237709296,351,132.51356039693619,0.2640767916697561,165.34930083975166,0.3295127890293143,203.93648114040505,0.4064104193009295,0.17102873222057605,0.19654123682318622,-0.009997191695021945,-0.18337728287449467
1.0975,109769,0,4133.3334520459175,5329.999839887023,4726.742060051923,1196.6663878411055,676.9230749341659,494.4936667000374,351,129.62132952268908,0.26212940276405616,163.5040841994575,0.3306495011161386,201.36825297789088,0.4072210961198052,0.17595351910524626,0.2063550816951953,-0.00883546001323815,-0.17208127115791783
1.1,110019,0,4251.851700246334,5449.999822303653,4805.696152295873,1198.1481220573187,676.9230749341659,489.6065044832715,351,128.4517052479854,0.26235702359296215,160.21180497782373,0.32722564653611075,200.94299425746237,0.4104173298709271,0.17751121244107781,0.2161756797342111,-0.01054751125503306,-0.17268564682290494
1.1025,110269,0,4311.111057177186,5509.999813511968,4884.768531627,1198.8887563347816,676.9230749341659,490.3513253389474,351,129.30207498951071,0.26369272052060383,160.6546294523412,0.32763168191967523,200.39462089709542,0.4086755975597209,0.1818150957645633,0.21347634196635465,-0.01404370570365504,-0.1741348754981063
1.105,110519,0,4370.370414108038,5569.999804720283,4963.911197949905,1199.6293906122446,676.9230749341659,489.2599889299581,351,129.74105812605725,0.2651781487585138,159.79073655141372,0.32659677914984614,199.72819425248713,0.40822507209164,0.18597470041560962,0.21334770354749552,-0.013585587463610216,-0.16941687074795925
1.1075,110769,0,4489.999962970614,5629.999795928597,5042.885343391978,1139.999832957983,676.9230749341659,476.82498404936763,325,125.36584928666186,0.26291795413489116,154.76239347369528,0.3245685495743069,196.69674128901045,0.4125134962908018,0.190212820903386,0.20976979669032444,-0.01657031881940746,-0.16967531938026031
1.11,111019,0,4549.999954178929,5749.999778345227,5123.358065349956,1199.999824166298,676.9230749341659,483.2811376880991,338,128.66017832790232,0.26622222200390794,156.77815623750223,0.32440363178147463,197.8428031226945,0.4093741462146174,0.19205550808400884,0.21100026456125578,-0.0192663864127105,-0.16848146756543925
1.1125,111269,0,4609.999945387244,5810.000002384186,5203.514594582865,1200.0000569969416,676.9230749341659,482.28701486074203,338,128.98160918063127,0.2674374494985607,155.99085818046632,0.3234398882281911,197.31454749964442,0.4091226622732483,0.1960382717136361,0.21081029820184521,-0.01864463772625441,-0.16276694484223453
1.115,111519,0,4729.999927803874,5870.000226423144,5284.305242665849,1140.0002986192703,676.9230749341659,470.58914585076377,338,125.27007512471013,0.26619839456398464,151.48883840904315,0.3219131587388636,193.83023231701048,0.41188844669715174,0.20181727328452212,0.2326248015347269,-0.02209160800729404,-0.16365868633355612
1.1175,111769,0,4789.999919012189,5990.000208839774,5365.270343771006,1200.0002898275852,738.4615382761694,479.28663704327187,351,128.67443967238103,0.2684707432407797,154.45321155819468,0.32225645286298693,196.15898581269622,0.40927280389623344,0.20237198782240118,0.23027910435044707,-0.02317396964264068,-0.15942571846008402
1.12,112019,0,4849.999910220504,6050.000200048089,5446.182357411522,1200.0002898275852,738.4615382761694,473.8885027318639,351,127.20337452950388,0.26842469018810156,152.11558995688407,0.32099447249716095,194.5695382454759,0.41058083731473743,0.20774685947804006,0.2378466396889652,-0.0237129277706431,-0.15337459185081737
1.1225,112269,0,4969.999892637134,6170.000182464719,5527.470889582031,1200.0002898275852,738.4615382761694,470.23314663623233,351,126.78404327547621,0.26961953699439034,151.15273154233626,0.3214421029729461,192.29637181841983,0.4089383600326635,0.21195271649706168,0.24619170167138055,-0.024331676329061414,-0.1533924449676361
1.125,112519,0,5029.9998838454485,6230.000173673034,5608.08349424311,1200.0002898275852,738.4615382761694,473.72617473106953,351,128.4374322107868,0.2711216712559733,152.09930457609184,0.32107008793093894,193.18943794419081,0.40780824081308764,0.2140564358700721,0.2398726267834684,-0.02415680574255269,-0.15023921896228637
1.1275,112769,0,5089.999875053763,6290.000164881349,5688.354248023064,1200.0002898275852,738.4615382761694,468.82038178902815,351,126.99066556053828,0.27087274891065805,150.20591231212543,0.3203911735640345,191.62380391636438,0.40873607752530733,0.21848153376791762,0.2469023591274495,-0.024314769172352646,-0.14597017277971958
1.13,113019,0,5209.999857470393,6410.000147297978,5769.2236284567025,1200.0002898275852,738.4615382761694,462.497586375622,351,125.81901958045711,0.27204254311128867,148.23353409222196,0.3205066111887395,188.44503270294294,0.4074508456999718,0.22318996582804077,0.2592797367146621,-0.023880320219154316,-0.14569794096480976
1.1325,113269,0,5269.999848678708,6470.000138506293,5849.786023078612,1200.0002898275852,738.4615382761694,467.23219193781193,351,127.69415078518497,0.2732991283318529,149.88900677652845,0.3208019681924625,189.64903437609854,0.40589890347568475,0.22531004279429045,0.2509913920723387,-0.022473108253970253,-0.14262606732730737
1.135,113519,0,5329.999839887023,6530.000129714608,5930.223832129973,1200.0002898275852,738.4615382761694,462.8854344084033,351,126.24669797599498,0.2727385408818193,148.44065195562013,0.3206855107578328,188.1980844767882,0.40657594836034794,0.22873516702326785,0.2571312070150482,-0.022489677534541064,-0.1393082443813609
1.1375,113769,0,5449.999822303653,6650.000112131238,6011.074399800933,1200.0002898275852,738.4615382761694,458.92812834257194,338,125.96147428775363,0.27446884709957964,147.34321806712086,0.32105946218475173,185.62343598769743,0.40447169071566863,0.23363973296161455,0.2524415510547859,-0.021345095996622265,-0.14005742684100797
1.2325,123269,0,2948.148176074028,4609.999945387244,3908.465066402408,1661.8517693132162,615.3846115921624,510.0225748702578,442,133.93073192920951,0.2625976545514275,169.35897407933243,0.332061721233447,206.73286886171584,0.4053406242151254,0.14036095346163638,0.18097096721495934,0.006825478800487728,-0.18146191703612255
1.235,123519,0,3244.4443786516786,4729.999927803874,4037.204573679668,1485.5555491521955,615.3846115921624,517.2161455798446,416,137.61664683825808,0.2660718309247245,171.6897349542112,0.331949681813842,207.9097637873753,0.40197848726143354,0.13935511356135638,0.17788233842189616,0.006482788751051127,-0.17227612497317077
1.2375,123769,0,3481.481457129121,4789.999919012189,4148.682539000712,1308.518461883068,676.9230749341659,509.8473205767551,377,133.6713956177926,0.2621792646994386,168.9438431379862,0.331361637728863,207.23208182097628,0.4064590975716984,0.14346615619805095,0.18384377879513822,0.0020896163074005103,-0.17479198677866487
1.24,124019,0,3600.000054575503,4909.999901428819,4246.245628075288,1309.9998468533158,676.9230749341659,514.5499437860176,377,137.0123276451824,0.2662760521108147,170.03987394389108,0.3304633029259535,207.49774219694413,0.4032606449632318,0.14791548967325108,0.18588160657120675,-0.0018907923677283223,-0.1794548198388352
1.2425,124269,0,3718.518535606563,4969.999892637134,4336.565321089855,1251.4813570305705,676.9230749341659,513.0735622048478,364,136.89309009308138,0.2668098693388259,169.87155537394597,0.33108615973887134,206.30891673782043,0.4021039709223028,0.15511368064813988,0.18335185740513532,-0.004199245145103447,-0.18651463733340506
1.245,124519,0,3837.0370166376233,5029.9998838454485,4422.461930291804,1192.9628672078252,676.9230749341659,503.0450908628082,351,132.17764600243174,0.26275506590418074,166.73246343435707,0.33144635831428637,204.13498142601935,0.4057985757815329,0.16066853613802895,0.1926996671430357,-0.009617180353477861,-0.18803830945115244
1.2475,124769,0,3896.2963735684752,5149.999866262078,4505.394482811045,1253.703492693603,676.9230749341659,509.0628169286141,364,135.7045151076451,0.2665771503925712,168.34002145299618,0.33068614688588127,205.01828036797278,0.4027367027215474,0.16188049495945225,0.19407330794859667,-0.009561661883269512,-0.18058717731041457
1.25,125019,0,4014.8147381842136,5209.999857470393,4586.2972717196835,1195.1851192861795,676.9230749341659,501.8200657366492,351,132.63457758779072,0.2643070427905053,165.2967443638222,0.3293944496244367,203.8887437850363,0.40629850758505803,0.16790982728507492,0.19677201010438355,-0.008752657236159533,-0.18277759850994582
1.2525,125269,0,4074.0740951150656,5269.999848678708,4665.5732602843855,1195.9257535636425,676.9230749341659,497.1740414032512,351,130.92476079711753,0.2633378855170884,164.4864467765487,0.330842789604005,201.762833829585,0.40581932487890665,0.17331618809760177,0.20243406478072232,-0.00953143605257012,-0.17290109939109144
1.255,125519,0,4133.3334520459175,5389.999831095338,4744.28671381781,1256.6663790494204,676.9230749341659,492.5839494029674,364,129.68724477901804,0.2632794774092913,161.55820977019673,0.3279810679296638,201.3384948537526,0.40873945466104483,0.17458828435866391,0.21972359485500226,-0.009358295901760905,-0.17027731539674046
1.2575,125769,0,4251.851700246334,5449.999822303653,4823.214276183743,1198.1481220573187,676.9230749341659,494.91284476153504,351,131.23722902453287,0.26517240442156476,162.37675766886716,0.3280916213583131,201.2988580681351,0.40673597422012225,0.17837388655104164,0.20662371982768926,-0.012994321489149308,-0.17425202653748623
1.26,126019,0,4311.111057177186,5509.999813511968,4902.221150069717,1198.8887563347816,676.9230749341659,490.8087092231146,351,130.31305858768988,0.26550681790866804,160.85294247625905,0.3277304160532685,199.64270815916572,0.40676276603806355,0.18402116284111347,0.21128045520885588,-0.013679257427720859,-0.17060809302753394
1.2625,126269,0,4429.9999717622995,5569.999804720283,4981.395620150773,1139.999832957983,676.9230749341659,479.5341820676241,338,126.28545222861162,0.26335026146437,155.91420230868118,0.3251367851117944,197.33452753033134,0.41151295342383576,0.1883307136835997,0.2189647158078169,-0.01570075609553956,-0.17007740145065792
1.265,126519,0,4489.999962970614,5689.999787136912,5060.922985960228,1199.999824166298,676.9230749341659,486.63574548867314,338,129.91156985325043,0.2669585435463541,158.28344283459506,0.3252606170055365,198.4407328008276,0.4077808394481093,0.1885892662513493,0.20582943759505395,-0.018024442182605016,-0.16900133956977265
1.2675,126769,0,4549.999954178929,5749.999778345227,5140.937739768321,1199.999824166298,676.9230749341659,485.79424401889287,338,130.2314095566293,0.26807935902913765,157.57594714357467,0.32436767023004587,197.98688731868893,0.40755297074081653,0.19263939812890524,0.20526158520313315,-0.018503660604412386,-0.16317687449656476
1.27,127019,0,4669.999936595559,5810.000002384186,5221.095958580764,1140.0000657886267,676.9230749341659,472.6107177568328,325,125.76978632051127,0.2661170845161032,152.20566686330147,0.3220529309739738,194.63526457301998,0.41182998450992286,0.19903967226568015,0.21595922685597754,-0.02115644621290086,-0.16333523319328042
1.2725,127269,0,4729.999927803874,5930.000217631459,5302.217682543988,1200.0002898275852,676.9230749341659,480.15122502598797,351,129.2931763415587,0.26927594808190014,154.36458797175817,0.321491604990497,196.49346071267118,0.40923244692760297,0.19861815493923882,0.22889390998171982,-0.023186122555216238,-0.16119168593176475
1.275,127519,0,4789.999919012189,5990.000208839774,5382.899860392204,1200.0002898275852,738.4615382761694,479.65259624096257,351,129.62250577965918,0.2702424771501515,154.3321009698956,0.32175808528796945,195.69798949140772,0.40799943756187895,0.2041453620512053,0.2285201184162162,-0.022372823975393974,-0.15554682272316062
1.2775,127769,0,4909.999901428819,6050.000200048089,5463.95163886572,1140.0002986192703,738.4615382761694,469.43567692094103,338,126.33410557242568,0.2691190972127625,150.70153998693385,0.3210270275480445,192.40003136158148,0.40985387523919303,0.20969533523592102,0.23473755146161213,-0.025001291418169758,-0.1565831186850411
1.28,128019,0,4969.999892637134,6170.000182464719,5545.164461576707,1200.0002898275852,738.4615382761694,475.6361621738534,351,129.0463438564458,0.27131314672679807,152.53277806354734,0.3206921386431377,194.0570402538603,0.40799471463006426,0.21058282058042313,0.23686538529323395,-0.02505804482902585,-0.15206389705317863
1.2825,128269,0,5029.9998838454485,6230.000173673034,5625.521990014072,1200.0002898275852,738.4615382761694,471.88666058652166,351,128.3813838956146,0.2720597860004045,151.122122216667,0.32025088827226633,192.38315447424006,0.4076893257273292,0.21520029362964943,0.2420206916785924,-0.02523093413842109,-0.14645419934508525
1.285,128519,0,5149.999866262078,6350.0001560896635,5706.268042189294,1200.0002898275852,738.4615382761694,465.68419645316106,351,126.7868409177847,0.27225927330891725,149.11905861020938,0.320214986349033,189.778296925167,0.4075257403420498,0.21986359486797014,0.2544850631629105,-0.025235075693852527,-0.14701898701275767
1.2875,128769,0,5209.999857470393,6410.000147297978,5786.843952772186,1200.0002898275852,738.4615382761694,469.0415796563556,351,128.3714405239756,0.2736888286493219,150.10672096545443,0.32002860188947524,190.56341816692563,0.40628256946120284,0.2220702096430402,0.24849387890914398,-0.024129178619251568,-0.14394480269753673
1.29,129019,0,5269.999848678708,6470.000138506293,5867.28807776368,1200.0002898275852,738.4615382761694,464.6305454433274,351,126.92623091428388,0.27317668233193143,148.58262166739226,0.3197865984588295,189.12169286165124,0.40703671920923906,0.22578874323780385,0.25471084529836696,-0.024309780968842842,-0.14040868843819654
1.2925,129269,0,5389.999831095338,6590.000120922923,5948.211101838549,1200.0002898275852,738.4615382761694,461.7013594266915,351,126.61537348550901,0.2742365186940995,147.93124211555048,0.320404605910715,187.15474382563204,0.40535887539518556,0.2286838007485882,0.2613491378004154,-0.023222734133091505,-0.14064729551085026
1.295,129519,0,5449.999822303653,6650.000112131238,6028.839632789237,1200.0002898275852,738.4615382761694,464.79440782396233,338,128.07328003873778,0.2755482378506685,148.94909115835543,0.3204623133391245,187.7720366268691,0.40398944881020693,0.2316561466001011,0.2422236648174144,-0.021096341654969375,-0.1385741507576379
1.39,139019,0,3007.407416589558,4609.999945387244,3936.9509277023694,1602.592528797686,615.3846115921624,511.40570309667464,442,134.92490399501406,0.26383144180444984,169.877061958329,0.3321767061448197,206.60373714333164,0.40399185205073057,0.13964357299391675,0.17635777749053008,0.0068929145282125015,-0.17628062995069238
1.3925,139269,0,3303.7037355825305,4729.999927803874,4063.9560672533225,1426.2961922213435,615.3846115921624,513.7062695410598,403,136.12554784190806,0.2649871257431242,170.2387930713016,0.33139325557266663,207.34192862785014,0.40361961868420926,0.14140914379602537,0.17900870027455884,0.004971743273803453,-0.17383467068885344
1.395,139519,0,3481.481457129121,4849.999910220504,4171.742815281442,1368.518453091383,676.9230749341659,513.9924580495281,390,136.64644087240873,0.26585300763156633,169.83093972368593,0.3304152367685541,207.51507745343343,0.4037317555998796,0.14378715013517754,0.18748081435144398,0.0003275273013776947,-0.17450007754733657
1.3975,139769,0,3600.000054575503,4909.999901428819,4267.26067434549,1309.9998468533158,676.9230749341659,511.73778999104866,377,135.99343523228453,0.26574827556640546,169.23078340581765,0.3306982339701311,206.51357135294654,0.40355349046346345,0.15063314219675128,0.18765946779644668,-0.0015405251746910542,-0.1814710261175677
1.4,140019,0,3718.518535606563,4969.999892637134,4356.4382576327935,1251.4813570305705,676.9230749341659,507.1273537652803,364,134.1611686733296,0.2645512368386758,168.46211454121908,0.3321889724354927,204.50407055073168,0.40325979072583157,0.15583048233592026,0.19036083687129968,-0.006413363039953657,-0.18119009341914755
1.4025,140269,0,3837.0370166376233,5089.999875053763,4441.789925867674,1252.96285841614,676.9230749341659,509.8067607104415,364,136.0725152846908,0.26690998584457154,168.51556889289543,0.33054792890164986,205.21867653285526,0.4025420852537786,0.15977688217050398,0.19256998001107536,-0.011448924510325975,-0.18660171435406345
1.405,140519,0,3955.5556140840054,5149.999866262078,4524.057223403922,1194.444252178073,676.9230749341659,500.80832355677427,351,132.2778503478944,0.26412869779888687,164.98470516058308,0.32943682722533574,203.5457680482968,0.4064344749757774,0.1657124401375889,0.19841837998051934,-0.009533464685712423,-0.18073753309036733
1.4075,140769,0,4014.8147381842136,5209.999857470393,4604.584264492733,1195.1851192861795,676.9230749341659,499.9922633326936,351,132.16458135680463,0.2643332528304796,165.08053756872508,0.33016618390929164,202.7471444071639,0.40550056326022876,0.17018049027474202,0.1982304807922659,-0.00954945689605785,-0.17275679080996537
1.41,141019,0,4074.0740951150656,5329.999839887023,4683.740735331561,1255.9257447719574,676.9230749341659,496.89250785181014,364,131.49172731674824,0.2646281142076778,163.44926497796968,0.3289429049445754,201.95151555709222,0.4064289808477468,0.1714348821757969,0.21331094648772891,-0.00943425820133098,-0.16903446292340685
1.4125,141269,0,4192.592576146126,5389.999831095338,4762.502643043458,1197.407254949212,676.9230749341659,497.8663179236864,351,132.3970301396292,0.2659288756302715,163.39321001054927,0.32818691308937753,202.0760777735079,0.40588421128035096,0.17571209022932496,0.20225078491218942,-0.01189267958753465,-0.1745290330557307
1.415,141519,0,4251.851700246334,5449.999822303653,4841.37989177808,1198.1481220573187,676.9230749341659,492.3214518151962,351,130.74439583872288,0.26556713171174323,161.54539157872046,0.32812990574166595,200.03166439775285,0.40630296254659076,0.18187649243774334,0.20927911139520022,-0.012666098036614282,-0.1711396261344083
1.4175,141769,0,4370.370414108038,5509.999813511968,4920.398377104189,1139.6293994039297,676.9230749341659,481.9375023085394,338,127.06237847133215,0.26364907869316634,156.7393151665957,0.3252274712297658,198.13580867061157,0.41112345007706785,0.18449697772894108,0.21537757590941592,-0.014691005149149172,-0.1704154225501514
1.42,142019,0,4429.9999717622995,5629.999795928597,4999.702457010382,1199.999824166298,676.9230749341659,488.34142361697843,338,130.4486489862387,0.26712591371022765,159.03771704337103,0.32566911048715236,198.85505758736872,0.40720497580262,0.18608404302142345,0.20338235384451558,-0.01746590411235799,-0.16803543762725043
1.4225,142269,0,4489.999962970614,5689.999787136912,5079.243811242851,1199.999824166298,676.9230749341659,487.3928029212574,338,130.7935371387853,0.26835344378262427,158.26282674043495,0.3247130975095743,198.33643904203709,0.40693345870780145,0.1904076360514713,0.2029872431310528,-0.018182422032839263,-0.16589742638662214
1.425,142519,0,4609.999945387244,5749.999778345227,5159.299895572877,1139.999832957983,676.9230749341659,474.13807108724313,325,126.25295456830801,0.2662788800713643,152.82180735514945,0.32231498939689585,195.0633091637857,0.41140613053173986,0.19684427117904996,0.21375419540979632,-0.02054542817153665,-0.1638661675508164
1.4275,142769,0,4669.999936595559,5870.000226423144,5240.299391940388,1200.0002898275852,676.9230749341659,481.02657360790477,351,129.7467075817602,0.26972877321226657,155.15111281838256,0.322541666782945,196.12875320776197,0.4077295600047884,0.19707696608206315,0.22743955745525724,-0.023237228023922196,-0.16289366115930015
1.43,143019,0,4729.999927803874,5930.000217631459,5320.838940120954,1200.0002898275852,676.9230749341659,480.3315586387924,351,130.0974176043974,0.27084919836014815,154.57687212255732,0.3218128589356307,195.6572689118377,0.40733794270422125,0.2012037283775039,0.22730503810430674,-0.02213327063626863,-0.15608939733346072
1.4325,143269,0,4849.999910220504,5990.000208839774,5401.670250766729,1140.0002986192703,738.4615382761694,469.5207244494088,338,126.64401683584356,0.26973040856578745,150.5442578281396,0.32063389322096014,192.33244978542567,0.4096356982132524,0.20796969006674182,0.23447748738460467,-0.025060974407691283,-0.1570115857416044
1.435,143519,0,4909.999901428819,6110.000191256404,5483.018952526146,1200.0002898275852,738.4615382761694,475.8569992025368,351,129.26068875513695,0.27163767470428724,152.39117642841506,0.32024573912708915,194.20513401898478,0.4081165861686237,0.20789398792241615,0.23613736012258643,-0.025502702149158618,-0.1524255483902548
1.4375,143769,0,4969.999892637134,6170.000182464719,5563.739681655442,1200.0002898275852,738.4615382761694,474.3826513346131,351,129.5606599679341,0.2731142456483858,151.88077055337232,0.3201651032685866,192.94122081330673,0.4067206510830277,0.21297094411704648,0.23753659277746964,-0.024379985652086378,-0.14701703386744364
1.44,144019,0,5089.999875053763,6230.000173673034,5644.156699017499,1140.0002986192703,738.4615382761694,464.46802575770914,338,126.38939945215374,0.2721164696880234,148.54677878343196,0.31982132363385063,189.53184752212343,0.4080622066781259,0.21812146942468236,0.24317670706818567,-0.026182137210142065,-0.14826951838669938
1.4425,144269,0,5149.999866262078,6350.0001560896635,5724.927961573138,1200.0002898275852,738.4615382761694,470.353703470098,351,128.9840365741424,0.2742277473793557,150.354923030604,0.3196635253881074,191.01474386535162,0.40610872723253694,0.21956528758106603,0.24579153932449074,-0.025226613150117816,-0.1436439403102781
1.445,144519,0,5209.999857470393,6410.000147297978,5805.359729149437,1200.0002898275852,738.4615382761694,468.17619219830664,351,128.61069472081914,0.27470575579021145,149.80535976750278,0.319976458145162,189.76013770998472,0.40531778606462654,0.22355178599636757,0.24848774693551134,-0.024036110471439054,-0.13737642692789725
1.4475,144769,0,5329.999839887023,6530.000129714608,5886.227172149722,1200.0002898275852,738.4615382761694,460.8480740039895,351,126.64291438221868,0.2748040439485972,147.449059181176,0.31995155778800016,186.75610044059474,0.4052443982634026,0.22818297324870315,0.262127461988488,-0.024498295324165198,-0.13983346603801627
1.45,145019,0,5389.999831095338,6590.000120922923,5966.8387985847385,1200.0002898275852,738.4615382761694,464.29925023649406,351,128.1452609157373,0.2759971308384962,148.54973052866626,0.3199439379947338,187.6042587920905,0.40405893116677005,0.23021451771099521,0.25583884611010715,-0.022586998477777787,-0.13715135712062043
1.4525,145269,0,5449.999822303653,6650.000112131238,6047.435374488773,1200.0002898275852,738.4615382761694,462.1118267710792,338,127.11912651532553,0.27508304083785706,147.95316480133067,0.32016744915430106,187.03953545442306,0.40474951000784193,0.23206581922107525,0.24480745336406576,-0.022295127832344663,-0.13471088771560502
1.5475,154769,0,3066.6666571050882,4669.999936595559,3966.797797238778,1603.3332794904709,615.3846115921624,514.1316066200411,442,136.56681706232715,0.26562618462640863,170.5605226564634,0.33174486932975666,207.00426690125065,0.4026289460438348,0.1409678038648815,0.1810218981568583,0.005567602168309482,-0.17195129613543458
1.55,155019,0,3362.9629760980606,4729.999927803874,4089.5284052546467,1367.0369517058134,615.3846115921624,514.3114931328445,390,136.22692969079975,0.2648724197489651,170.8654555351352,0.33222173297029817,207.21910790690956,0.4029058472807368,0.14013686546281473,0.1736820595637533,0.003199136214042164,-0.1724929472775712
1.5525,155269,0,3540.740697644651,4849.999910220504,4193.8967802661855,1309.2592125758529,676.9230749341659,514.4787696606346,377,136.9486513364902,0.2661891207421942,170.381640930565,0.3311733174975398,207.14847739357944,0.402637561760266,0.14596862320031312,0.18185231282175712,0.001118849488051743,-0.1808003201664062
1.555,155519,0,3659.259295091033,4909.999901428819,4287.661120823141,1250.7406063377857,676.9230749341659,508.2710654030624,364,134.52903077780178,0.2646796954123669,168.62591566042076,0.3317637519395271,205.11611896483993,0.4035565526481061,0.154017298494726,0.18766712461086202,-0.004422688256892848,-0.17976217481170767
1.5575,155769,0,3777.777776122093,5029.9998838454485,4375.986399339882,1252.2221077233553,676.9230749341659,508.0514127331518,364,134.9640636876564,0.2656504052642892,167.99067260930775,0.33065683590086375,205.09667643618758,0.40369275883484707,0.15625224696086298,0.1948296947643241,-0.008132738104685178,-0.1850665012622021
1.56,156019,0,3837.0370166376233,5089.999875053763,4460.338682291799,1252.96285841614,676.9230749341659,507.9399041759028,364,135.39648246047722,0.2665600425313081,168.12973640220264,0.3310032053397763,204.413685313223,0.4024367521289157,0.16039409791870793,0.1934650718080927,-0.013247109372836297,-0.1900054038984107
1.5625,156269,0,3955.5556140840054,5149.999866262078,4542.156596106453,1194.444252178073,676.9230749341659,502.54272050469547,351,132.99857498764234,0.26465128149518125,165.93839240575088,0.33019758447421477,203.60575311130216,0.4051511340306039,0.16729263337337083,0.19435348881594514,-0.010033512102127051,-0.1766396012578642
1.565,156519,0,4014.8147381842136,5269.999848678708,4622.484639438758,1255.1851104944944,676.9230749341659,499.7154645173525,364,132.2586913119754,0.26466799749676906,164.9688783429751,0.33012562159209824,202.4878948624019,0.4052063809111326,0.16853523111918636,0.20923251984793337,-0.008117130670599604,-0.16987961755369324
1.5675,156769,0,4133.3334520459175,5329.999839887023,4701.383547815779,1196.6663878411055,676.9230749341659,500.5674300500753,351,133.22917896948255,0.2661563077648793,164.38160271936297,0.3283905281310826,202.95664836122978,0.4054531641040381,0.17315125144831697,0.19835069951534354,-0.01162358581452172,-0.177300928800169
1.57,157019,0,4192.592576146126,5389.999831095338,4780.079432845477,1197.407254949212,676.9230749341659,493.8773846600361,351,130.90386720970974,0.2650533741281114,162.3152194846026,0.32865489395983055,200.6582979657238,0.4062917319120581,0.17940370117081134,0.20729057064187825,-0.011338577609980083,-0.1724320873901518
1.5725,157269,0,4251.851700246334,5449.999822303653,4858.898185400035,1198.1481220573187,676.9230749341659,485.15636079521187,351,127.87847874186959,0.2635819893864033,158.30085804726832,0.3262883285458733,198.977024006074,0.4101296820677235,0.18140323594945826,0.21911097775380933,-0.011986859362602797,-0.16842392709155918
1.575,157519,0,4370.370414108038,5569.999804720283,4938.309329060945,1199.6293906122446,676.9230749341659,491.63159643223577,351,131.39333232321604,0.26725973935917824,160.20111270470613,0.32585601468108144,200.03715140431368,0.40688424595974043,0.1827295269490939,0.21119890900853486,-0.015231643475736079,-0.16792756587889857
1.5775,157769,0,4429.9999717622995,5629.999795928597,5017.344522730643,1199.999824166298,676.9230749341659,489.26296943552876,338,131.08777618102036,0.2679290777559941,159.14120949556474,0.3252672273137056,199.03398375894366,0.4068036949303002,0.1877816380004657,0.20032435450168784,-0.017986704714318902,-0.16947019072216796
1.58,158019,0,4549.999954178929,5689.999787136912,5096.984453610549,1139.999832957983,676.9230749341659,477.08603016602586,325,126.93926862999368,0.2660720721288335,154.15657828976254,0.3231211323377381,195.9901832462696,0.41080679553342836,0.19436531816854835,0.20913541103934954,-0.019632676237765434,-0.16583864651981434
1.5825,158269,0,4609.999945387244,5810.000002384186,5177.632467008076,1200.0000569969416,676.9230749341659,482.92424186982254,338,129.9830126969002,0.2691581855440145,155.96911097070688,0.32296807127928373,196.97211820221543,0.40787374317670183,0.1938380442931225,0.21162934948229964,-0.02173679946547613,-0.16290589680406503
1.585,158519,0,4669.999936595559,5870.000226423144,5258.194139242314,1200.0002898275852,676.9230749341659,482.2410949424976,351,130.33797540349462,0.2702755463406455,155.37295009571196,0.3221893607267929,196.53016944329104,0.4075350929325616,0.19826030439437461,0.22428778440913016,-0.0229588236614946,-0.1607421942055482
1.5875,158769,0,4789.999919012189,5930.000217631459,5338.768918163634,1140.0002986192703,738.4615382761694,471.3426097027156,338,126.81526892797106,0.2690511452125149,151.23719013148082,0.32086466832877436,193.29015064326373,0.4100841864587107,0.20539953738612737,0.23149364307772033,-0.02416152791060694,-0.15776078450902714
1.59,159019,0,4849.999910220504,6050.000200048089,5419.935290029227,1200.0002898275852,738.4615382761694,478.08782881685835,351,130.05261181815155,0.27202661096810926,153.55704198867426,0.3211900256249726,194.4781750100325,0.406783363406918,0.20572591640667934,0.23251205612801903,-0.02555415778617498,-0.1549143987396306
1.5925,159269,0,4909.999901428819,6110.000191256404,5500.943301620328,1200.0002898275852,738.4615382761694,477.6183607990522,351,130.35696423907194,0.27293122488211224,153.23617150215,0.32083392113692394,194.0252250578303,0.40623485398096393,0.2096932648651859,0.23226828469659325,-0.02452537713877062,-0.1492810345466774
1.595,159519,0,5029.9998838454485,6170.000182464719,5581.6429859204345,1140.0002986192703,738.4615382761694,467.31341207635546,338,127.01022903265476,0.2717881099716912,149.6102647972633,0.32014973448444084,190.69291824643736,0.40806215554386777,0.2157572895889117,0.23852020061833956,-0.02606287712040778,-0.14894015622967643
1.5975,159769,0,5089.999875053763,6290.000164881349,5662.328042279786,1200.0002898275852,738.4615382761694,472.1028906340756,351,129.23340729204412,0.2737399195299828,150.81961535587644,0.31946344398212106,192.0498679861551,0.40679663648789627,0.21622795842932957,0.24310933537023918,-0.02600517372916028,-0.14574551111036593
1.6,160019,0,5149.999866262078,6350.0001560896635,5742.693910871058,1200.0002898275852,738.4615382761694,472.1814897687798,351,129.96687368717198,0.2752477098388902,151.24023350131003,0.32030106384595913,190.9743825802977,0.4044512263151506,0.22086483098708887,0.24221474543057772,-0.02467755451805914,-0.14093480367310385
1.6025,160269,0,5269.999848678708,6410.000147297978,5823.221330525239,1140.0002986192703,738.4615382761694,461.2228433215807,338,126.38465541529281,0.2740208063093983,147.57655680649358,0.31996801317058365,187.2616310997943,0.40601118052001806,0.225919757696146,0.24923740824955296,-0.025789482107054618,-0.14260839870500425
1.605,160519,0,5329.999839887023,6530.000129714608,5904.142533019038,1200.0002898275852,738.4615382761694,465.75927398395567,351,128.4649959632903,0.27581843913582627,148.78044996495206,0.3194363661131892,188.51382805571333,0.4047451947509846,0.2274075972075786,0.2541274365810915,-0.023908700933509164,-0.1385364997948037
1.6075,160769,0,5389.999831095338,6590.000120922923,5984.645687176379,1200.0002898275852,738.4615382761694,467.61334625159117,351,129.42039931712773,0.2767679758385154,150.08326993284416,0.32095591611299834,188.10967700161922,0.40227610804848607,0.23057016418636148,0.25017960850520893,-0.02250232324991336,-0.13329605227760566
1.61,161019,0,5509.999813511968,6710.000103339553,6065.361965665729,1200.0002898275852,738.4615382761694,459.1424125413273,325,126.71853512571565,0.2759896094641654,146.99677926164563,0.3201550874989456,185.42709815396603,0.403855303036889,0.235866429709413,0.237370935610036,-0.023049493797750842,-0.13643156583641353
1.705,170519,0,3125.9258976206183,4669.999936595559,3995.894394440106,1544.0740389749408,615.3846115921624,512.2946225962584,429,135.57756361119297,0.26464764147649905,169.77479519563528,0.3314006973862686,206.9422637894301,0.40395166113723235,0.1418792003204063,0.17982307892001867,0.004149970810829684,-0.17386193878262662
1.7075,170769,0,3422.2222166135907,4789.999919012189,4114.539885954908,1367.7777023985982,615.3846115921624,513.8845550349884,390,136.03062626326542,0.26471047812286097,170.40678881658232,0.33160519643362313,207.44713995514053,0.4036843254435158,0.14058291540716386,0.1829177445597837,0.0026059528213760452,-0.17675951377519
1.71,171019,0,3540.740697644651,4849.999910220504,4215.537914569126,1309.2592125758529,676.9230749341659,514.1670207362077,377,136.70816950950967,0.2658828046064967,170.41879740432637,0.3314463793502605,207.04005382237176,0.4026708160432429,0.14619170997880868,0.1798397068941766,-0.00027432938862659295,-0.17550827447528897
1.7125,171269,0,3659.259295091033,4969.999892637134,4307.926296377035,1310.7405975461006,676.9230749341659,511.93637033149776,377,136.24577328204964,0.2661381007054167,169.33617361389037,0.3307758218159787,206.35442343555772,0.40308607747860464,0.14950978213315272,0.19202853296613231,-0.005239501841892424,-0.18199765268957246
1.715,171519,0,3777.777776122093,5029.9998838454485,4395.260315759791,1252.2221077233553,676.9230749341659,510.6480876207224,364,136.54111915226022,0.2673878987551883,168.5671580009763,0.3301043557930202,205.53981046748592,0.40250774545179163,0.15733626241518295,0.18871466995574446,-0.00835656821928732,-0.18626377967805985
1.7175,171769,0,3896.2963735684752,5089.999875053763,4478.811353675229,1193.7035014852881,676.9230749341659,501.9832491390103,351,132.4326207048058,0.2638188045755532,165.89955200522334,0.3304882230428412,203.65107642898113,0.40569297238160557,0.16456173786567024,0.1952688307399401,-0.014204251820147396,-0.18833229612459726
1.72,172019,0,3955.5556140840054,5209.999857470393,4560.457146884405,1254.4442433863878,676.9230749341659,503.45000637998413,364,133.7851193790752,0.2657366524653482,166.33142520034747,0.33038320209059063,203.33346180056148,0.4038801454440611,0.16559275624592656,0.20357684715903773,-0.008966566590261293,-0.1727022747445688
1.7225,172269,0,4074.0740951150656,5269.999848678708,4640.321976649773,1195.9257535636425,676.9230749341659,501.6999506962615,351,133.3087242925239,0.26571404702654927,165.04508421864773,0.32897169710620344,203.34614218508995,0.4053142558672474,0.17043793817033512,0.19694955334592,-0.010962189431465375,-0.17959373663389905
1.725,172519,0,4133.3334520459175,5329.999839887023,4719.029037006503,1196.6663878411055,676.9230749341659,496.7317535285529,351,131.73864313711644,0.2652108350257578,163.56228903427493,0.32927689416350775,201.43082135716156,0.40551227081073454,0.17669473057077462,0.20325774835522673,-0.010928868524209934,-0.1721066945332439
1.7275,172769,0,4192.592576146126,5389.999831095338,4797.678221723255,1197.407254949212,676.9230749341659,488.0271072550553,351,128.6639529722731,0.2636409966978127,159.87310543078794,0.3275906257134078,199.49004885199426,0.40876837758877954,0.17888922778971028,0.21506330522857667,-0.010574487093885143,-0.16814962473054945
1.73,173019,0,4311.111057177186,5509.999813511968,4876.915705233615,1198.8887563347816,676.9230749341659,494.85283976802987,351,132.30933218819098,0.26737106783142456,161.41793188981336,0.3261938073660052,201.12557569002553,0.40643512480257027,0.17952508280988183,0.20657492877753994,-0.013802009496992451,-0.16943131101824
1.7325,173269,0,4370.370414108038,5569.999804720283,4956.09385340345,1199.6293906122446,676.9230749341659,489.1988627255093,351,130.6362579713964,0.2670412135538768,159.5196569566084,0.32608345830541163,199.0429477975045,0.4068753281407116,0.18630551768651601,0.21385564810494326,-0.015869225947644505,-0.1699738330712124
1.735,173519,0,4429.9999717622995,5629.999795928597,5034.979162691077,1199.999824166298,676.9230749341659,482.2799427828344,338,128.4753932548221,0.2663917402691433,156.3224852000682,0.32413225459483513,197.4820643279441,0.4094760051360216,0.19012143868800205,0.2099390461632318,-0.018216834146477956,-0.16600294316387815
1.7375,173769,0,4549.999954178929,5749.999778345227,5115.393307009634,1199.999824166298,676.9230749341659,484.7809630540474,338,130.1828281960057,0.26853948095625163,156.8623668051059,0.3235736936056575,197.7357680529358,0.40788682543809085,0.1906505634333268,0.20886313080840418,-0.019772177429362714,-0.16330134708532468
1.74,174019,0,4609.999945387244,5810.000002384186,5195.605475097416,1200.0000569969416,676.9230749341659,484.08760913031693,338,130.54393455566367,0.2696700599095919,156.24740874322737,0.32276680046393297,197.29626583142584,0.40756313962647506,0.19536597999154062,0.2082824555065133,-0.021426063683060215,-0.16206942255751333
1.7425,174269,0,4729.999927803874,5870.000226423144,5276.25360861053,1140.0002986192703,676.9230749341659,474.06972140296347,338,127.25104943230667,0.2684226468961559,152.06967698294733,0.3207749200537673,194.74899498770955,0.41080243305007696,0.2011569540653949,0.22710695858016064,-0.02340861735407923,-0.15997271507284028
1.745,174519,0,4789.999919012189,5990.000208839774,5357.156604227177,1200.0002898275852,738.4615382761694,478.69052987083245,351,129.90530015182492,0.271376373764649,153.74140275719927,0.32117076307877684,195.04382696180835,0.4074528631565743,0.20247651572693784,0.23147383121043189,-0.024572989779713394,-0.1580589806566461
1.7475,174769,0,4849.999910220504,6050.000200048089,5438.106948208463,1200.0002898275852,738.4615382761694,479.42316759916935,351,130.56042191333148,0.2723281450229976,153.9401328463609,0.3210944803048513,194.92261283947693,0.40657737467215105,0.20676215402382966,0.22924079092773875,-0.02529267442578914,-0.15380533255560513
1.75,175019,0,4969.999892637134,6110.000191256404,5519.105744492865,1140.0002986192703,738.4615382761694,469.0197730469873,338,127.16851721607645,0.27113679321007317,150.2077038416303,0.3202587875257493,191.6435519892806,0.4086044192641775,0.21326687208837922,0.23557995671510287,-0.026070860740544377,-0.15114018119376377
1.7525,175269,0,5029.9998838454485,6230.000173673034,5599.990530794044,1200.0002898275852,738.4615382761694,474.2336985592152,351,129.97150872907858,0.27406637091364283,151.91161283337317,0.32033070044347495,192.35057699676346,0.40560292864288217,0.21428651102083493,0.23942859983021636,-0.026397600192821002,-0.14795548668740088
1.755,175519,0,5089.999875053763,6290.000164881349,5680.31513495125,1200.0002898275852,738.4615382761694,472.53089430885365,351,129.86932536434423,0.2748377448511538,151.17864848914317,0.3199338928098327,191.48292045536627,0.40522836233901355,0.2184380940930726,0.2414249709933594,-0.025133066662082537,-0.1428383684590509
1.7575,175769,0,5209.999857470393,6350.0001560896635,5760.795066182038,1140.0002986192703,738.4615382761694,462.84387334982506,338,126.62007887259513,0.27356974168456494,147.98090603895386,0.31972100001658105,188.2428884382761,0.4067092582988541,0.22361027413893328,0.2464501841347508,-0.02596929690075389,-0.14298915904432336
1.76,176019,0,5269.999848678708,6470.000138506293,5841.714748861187,1200.0002898275852,738.4615382761694,467.73267485200347,351,129.21483247481933,0.2762578699803356,149.668021197214,0.3199862426642972,188.8498211799701,0.40375588735536716,0.22559661398806374,0.25083394891066957,-0.024906763580575697,-0.1400376694292415
1.7625,176269,0,5329.999839887023,6530.000129714608,5922.176390745957,1200.0002898275852,738.4615382761694,469.0583242252869,351,129.71429029216506,0.27654192153269147,150.3943765688704,0.32063043933239427,188.94965736425146,0.4028276391349142,0.2283170374880529,0.248005189719775,-0.02334830682797273,-0.1359703536092668
1.765,176519,0,5449.999822303653,6590.000120922923,6002.9056017125195,1140.0002986192703,738.4615382761694,458.9873265567398,338,126.41736729400775,0.2754267056617305,146.9804783888677,0.3202277489696615,185.58948087386435,0.404345545368608,0.23185799268542082,0.25296102394680203,-0.023883895656961585,-0.1380320984352591
1.86,186019,0,2888.888935558498,4609.999945387244,3896.588656084958,1721.1110098287463,615.3846115921624,512.7505161570124,442,136.133305257552,0.2654961837539444,169.72053682877373,0.33100022619343905,206.89667407068671,0.4035035900526166,0.13898230493333041,0.17713584660230677,0.005406230902161024,-0.17862941688272596
1.8625,186269,0,3244.4443786516786,4729.999927803874,4024.828477560533,1485.5555491521955,615.3846115921624,516.9384975143524,416,138.13124439398158,0.2672102098376731,171.06248325084889,0.3309145750865642,207.74476986952197,0.4018752150757626,0.13973659897281537,0.1790673885095794,0.005899066885463933,-0.16983667404599867
1.865,186519,0,3422.2222166135907,4789.999919012189,4138.354827943994,1367.7777023985982,615.3846115921624,508.2262728601543,390,133.42541062743558,0.26253150959031485,168.14251852785793,0.33084184645079284,206.65834370486078,0.4066266439588922,0.14340414664615764,0.18951871368079679,0.0023904509959397635,-0.172547059108986
1.8675,186769,0,3600.000054575503,4909.999901428819,4236.983046308763,1309.9998468533158,676.9230749341659,513.2525806859618,377,136.64905240231002,0.26624133524994387,169.33577109004324,0.329926779644685,207.26775719360856,0.40383188510537116,0.14757737211542615,0.18880030487294205,-0.0012620235752466291,-0.17760074431617545
1.87,187019,0,3718.518535606563,4969.999892637134,4327.916367277561,1251.4813570305705,676.9230749341659,509.5577080555337,364,135.82801724082745,0.2665606173619581,168.28407120249665,0.3302551772686684,205.44561961220953,0.40318420536937344,0.15560324399635228,0.18972038769660274,-0.0063863326766683826,-0.18520929241821293
1.8725,187269,0,3777.777776122093,5029.9998838454485,4414.23397092623,1252.2221077233553,676.9230749341659,502.6861935853719,364,132.7007450358546,0.26398326974006664,166.13566799436344,0.3304957846751532,203.8497805551539,0.40552094558478025,0.16078742479684147,0.19910537049217242,-0.010292951801627925,-0.18021082948436973
1.875,187519,0,3896.2963735684752,5149.999866262078,4497.448191197698,1253.703492693603,676.9230749341659,506.6380539845942,364,134.80809163264897,0.26608362828732207,167.2487602650247,0.3301148797443281,204.58120208692054,0.4038014919683499,0.16208111041410841,0.19860801413830054,-0.012788957444120896,-0.18146987049355914
1.8775,187769,0,4014.8147381842136,5209.999857470393,4578.565417574827,1195.1851192861795,676.9230749341659,500.160773137504,351,132.24262855648843,0.26440024020062913,164.63804638353128,0.3291702492995568,203.28009819748428,0.406429510499814,0.16752209446519928,0.19975080553773852,-0.00962129858431704,-0.17564576298433204
1.88,188019,0,4074.0740951150656,5269.999848678708,4658.022092049533,1195.9257535636425,676.9230749341659,498.7439208778788,351,132.1117756677281,0.2648889944065637,164.32852876929567,0.3294847754335491,202.30361644085502,0.4056262301598872,0.1729608485827951,0.20045333051321318,-0.010666972760504378,-0.1749452711785741
1.8825,188269,0,4133.3334520459175,5329.999839887023,4736.589880923021,1196.6663878411055,676.9230749341659,491.1818580705374,351,129.35279838616177,0.2633501141395693,161.63464823738246,0.329072919900414,200.19441144699317,0.4075769659600167,0.1761364893797645,0.2104796368398408,-0.01049708760618856,-0.1693268333877352
1.885,188519,0,4251.851700246334,5449.999822303653,4815.642682567361,1198.1481220573187,676.9230749341659,496.4248994915136,351,132.41942444793605,0.2667461373987744,162.25920637152666,0.3268554952375037,201.74626867205083,0.40639836736372187,0.1771459140819744,0.20450079498843182,-0.01219103637687824,-0.17082690971647518
1.8875,188769,0,4311.111057177186,5509.999813511968,4894.695126192657,1198.8887563347816,676.9230749341659,490.92369075947545,351,130.77189092088346,0.2663792629737933,160.44808347051048,0.3268289685150291,199.7037163680815,0.40679176851117765,0.18366680505478986,0.2115397354291276,-0.014151389170043216,-0.17177861170202657
1.89,189019,0,4370.370414108038,5569.999804720283,4973.797225704925,1199.6293906122446,676.9230749341659,484.0783096685396,351,128.64884983328093,0.2657604095530948,157.29299676533944,0.3249329573825397,198.13646306991924,0.40930663306436554,0.18761709926677717,0.220464860881997,-0.015441567347108498,-0.16588632160920114
1.8925,189269,0,4489.999962970614,5689.999787136912,5053.328046335461,1199.999824166298,676.9230749341659,488.1867245081348,338,131.074683071971,0.2684929279960108,158.1800978432082,0.3240155659754578,198.9319435929556,0.4074915060285314,0.18692462976823293,0.20361275943067836,-0.01849304807845692,-0.1652272529159874
1.895,189519,0,4549.999954178929,5749.999778345227,5133.394255259105,1199.999824166298,676.9230749341659,485.92843922256293,338,130.73016590092516,0.2690317243215491,157.17688504620807,0.32345685570014265,198.02138827542964,0.4075114199783082,0.19237630670849615,0.20550614487354746,-0.02028152359561647,-0.16441750806483219
1.8975,189769,0,4609.999945387244,5810.000002384186,5213.481560258561,1200.0000569969416,676.9230749341659,477.3500287043973,338,128.00881074379862,0.26816550339639567,153.6145412323662,0.32180691734595707,195.7266767282325,0.4100275792576473,0.19792675697718098,0.2175354454236179,-0.022388119458611633,-0.16220556825715926
1.9,190019,0,4729.999927803874,5930.000217631459,5294.590252979292,1200.0002898275852,676.9230749341659,479.3752041079614,351,129.70740811383402,0.27057596430169606,154.0337047658281,0.3213218027254029,195.63409122829924,0.40810223297290105,0.1990006800344303,0.23032633701163197,-0.023054020316128354,-0.15768960263082765
1.9025,190269,0,4789.999919012189,5990.000208839774,5375.329926180114,1200.0002898275852,738.4615382761694,481.2082318180808,351,130.7230622049961,0.2716559143452383,154.72524847334705,0.3215349161604543,195.7599211397376,0.4068091694943074,0.2037665955192999,0.2262768541205815,-0.02411225810395129,-0.15551545104171727
1.905,190519,0,4909.999901428819,6050.000200048089,5456.317260656812,1140.0002986192703,738.4615382761694,471.64744782881706,338,127.57451523872227,0.2704870254805768,150.91753522705142,0.319979543877075,193.15539736304333,0.4095334306423481,0.20917269786303283,0.23117993502033912,-0.02577421135251412,-0.15350606568109632
1.9075,190769,0,4969.999892637134,6170.000182464719,5537.556836098324,1200.0002898275852,738.4615382761694,475.9564527669069,351,130.12286249337734,0.273392369694593,152.57209004150351,0.3205589275122688,193.26150023202607,0.4060487027931381,0.21111044982785818,0.23643952362338327,-0.025950974049933906,-0.15147657427021965
1.91,191019,0,5029.9998838454485,6230.000173673034,5618.015301000763,1200.0002898275852,738.4615382761694,474.3640151487448,351,130.07271434970716,0.2742044299227054,151.81122983863946,0.3200310837048559,192.4800709603981,0.40576448637243867,0.21538860125687354,0.2382070168678768,-0.025520798924461185,-0.14725574069219194
1.9125,191269,0,5149.999866262078,6290.000164881349,5698.414785377211,1140.0002986192703,738.4615382761694,464.50030945764087,338,126.7911027486481,0.27296236443134286,148.4681365322927,0.3196297903561073,189.24107017670008,0.40740784521254986,0.22113157090519897,0.24360556825354884,-0.026378952956929713,-0.14501066897399117
1.915,191519,0,5209.999857470393,6410.000147297978,5779.298935654148,1200.0002898275852,738.4615382761694,469.3398929259404,351,129.4360905235669,0.2757832702365049,150.12292060040866,0.31985970692693144,189.78088180196477,0.40435702283656355,0.22264297113860965,0.2481024241883292,-0.02564924530171414,-0.14189274435453203
1.9175,191769,0,5269.999848678708,6470.000138506293,5859.791188445046,1200.0002898275852,738.4615382761694,470.6555553406559,351,129.9695520149391,0.2761457939678804,150.8198939983458,0.32044643325028604,189.866109327371,0.40340777278183354,0.2257188478375124,0.2452468570769463,-0.02415244780961201,-0.13750696721123007
1.92,192019,0,5389.999831095338,6530.000129714608,5940.391538759804,1140.0002986192703,738.4615382761694,458.636644831162,338,126.05214015021953,0.2748409695797926,146.78083481885048,0.3200373028912352,185.803669862092,0.40512172752897213,0.23098017675710975,0.2537772353863661,-0.024398750373819778,-0.1381533668543527
1.9225,192269,0,5449.999822303653,6650.000112131238,6021.269213008515,1200.0002898275852,738.4615382761694,463.5018148297871,338,128.48827153229647,0.27721201389358424,148.52027136709313,0.3204308302905665,186.4932719303975,0.40235715581584913,0.23298841477350068,0.2446133817280031,-0.02259690446992474,-0.13608185587605953
